{
    "type": "FeatureCollection",
    "name": "1_LIMITE_ATIZAPÁN_DE_ZARAGOZA",
    "crs": {
        "type": "name",
        "properties": {
            "name": "urn:ogc:def:crs:OGC:1.3:CRS84"
        }
    },
    "features": [
        {
            "type": "Feature",
            "properties": {
                "ET_ID": 0,
                "OBJECTID": 0,
                "MUNICIPI_2": "ATIZAPÁN DE ZARAGOZA",
                "CVE_IGEC_1": 13.0,
                "NOM_ENT": "México",
                "SUBRGN_URB": null,
                "area": 97.730270616799999
            },
            "geometry": {
                "type": "MultiPolygon",
                "coordinates": [
                    [
                        [
                            [
                                -99.284912977109926,
                                19.587574512175745
                            ],
                            [
                                -99.283796245282801,
                                19.588505466585993
                            ],
                            [
                                -99.283047750997,
                                19.589215823935483
                            ],
                            [
                                -99.280241093730297,
                                19.591608098888468
                            ],
                            [
                                -99.279876167109094,
                                19.591923305751365
                            ],
                            [
                                -99.276383243268768,
                                19.594821132524029
                            ],
                            [
                                -99.27605236747317,
                                19.595031152783228
                            ],
                            [
                                -99.274045352976103,
                                19.59632366896043
                            ],
                            [
                                -99.27391610255718,
                                19.596490939047509
                            ],
                            [
                                -99.273731690121252,
                                19.596606246839254
                            ],
                            [
                                -99.273465499403784,
                                19.596777113389908
                            ],
                            [
                                -99.273447540089293,
                                19.596787319929689
                            ],
                            [
                                -99.273430596585129,
                                19.596818010937156
                            ],
                            [
                                -99.273404591354463,
                                19.596848693095392
                            ],
                            [
                                -99.273334651998937,
                                19.596946219095056
                            ],
                            [
                                -99.273264876779251,
                                19.597013926282767
                            ],
                            [
                                -99.273186131668254,
                                19.597076185970096
                            ],
                            [
                                -99.273098524085867,
                                19.597128845474174
                            ],
                            [
                                -99.273013200856511,
                                19.597168303818815
                            ],
                            [
                                -99.272841591081729,
                                19.597224535322471
                            ],
                            [
                                -99.272731530608922,
                                19.597246598574731
                            ],
                            [
                                -99.272653720055146,
                                19.597296629535251
                            ],
                            [
                                -99.272245297630036,
                                19.597564312371286
                            ],
                            [
                                -99.271501443201487,
                                19.598041477226865
                            ],
                            [
                                -99.271187275277413,
                                19.598240663311497
                            ],
                            [
                                -99.270783428489892,
                                19.598500066199936
                            ],
                            [
                                -99.269503202840113,
                                19.599383713061883
                            ],
                            [
                                -99.269378946466887,
                                19.599680849714215
                            ],
                            [
                                -99.269325584450783,
                                19.599816281353945
                            ],
                            [
                                -99.26896423331938,
                                19.600726743516823
                            ],
                            [
                                -99.268239429800985,
                                19.602578793023124
                            ],
                            [
                                -99.267275840838906,
                                19.605055521984525
                            ],
                            [
                                -99.267258382921426,
                                19.60505023140572
                            ],
                            [
                                -99.267139859600746,
                                19.605410728140864
                            ],
                            [
                                -99.266793208997342,
                                19.606279045054489
                            ],
                            [
                                -99.26646306689959,
                                19.60711967546046
                            ],
                            [
                                -99.266244444115216,
                                19.607694677421815
                            ],
                            [
                                -99.26515614956206,
                                19.607930798173939
                            ],
                            [
                                -99.265054665040594,
                                19.607948634736918
                            ],
                            [
                                -99.264603051456518,
                                19.60802507208388
                            ],
                            [
                                -99.264195826164197,
                                19.608094587741288
                            ],
                            [
                                -99.263379701333406,
                                19.608232726798537
                            ],
                            [
                                -99.261117419153308,
                                19.60850854711865
                            ],
                            [
                                -99.259643756219162,
                                19.608690358027982
                            ],
                            [
                                -99.258266861111025,
                                19.608764808528086
                            ],
                            [
                                -99.256049433783915,
                                19.608530447492583
                            ],
                            [
                                -99.255465736751503,
                                19.608467300372318
                            ],
                            [
                                -99.255224079276616,
                                19.6084416442873
                            ],
                            [
                                -99.255072196849142,
                                19.608422688262007
                            ],
                            [
                                -99.254879170231888,
                                19.608405687189396
                            ],
                            [
                                -99.254430656772684,
                                19.608357527594645
                            ],
                            [
                                -99.253967659719251,
                                19.608350009583649
                            ],
                            [
                                -99.253175680489932,
                                19.6083410696714
                            ],
                            [
                                -99.252141443312951,
                                19.607582928118347
                            ],
                            [
                                -99.250803192024549,
                                19.606589582638119
                            ],
                            [
                                -99.250004792072517,
                                19.606679978874261
                            ],
                            [
                                -99.24737209577755,
                                19.606979576857665
                            ],
                            [
                                -99.245218283049383,
                                19.608900034850485
                            ],
                            [
                                -99.245130562661799,
                                19.608982951395596
                            ],
                            [
                                -99.243583638475158,
                                19.610358568924187
                            ],
                            [
                                -99.243549684352004,
                                19.610320807560601
                            ],
                            [
                                -99.242560119011259,
                                19.611204400591024
                            ],
                            [
                                -99.242337243371608,
                                19.611201692130376
                            ],
                            [
                                -99.242076426918317,
                                19.61142719650281
                            ],
                            [
                                -99.241882243875068,
                                19.611596333008499
                            ],
                            [
                                -99.242033902357363,
                                19.611724622145022
                            ],
                            [
                                -99.241409644882665,
                                19.612226459442805
                            ],
                            [
                                -99.240146532165909,
                                19.61167314381111
                            ],
                            [
                                -99.23994816226066,
                                19.611578754415081
                            ],
                            [
                                -99.239497486021918,
                                19.611350944394975
                            ],
                            [
                                -99.239259490813353,
                                19.61122365160713
                            ],
                            [
                                -99.239215076502376,
                                19.611265567356341
                            ],
                            [
                                -99.239181510166134,
                                19.611250236341338
                            ],
                            [
                                -99.237867874455546,
                                19.610678360762897
                            ],
                            [
                                -99.236536490747767,
                                19.610414075646275
                            ],
                            [
                                -99.235558447604234,
                                19.610279521685356
                            ],
                            [
                                -99.234249962872212,
                                19.609999360400256
                            ],
                            [
                                -99.234125122195465,
                                19.609969490849505
                            ],
                            [
                                -99.232356047395484,
                                19.609527381039321
                            ],
                            [
                                -99.229378512198551,
                                19.608511575174784
                            ],
                            [
                                -99.228804815213309,
                                19.608315727630728
                            ],
                            [
                                -99.228110004853818,
                                19.608079491516751
                            ],
                            [
                                -99.226519935368003,
                                19.607546974567995
                            ],
                            [
                                -99.226502932722568,
                                19.607579381947968
                            ],
                            [
                                -99.220762657377222,
                                19.604871952748667
                            ],
                            [
                                -99.220436384833491,
                                19.604819010183249
                            ],
                            [
                                -99.220160252391409,
                                19.604836801004208
                            ],
                            [
                                -99.219997408731345,
                                19.604709136683095
                            ],
                            [
                                -99.219774994104981,
                                19.604650921299417
                            ],
                            [
                                -99.219241425401052,
                                19.604631101494494
                            ],
                            [
                                -99.218901104115062,
                                19.604619643288689
                            ],
                            [
                                -99.21820156519243,
                                19.604560868987146
                            ],
                            [
                                -99.217854467659237,
                                19.604464340533603
                            ],
                            [
                                -99.217080707813082,
                                19.604319852146009
                            ],
                            [
                                -99.21661071531426,
                                19.603500373383859
                            ],
                            [
                                -99.21654597287133,
                                19.603294899229578
                            ],
                            [
                                -99.216467038177342,
                                19.603115840189769
                            ],
                            [
                                -99.216601838534856,
                                19.602838702902492
                            ],
                            [
                                -99.216570562376958,
                                19.602649894383006
                            ],
                            [
                                -99.216368996952568,
                                19.602252476932861
                            ],
                            [
                                -99.21607750732673,
                                19.601786328320372
                            ],
                            [
                                -99.216113617474448,
                                19.601531649227397
                            ],
                            [
                                -99.215997372600668,
                                19.601265165152203
                            ],
                            [
                                -99.215663733188833,
                                19.600924820358319
                            ],
                            [
                                -99.215203876764377,
                                19.600589058350419
                            ],
                            [
                                -99.214852393477003,
                                19.600422849106685
                            ],
                            [
                                -99.214583968718756,
                                19.600318142201374
                            ],
                            [
                                -99.214254192061489,
                                19.60031107265786
                            ],
                            [
                                -99.214106395226068,
                                19.60025229876376
                            ],
                            [
                                -99.213866494935871,
                                19.600057427748485
                            ],
                            [
                                -99.213772690546165,
                                19.599796574522337
                            ],
                            [
                                -99.21368247134231,
                                19.599596677270451
                            ],
                            [
                                -99.213321455328469,
                                19.598618835816136
                            ],
                            [
                                -99.213172587243179,
                                19.598152823309579
                            ],
                            [
                                -99.213071376482006,
                                19.59795837990638
                            ],
                            [
                                -99.213147045295912,
                                19.597831622686915
                            ],
                            [
                                -99.213108574340566,
                                19.597714229052141
                            ],
                            [
                                -99.212916733821416,
                                19.597592309242742
                            ],
                            [
                                -99.212727713385945,
                                19.597217193154421
                            ],
                            [
                                -99.211757262856352,
                                19.596089032022224
                            ],
                            [
                                -99.211797932557801,
                                19.595633685084682
                            ],
                            [
                                -99.21204066952599,
                                19.595312584486457
                            ],
                            [
                                -99.212977769266317,
                                19.593892663032701
                            ],
                            [
                                -99.213264403333881,
                                19.593456286510456
                            ],
                            [
                                -99.213288593603437,
                                19.593433665266897
                            ],
                            [
                                -99.213375917595201,
                                19.593273154289502
                            ],
                            [
                                -99.213706352746314,
                                19.592791539952561
                            ],
                            [
                                -99.214104593948335,
                                19.592174288722376
                            ],
                            [
                                -99.214497906269159,
                                19.591509597938398
                            ],
                            [
                                -99.214677442593128,
                                19.591211161546141
                            ],
                            [
                                -99.214895983025684,
                                19.590844900595638
                            ],
                            [
                                -99.215293640579944,
                                19.590010758114651
                            ],
                            [
                                -99.216509595127249,
                                19.588170261793078
                            ],
                            [
                                -99.216837140882205,
                                19.587824200893685
                            ],
                            [
                                -99.216995626568959,
                                19.587548380089025
                            ],
                            [
                                -99.217139899960983,
                                19.587340354165139
                            ],
                            [
                                -99.217259640583308,
                                19.587112024309754
                            ],
                            [
                                -99.217379663890426,
                                19.586881434767456
                            ],
                            [
                                -99.217465867793379,
                                19.586673478566816
                            ],
                            [
                                -99.217527539145408,
                                19.586445218541883
                            ],
                            [
                                -99.217531329749448,
                                19.586214769056337
                            ],
                            [
                                -99.217510809125343,
                                19.585986608153348
                            ],
                            [
                                -99.217446333604386,
                                19.585688463062077
                            ],
                            [
                                -99.217328117236491,
                                19.585275160236293
                            ],
                            [
                                -99.217194369950946,
                                19.584656282964136
                            ],
                            [
                                -99.216954433760918,
                                19.584130163157141
                            ],
                            [
                                -99.216733756543192,
                                19.583601760580159
                            ],
                            [
                                -99.216455458438091,
                                19.583120871412788
                            ],
                            [
                                -99.216205926960868,
                                19.582617354646111
                            ],
                            [
                                -99.215917720995193,
                                19.582068698492922
                            ],
                            [
                                -99.215683285683639,
                                19.581657792720488
                            ],
                            [
                                -99.215555916158337,
                                19.581382314617084
                            ],
                            [
                                -99.215306485545071,
                                19.5808787963432
                            ],
                            [
                                -99.215130937122026,
                                19.580580782751795
                            ],
                            [
                                -99.214779368486973,
                                19.579987014838327
                            ],
                            [
                                -99.214681333023748,
                                19.579756686429754
                            ],
                            [
                                -99.214471026808241,
                                19.579345750204965
                            ],
                            [
                                -99.214329108845519,
                                19.579025103108304
                            ],
                            [
                                -99.214241303729509,
                                19.578887392181151
                            ],
                            [
                                -99.214153683675875,
                                19.578817458972125
                            ],
                            [
                                -99.213876909459046,
                                19.578612194112289
                            ],
                            [
                                -99.213667858087405,
                                19.578499478533118
                            ],
                            [
                                -99.213483248317985,
                                19.578339289192368
                            ],
                            [
                                -99.213380826691477,
                                19.57817900245999
                            ],
                            [
                                -99.213258674936839,
                                19.577950960997107
                            ],
                            [
                                -99.213194240297597,
                                19.577675406646335
                            ],
                            [
                                -99.213072187150473,
                                19.577583865691722
                            ],
                            [
                                -99.213024202495149,
                                19.577526639446283
                            ],
                            [
                                -99.212833532227833,
                                19.577202955284267
                            ],
                            [
                                -99.212288045456617,
                                19.576276921914378
                            ],
                            [
                                -99.2122261897497,
                                19.575380485753271
                            ],
                            [
                                -99.212168595029624,
                                19.574545791725832
                            ],
                            [
                                -99.212135710369736,
                                19.574069205147893
                            ],
                            [
                                -99.212372735788563,
                                19.574029918569206
                            ],
                            [
                                -99.215234119645359,
                                19.573055042958401
                            ],
                            [
                                -99.214733969644485,
                                19.571772374842926
                            ],
                            [
                                -99.214469119745431,
                                19.571131057733314
                            ],
                            [
                                -99.214243707473997,
                                19.570534878718522
                            ],
                            [
                                -99.214129458191124,
                                19.570006345550443
                            ],
                            [
                                -99.213981593224148,
                                19.569434926034113
                            ],
                            [
                                -99.213773560988486,
                                19.568495316835026
                            ],
                            [
                                -99.213601947077706,
                                19.568059481152918
                            ],
                            [
                                -99.21341574719608,
                                19.567623662527538
                            ],
                            [
                                -99.213141345857991,
                                19.566959761678202
                            ],
                            [
                                -99.212755907119032,
                                19.566318583961088
                            ],
                            [
                                -99.213622340211643,
                                19.566315301279129
                            ],
                            [
                                -99.214702451029524,
                                19.566402131148209
                            ],
                            [
                                -99.216910887045898,
                                19.566553120836311
                            ],
                            [
                                -99.217061045325408,
                                19.566552940311841
                            ],
                            [
                                -99.217162326711417,
                                19.566505373832232
                            ],
                            [
                                -99.21723930428179,
                                19.566392317753529
                            ],
                            [
                                -99.217392116371187,
                                19.56595383559306
                            ],
                            [
                                -99.217444276737695,
                                19.565748179284007
                            ],
                            [
                                -99.217477429969435,
                                19.565587731239869
                            ],
                            [
                                -99.217442669213568,
                                19.565402513056224
                            ],
                            [
                                -99.217315377868502,
                                19.565106702101257
                            ],
                            [
                                -99.217124404647876,
                                19.564670892961342
                            ],
                            [
                                -99.216913355904055,
                                19.564122144242766
                            ],
                            [
                                -99.21671764828919,
                                19.563708932991442
                            ],
                            [
                                -99.216633983031159,
                                19.563548189711604
                            ],
                            [
                                -99.216254096680188,
                                19.563098955921788
                            ],
                            [
                                -99.215680987795736,
                                19.562421220926652
                            ],
                            [
                                -99.213863295492644,
                                19.560573041549151
                            ],
                            [
                                -99.21328079589,
                                19.55924408602932
                            ],
                            [
                                -99.212959383571345,
                                19.558510783042479
                            ],
                            [
                                -99.212339681758081,
                                19.557044249138759
                            ],
                            [
                                -99.211970967695507,
                                19.556115909041225
                            ],
                            [
                                -99.211245112043386,
                                19.555112081315759
                            ],
                            [
                                -99.210555925772269,
                                19.554277093476561
                            ],
                            [
                                -99.210420128143582,
                                19.554115593035473
                            ],
                            [
                                -99.210535963070583,
                                19.553861402665717
                            ],
                            [
                                -99.210827933904781,
                                19.553936087639883
                            ],
                            [
                                -99.210999334402374,
                                19.553647693246454
                            ],
                            [
                                -99.211672050900575,
                                19.553431679846895
                            ],
                            [
                                -99.212194008630945,
                                19.553726006803693
                            ],
                            [
                                -99.214568186051707,
                                19.555497113414184
                            ],
                            [
                                -99.214711826027056,
                                19.555604264770615
                            ],
                            [
                                -99.217054511161038,
                                19.55738602548233
                            ],
                            [
                                -99.217091845408149,
                                19.557321899562201
                            ],
                            [
                                -99.218653502129683,
                                19.558688557859792
                            ],
                            [
                                -99.220511434856817,
                                19.559597070555753
                            ],
                            [
                                -99.221059483604407,
                                19.559295988122486
                            ],
                            [
                                -99.2210995164927,
                                19.559133812349387
                            ],
                            [
                                -99.219900889522123,
                                19.558401268534016
                            ],
                            [
                                -99.219581754657796,
                                19.558220049862708
                            ],
                            [
                                -99.219472952117087,
                                19.558158266819394
                            ],
                            [
                                -99.219422531976392,
                                19.558082033077739
                            ],
                            [
                                -99.21992603667077,
                                19.557394194947914
                            ],
                            [
                                -99.220064775425456,
                                19.557204662564459
                            ],
                            [
                                -99.220143227815541,
                                19.557037817654486
                            ],
                            [
                                -99.22054023303204,
                                19.556483438304195
                            ],
                            [
                                -99.220757489808165,
                                19.556180058279267
                            ],
                            [
                                -99.221116924941256,
                                19.555678135594196
                            ],
                            [
                                -99.22153229413837,
                                19.555055049429516
                            ],
                            [
                                -99.22144642922531,
                                19.554440875832451
                            ],
                            [
                                -99.221178741215212,
                                19.553225006073493
                            ],
                            [
                                -99.221109062052037,
                                19.552908512135254
                            ],
                            [
                                -99.223884726433937,
                                19.551840310633736
                            ],
                            [
                                -99.224322053279622,
                                19.551735243528444
                            ],
                            [
                                -99.224642720768855,
                                19.551701882154926
                            ],
                            [
                                -99.225059144770057,
                                19.55150089865656
                            ],
                            [
                                -99.225468430768444,
                                19.550777498679867
                            ],
                            [
                                -99.225641335986822,
                                19.550060241450481
                            ],
                            [
                                -99.225704268932674,
                                19.549799177118256
                            ],
                            [
                                -99.22573501287232,
                                19.548857559777524
                            ],
                            [
                                -99.225570974314678,
                                19.548203062634471
                            ],
                            [
                                -99.225441039559342,
                                19.547855664946354
                            ],
                            [
                                -99.225203129688026,
                                19.547436845538414
                            ],
                            [
                                -99.224852986855922,
                                19.546769032526921
                            ],
                            [
                                -99.224693724353131,
                                19.54631825098873
                            ],
                            [
                                -99.224758619580811,
                                19.546183262008228
                            ],
                            [
                                -99.224742114319199,
                                19.54601368338334
                            ],
                            [
                                -99.224974282761991,
                                19.545700929186555
                            ],
                            [
                                -99.225356601797145,
                                19.545066920042444
                            ],
                            [
                                -99.228422295342554,
                                19.545148055718276
                            ],
                            [
                                -99.228974936526214,
                                19.545184114575285
                            ],
                            [
                                -99.230402079552576,
                                19.545204821033582
                            ],
                            [
                                -99.230950754363064,
                                19.545133784431638
                            ],
                            [
                                -99.231350354727596,
                                19.545050741485024
                            ],
                            [
                                -99.231991944841567,
                                19.543881999763155
                            ],
                            [
                                -99.232782444404762,
                                19.542460354912393
                            ],
                            [
                                -99.233096455836417,
                                19.541899888312756
                            ],
                            [
                                -99.23300974959092,
                                19.54165310611948
                            ],
                            [
                                -99.232896000881382,
                                19.541555315245734
                            ],
                            [
                                -99.232191924491346,
                                19.541220001463294
                            ],
                            [
                                -99.231388615069278,
                                19.540837423235381
                            ],
                            [
                                -99.230242003481706,
                                19.540269362272046
                            ],
                            [
                                -99.229361015475902,
                                19.539832890381906
                            ],
                            [
                                -99.228735172272295,
                                19.539521528032246
                            ],
                            [
                                -99.228515448858474,
                                19.539401330656812
                            ],
                            [
                                -99.229939210923774,
                                19.537163344626535
                            ],
                            [
                                -99.230218814383335,
                                19.533195348281787
                            ],
                            [
                                -99.23229622999979,
                                19.533291426281274
                            ],
                            [
                                -99.234284976844307,
                                19.530234787411366
                            ],
                            [
                                -99.234528064280966,
                                19.530382620318147
                            ],
                            [
                                -99.23476286507362,
                                19.530393023047456
                            ],
                            [
                                -99.235173445942422,
                                19.529812765417628
                            ],
                            [
                                -99.235543854314443,
                                19.529289277635737
                            ],
                            [
                                -99.235931821994697,
                                19.52856594487287
                            ],
                            [
                                -99.236233274364849,
                                19.527989046445686
                            ],
                            [
                                -99.236461137447506,
                                19.527552975003033
                            ],
                            [
                                -99.236396710326844,
                                19.527317171690065
                            ],
                            [
                                -99.23604346044452,
                                19.527239542763969
                            ],
                            [
                                -99.235981623679137,
                                19.527089482965071
                            ],
                            [
                                -99.236004948366656,
                                19.526460032540879
                            ],
                            [
                                -99.236017633621856,
                                19.525666608403402
                            ],
                            [
                                -99.237159885849067,
                                19.525977476224988
                            ],
                            [
                                -99.23808109178286,
                                19.526478219463733
                            ],
                            [
                                -99.23863546674005,
                                19.526906619233397
                            ],
                            [
                                -99.239070598371256,
                                19.527124625220559
                            ],
                            [
                                -99.239649577313628,
                                19.527414697825453
                            ],
                            [
                                -99.240334989984305,
                                19.527279709463244
                            ],
                            [
                                -99.24129289745818,
                                19.527433139497941
                            ],
                            [
                                -99.242033964696304,
                                19.52666686531769
                            ],
                            [
                                -99.241750459398702,
                                19.524920164797855
                            ],
                            [
                                -99.241685679542186,
                                19.52452104495411
                            ],
                            [
                                -99.24208807141494,
                                19.524345172880615
                            ],
                            [
                                -99.242490939801456,
                                19.524489025436871
                            ],
                            [
                                -99.243100607367253,
                                19.524653226647555
                            ],
                            [
                                -99.243536449163429,
                                19.524860039812193
                            ],
                            [
                                -99.243844214616075,
                                19.525137161872138
                            ],
                            [
                                -99.244360302913435,
                                19.525474065638967
                            ],
                            [
                                -99.244930036949484,
                                19.525424288659018
                            ],
                            [
                                -99.2452441123352,
                                19.525436528469626
                            ],
                            [
                                -99.24594186653681,
                                19.52525789530393
                            ],
                            [
                                -99.246158877381049,
                                19.524834736519789
                            ],
                            [
                                -99.246465656560034,
                                19.5245521266542
                            ],
                            [
                                -99.246865255555932,
                                19.524184007444404
                            ],
                            [
                                -99.247488242179173,
                                19.523996013339001
                            ],
                            [
                                -99.24778131452409,
                                19.523500552167185
                            ],
                            [
                                -99.247771585817347,
                                19.522749304290986
                            ],
                            [
                                -99.247848141811005,
                                19.522262100258118
                            ],
                            [
                                -99.247914493644529,
                                19.52174875286989
                            ],
                            [
                                -99.247759594323583,
                                19.521556400827787
                            ],
                            [
                                -99.246978949507593,
                                19.52141829088669
                            ],
                            [
                                -99.246269071261978,
                                19.52132766646573
                            ],
                            [
                                -99.245065458887836,
                                19.521139609827006
                            ],
                            [
                                -99.245079482813992,
                                19.520455583467331
                            ],
                            [
                                -99.245421298884807,
                                19.519798907267226
                            ],
                            [
                                -99.246435252178955,
                                19.519260858521822
                            ],
                            [
                                -99.247752458069442,
                                19.518561534960519
                            ],
                            [
                                -99.249238398116702,
                                19.518400632986626
                            ],
                            [
                                -99.250104183668668,
                                19.518306877402228
                            ],
                            [
                                -99.250733763663519,
                                19.518569569573632
                            ],
                            [
                                -99.253218324860981,
                                19.519606222530221
                            ],
                            [
                                -99.253307262159595,
                                19.519643329653
                            ],
                            [
                                -99.254727064213981,
                                19.519552040793357
                            ],
                            [
                                -99.255291268317549,
                                19.519492473733333
                            ],
                            [
                                -99.25586794765205,
                                19.519479904466937
                            ],
                            [
                                -99.256776674515194,
                                19.519625669809294
                            ],
                            [
                                -99.257510232409984,
                                19.520334820398947
                            ],
                            [
                                -99.257584050332923,
                                19.520406181700466
                            ],
                            [
                                -99.257845577071464,
                                19.521087557701208
                            ],
                            [
                                -99.258129685972463,
                                19.521868111575696
                            ],
                            [
                                -99.259222655190769,
                                19.521355937503635
                            ],
                            [
                                -99.259779499047838,
                                19.520294747778159
                            ],
                            [
                                -99.260411883440923,
                                19.518669799923192
                            ],
                            [
                                -99.261221195129778,
                                19.518144018030029
                            ],
                            [
                                -99.262186387307523,
                                19.517597421725352
                            ],
                            [
                                -99.262619122153225,
                                19.517238638935037
                            ],
                            [
                                -99.264080626397899,
                                19.517298387771763
                            ],
                            [
                                -99.265397748448393,
                                19.517352223852406
                            ],
                            [
                                -99.267170918287874,
                                19.517408286912882
                            ],
                            [
                                -99.266022297961939,
                                19.518467625877562
                            ],
                            [
                                -99.266044727368666,
                                19.519404883846413
                            ],
                            [
                                -99.265978706402706,
                                19.51963076172731
                            ],
                            [
                                -99.26594347345366,
                                19.519751304139756
                            ],
                            [
                                -99.265870355715819,
                                19.520001461114759
                            ],
                            [
                                -99.265313844862575,
                                19.521170128613708
                            ],
                            [
                                -99.265378755837105,
                                19.521529230836499
                            ],
                            [
                                -99.265816457724682,
                                19.521814469764983
                            ],
                            [
                                -99.266203563991496,
                                19.522048846571579
                            ],
                            [
                                -99.266319378698896,
                                19.52257224755601
                            ],
                            [
                                -99.266256951054828,
                                19.522975936724663
                            ],
                            [
                                -99.266161186395919,
                                19.52359519632622
                            ],
                            [
                                -99.265879643157078,
                                19.524102486968467
                            ],
                            [
                                -99.2649567426066,
                                19.524723000345933
                            ],
                            [
                                -99.263865204376984,
                                19.525047417549292
                            ],
                            [
                                -99.262940793588967,
                                19.52527561778011
                            ],
                            [
                                -99.263085877108793,
                                19.525589699383207
                            ],
                            [
                                -99.263467821448174,
                                19.52643276889604
                            ],
                            [
                                -99.264009813159362,
                                19.527016541746178
                            ],
                            [
                                -99.265798426953396,
                                19.526768655314832
                            ],
                            [
                                -99.266389816117083,
                                19.526661784292923
                            ],
                            [
                                -99.267048726978501,
                                19.526425805143298
                            ],
                            [
                                -99.268427338487314,
                                19.525932790875736
                            ],
                            [
                                -99.269033796059361,
                                19.52550636711835
                            ],
                            [
                                -99.269998642737761,
                                19.52487671120058
                            ],
                            [
                                -99.271294711122991,
                                19.524013087980492
                            ],
                            [
                                -99.272637783523166,
                                19.523297222747495
                            ],
                            [
                                -99.272661213551729,
                                19.529525111120584
                            ],
                            [
                                -99.275064505340652,
                                19.531044489354365
                            ],
                            [
                                -99.278311462726705,
                                19.533097142096796
                            ],
                            [
                                -99.278527243641335,
                                19.533027284356983
                            ],
                            [
                                -99.278820164851325,
                                19.533216240582295
                            ],
                            [
                                -99.278839009202756,
                                19.533174415332109
                            ],
                            [
                                -99.279090771493188,
                                19.533264865069285
                            ],
                            [
                                -99.27927037322732,
                                19.533196458998024
                            ],
                            [
                                -99.279730230387543,
                                19.533728839409218
                            ],
                            [
                                -99.279970149697945,
                                19.533898789231657
                            ],
                            [
                                -99.280761445439296,
                                19.534204140015671
                            ],
                            [
                                -99.280917045574554,
                                19.534113060257734
                            ],
                            [
                                -99.280844509916548,
                                19.533738466081271
                            ],
                            [
                                -99.281107584575992,
                                19.534078464874252
                            ],
                            [
                                -99.281107935077799,
                                19.534078472742166
                            ],
                            [
                                -99.28110777444104,
                                19.534073478476145
                            ],
                            [
                                -99.281055071458169,
                                19.533913152382944
                            ],
                            [
                                -99.280992836695248,
                                19.533752841089626
                            ],
                            [
                                -99.280978664618772,
                                19.53366023311435
                            ],
                            [
                                -99.280998525261467,
                                19.533569831497896
                            ],
                            [
                                -99.281051973240722,
                                19.533499711070526
                            ],
                            [
                                -99.28112942825878,
                                19.533476997926957
                            ],
                            [
                                -99.281211675099016,
                                19.533524314618493
                            ],
                            [
                                -99.281278922767754,
                                19.533662025353422
                            ],
                            [
                                -99.28136054663959,
                                19.533844899048724
                            ],
                            [
                                -99.281403639731423,
                                19.533960054646535
                            ],
                            [
                                -99.281480458798086,
                                19.53412034307641
                            ],
                            [
                                -99.281581532161439,
                                19.534305445634022
                            ],
                            [
                                -99.281615132775229,
                                19.53444320864342
                            ],
                            [
                                -99.281628963177383,
                                19.534558409770252
                            ],
                            [
                                -99.281594657305206,
                                19.534673685900525
                            ],
                            [
                                -99.281561020609402,
                                19.534725901606912
                            ],
                            [
                                -99.281561364426892,
                                19.534726506845935
                            ],
                            [
                                -99.281948640891159,
                                19.534804093661322
                            ],
                            [
                                -99.282332038561975,
                                19.53490644642509
                            ],
                            [
                                -99.282364001180966,
                                19.534922912988925
                            ],
                            [
                                -99.282470985329653,
                                19.534814652278218
                            ],
                            [
                                -99.282602545898342,
                                19.534606593955669
                            ],
                            [
                                -99.282738465324144,
                                19.53449341797474
                            ],
                            [
                                -99.282889171741047,
                                19.534332774119292
                            ],
                            [
                                -99.283010585628261,
                                19.534264805999356
                            ],
                            [
                                -99.283200293606399,
                                19.534058915449258
                            ],
                            [
                                -99.283321792172103,
                                19.533875724317525
                            ],
                            [
                                -99.283419046505387,
                                19.533782941846699
                            ],
                            [
                                -99.283554797013352,
                                19.533737543562978
                            ],
                            [
                                -99.283651926901669,
                                19.533737391154229
                            ],
                            [
                                -99.283762685547927,
                                19.533899884594909
                            ],
                            [
                                -99.283790782493625,
                                19.534105433866348
                            ],
                            [
                                -99.283804283246198,
                                19.534358450674464
                            ],
                            [
                                -99.283856825499996,
                                19.534588813482124
                            ],
                            [
                                -99.283933949581666,
                                19.534703914993749
                            ],
                            [
                                -99.284049268203447,
                                19.534911586421622
                            ],
                            [
                                -99.284063477701423,
                                19.535024527473379
                            ],
                            [
                                -99.28403384413221,
                                19.535139796699141
                            ],
                            [
                                -99.283980268943083,
                                19.535300288893033
                            ],
                            [
                                -99.283916740900295,
                                19.535438204029315
                            ],
                            [
                                -99.283829096814372,
                                19.535576157018031
                            ],
                            [
                                -99.283803378950623,
                                19.535694814476685
                            ],
                            [
                                -99.284017578328786,
                                19.5357524484034
                            ],
                            [
                                -99.284272852074224,
                                19.535748131684162
                            ],
                            [
                                -99.284288442157035,
                                19.535738102293944
                            ],
                            [
                                -99.284399943212222,
                                19.535670148839007
                            ],
                            [
                                -99.284502003544915,
                                19.535599950910346
                            ],
                            [
                                -99.284584717812606,
                                19.535532042656861
                            ],
                            [
                                -99.284779230823887,
                                19.53534873559234
                            ],
                            [
                                -99.28490541064221,
                                19.5352807586975
                            ],
                            [
                                -99.285089640041733,
                                19.535212690154431
                            ],
                            [
                                -99.285215406370511,
                                19.535235084395605
                            ],
                            [
                                -99.285281407187668,
                                19.535272189809774
                            ],
                            [
                                -99.285351953824431,
                                19.535215428297935
                            ],
                            [
                                -99.285740544688423,
                                19.535452844127065
                            ],
                            [
                                -99.286244220577629,
                                19.536209414281494
                            ],
                            [
                                -99.286295370983154,
                                19.536259423213711
                            ],
                            [
                                -99.28630145969457,
                                19.536250037407864
                            ],
                            [
                                -99.286368012627037,
                                19.536152783478304
                            ],
                            [
                                -99.286507123736058,
                                19.536012488434693
                            ],
                            [
                                -99.286637211450198,
                                19.535944504142574
                            ],
                            [
                                -99.286816584350106,
                                19.535987145631061
                            ],
                            [
                                -99.286957671036802,
                                19.536102144280036
                            ],
                            [
                                -99.287060013980806,
                                19.536192352424333
                            ],
                            [
                                -99.287239446625364,
                                19.536214659990737
                            ],
                            [
                                -99.287345358820559,
                                19.536167047017109
                            ],
                            [
                                -99.287494832282576,
                                19.536119364689103
                            ],
                            [
                                -99.287663619640966,
                                19.536051318094561
                            ],
                            [
                                -99.287779047004619,
                                19.536050434435406
                            ],
                            [
                                -99.287780147834809,
                                19.536047479708341
                            ],
                            [
                                -99.288295584678366,
                                19.535827852325543
                            ],
                            [
                                -99.288295629182343,
                                19.535827837473779
                            ],
                            [
                                -99.288271074412719,
                                19.535770201074698
                            ],
                            [
                                -99.288120253301116,
                                19.535702663578185
                            ],
                            [
                                -99.287858945294076,
                                19.535682746576803
                            ],
                            [
                                -99.287611565373481,
                                19.535615362425101
                            ],
                            [
                                -99.287523436497366,
                                19.535477687365994
                            ],
                            [
                                -99.287570932428565,
                                19.535384981848104
                            ],
                            [
                                -99.287706111146434,
                                19.53533958136207
                            ],
                            [
                                -99.287996220360952,
                                19.535314267357929
                            ],
                            [
                                -99.288218366530913,
                                19.535289061286743
                            ],
                            [
                                -99.288406132419382,
                                19.535173539131804
                            ],
                            [
                                -99.288529924602727,
                                19.534942896309627
                            ],
                            [
                                -99.288625200909323,
                                19.53475748428324
                            ],
                            [
                                -99.288783758020628,
                                19.534619415711958
                            ],
                            [
                                -99.288928874183171,
                                19.534641776450744
                            ],
                            [
                                -99.289016959563412,
                                19.53475459896174
                            ],
                            [
                                -99.289081996180386,
                                19.534984940175928
                            ],
                            [
                                -99.289078739891295,
                                19.535190538671923
                            ],
                            [
                                -99.289132895884435,
                                19.535305674649667
                            ],
                            [
                                -99.289249457018386,
                                19.535350673470887
                            ],
                            [
                                -99.289429160146909,
                                19.535418163774562
                            ],
                            [
                                -99.289459607279227,
                                19.535601115617066
                            ],
                            [
                                -99.289426736574114,
                                19.535716390863239
                            ],
                            [
                                -99.289297808639319,
                                19.535899597893945
                            ],
                            [
                                -99.28925511978926,
                                19.536014888823519
                            ],
                            [
                                -99.289328486602841,
                                19.536105142045994
                            ],
                            [
                                -99.289604709695368,
                                19.536149884943381
                            ],
                            [
                                -99.289856486612308,
                                19.536169814695604
                            ],
                            [
                                -99.290030731946345,
                                19.536169535141568
                            ],
                            [
                                -99.290154055410454,
                                19.536133517394806
                            ],
                            [
                                -99.290271862226462,
                                19.536099110742345
                            ],
                            [
                                -99.290401903966639,
                                19.53600627190032
                            ],
                            [
                                -99.290536656648214,
                                19.535936018056855
                            ],
                            [
                                -99.290681693353889,
                                19.535913192168056
                            ],
                            [
                                -99.290763257271678,
                                19.535843023699702
                            ],
                            [
                                -99.290815803403063,
                                19.535750309227051
                            ],
                            [
                                -99.290901670980276,
                                19.535634948441825
                            ],
                            [
                                -99.291026157329924,
                                19.535474340101544
                            ],
                            [
                                -99.291160597176102,
                                19.535336308305414
                            ],
                            [
                                -99.291271640581229,
                                19.535333870108627
                            ],
                            [
                                -99.291383436321908,
                                19.535378875226563
                            ],
                            [
                                -99.291455838780337,
                                19.535356165814285
                            ],
                            [
                                -99.291498606975651,
                                19.535286059577516
                            ],
                            [
                                -99.291487548026538,
                                19.535125669493453
                            ],
                            [
                                -99.291418770075154,
                                19.534990224415921
                            ],
                            [
                                -99.291441780788617,
                                19.534852372050182
                            ],
                            [
                                -99.291552552123392,
                                19.534804748791679
                            ],
                            [
                                -99.29164449477463,
                                19.534782007782628
                            ],
                            [
                                -99.291740641567415,
                                19.53471181534281
                            ],
                            [
                                -99.2918440511135,
                                19.534917241642681
                            ],
                            [
                                -99.291850644142201,
                                19.534939848260521
                            ],
                            [
                                -99.291856424265788,
                                19.534932723926747
                            ],
                            [
                                -99.292131107140918,
                                19.534594160601653
                            ],
                            [
                                -99.29213471191494,
                                19.534592780208971
                            ],
                            [
                                -99.292095325838673,
                                19.534340722742126
                            ],
                            [
                                -99.292030615865713,
                                19.534135234046829
                            ],
                            [
                                -99.291994706465317,
                                19.533884513460066
                            ],
                            [
                                -99.292056044717526,
                                19.5336991544802
                            ],
                            [
                                -99.292214175939066,
                                19.533538490947787
                            ],
                            [
                                -99.292398276895881,
                                19.533560785876094
                            ],
                            [
                                -99.292544549164944,
                                19.533696105184827
                            ],
                            [
                                -99.29255616700226,
                                19.533901679647176
                            ],
                            [
                                -99.292543482603165,
                                19.534109552707982
                            ],
                            [
                                -99.29252088092133,
                                19.534315182548376
                            ],
                            [
                                -99.292534584141407,
                                19.534385795205594
                            ],
                            [
                                -99.292534701494702,
                                19.534385708618561
                            ],
                            [
                                -99.292649971320245,
                                19.534368493084955
                            ],
                            [
                                -99.294048401682304,
                                19.53416640789963
                            ],
                            [
                                -99.294232873947138,
                                19.534443820856183
                            ],
                            [
                                -99.294350099065554,
                                19.534502228933665
                            ],
                            [
                                -99.294654423225168,
                                19.534411446645326
                            ],
                            [
                                -99.294926439048055,
                                19.534088640459288
                            ],
                            [
                                -99.29522303823488,
                                19.533958322001091
                            ],
                            [
                                -99.295589250239559,
                                19.533671684483526
                            ],
                            [
                                -99.295740187509196,
                                19.533419792556096
                            ],
                            [
                                -99.295848193087224,
                                19.533006170066834
                            ],
                            [
                                -99.295782274864749,
                                19.532662869457901
                            ],
                            [
                                -99.295788385074147,
                                19.532249413690025
                            ],
                            [
                                -99.295689919915105,
                                19.531515313132427
                            ],
                            [
                                -99.295716869689187,
                                19.531239638498178
                            ],
                            [
                                -99.295773895543149,
                                19.531149174524053
                            ],
                            [
                                -99.295913366558949,
                                19.531056316317326
                            ],
                            [
                                -99.29602949895876,
                                19.531055206766474
                            ],
                            [
                                -99.296016808558605,
                                19.530992472478324
                            ],
                            [
                                -99.29635910680004,
                                19.530883716438073
                            ],
                            [
                                -99.296679559290908,
                                19.531315972030594
                            ],
                            [
                                -99.297912149717718,
                                19.531097554168017
                            ],
                            [
                                -99.297916934928111,
                                19.531133175277301
                            ],
                            [
                                -99.297928490865388,
                                19.531131468083892
                            ],
                            [
                                -99.298255678199808,
                                19.531659603101915
                            ],
                            [
                                -99.298571851264342,
                                19.531247483234143
                            ],
                            [
                                -99.298573121901427,
                                19.531247259820585
                            ],
                            [
                                -99.29861370133014,
                                19.531103838706482
                            ],
                            [
                                -99.298558516199279,
                                19.53089833661932
                            ],
                            [
                                -99.298460563093485,
                                19.530760683123798
                            ],
                            [
                                -99.298420985576413,
                                19.530645525874416
                            ],
                            [
                                -99.298545966462513,
                                19.530552689574492
                            ],
                            [
                                -99.298652572208425,
                                19.530575106140997
                            ],
                            [
                                -99.298764039142725,
                                19.530597514609742
                            ],
                            [
                                -99.298850184301443,
                                19.53048214961931
                            ],
                            [
                                -99.298916325021693,
                                19.53032163233798
                            ],
                            [
                                -99.299021076846117,
                                19.530113606568086
                            ],
                            [
                                -99.299121108329956,
                                19.52993044047923
                            ],
                            [
                                -99.299186506118659,
                                19.529677294392354
                            ],
                            [
                                -99.299175493770562,
                                19.529494312017839
                            ],
                            [
                                -99.299065778442511,
                                19.529128492346953
                            ],
                            [
                                -99.298976573709496,
                                19.528875602013798
                            ],
                            [
                                -99.299023596779236,
                                19.528737708959071
                            ],
                            [
                                -99.299195979985427,
                                19.528506978515839
                            ],
                            [
                                -99.299339474185984,
                                19.528323740350952
                            ],
                            [
                                -99.299573599108953,
                                19.527977684689038
                            ],
                            [
                                -99.299653537012588,
                                19.527701921631035
                            ],
                            [
                                -99.299668704283121,
                                19.527243265266225
                            ],
                            [
                                -99.299786223248532,
                                19.526827365268783
                            ],
                            [
                                -99.29994322796972,
                                19.526528881580681
                            ],
                            [
                                -99.300131470008878,
                                19.526329487969239
                            ],
                            [
                                -99.300095212208703,
                                19.526268432145887
                            ],
                            [
                                -99.301034621957641,
                                19.524850952396235
                            ],
                            [
                                -99.302402136841408,
                                19.52355032617362
                            ],
                            [
                                -99.302992735969781,
                                19.523363081857791
                            ],
                            [
                                -99.303044202736814,
                                19.523157402256771
                            ],
                            [
                                -99.303067572217358,
                                19.523064733116055
                            ],
                            [
                                -99.303168705506465,
                                19.523017118962837
                            ],
                            [
                                -99.303308963167524,
                                19.522994291075531
                            ],
                            [
                                -99.303424404161873,
                                19.522901467427566
                            ],
                            [
                                -99.303515307593216,
                                19.522786092218023
                            ],
                            [
                                -99.303567514155688,
                                19.52267078193071
                            ],
                            [
                                -99.303604439437805,
                                19.522487719254034
                            ],
                            [
                                -99.303651040038645,
                                19.522279788375023
                            ],
                            [
                                -99.303636338611057,
                                19.521705959031081
                            ],
                            [
                                -99.303620090721466,
                                19.521477800250356
                            ],
                            [
                                -99.303544809709436,
                                19.521179703252542
                            ],
                            [
                                -99.303489579746866,
                                19.520951609873332
                            ],
                            [
                                -99.303323217284074,
                                19.52072370290561
                            ],
                            [
                                -99.30325919713863,
                                19.520585994912768
                            ],
                            [
                                -99.303423650689439,
                                19.520608311743231
                            ],
                            [
                                -99.303653574753469,
                                19.520881297266534
                            ],
                            [
                                -99.304004724717956,
                                19.521199264088505
                            ],
                            [
                                -99.304145810381371,
                                19.521314249519577
                            ],
                            [
                                -99.304339383539144,
                                19.521311664580388
                            ],
                            [
                                -99.304392254026439,
                                19.52120431398302
                            ],
                            [
                                -99.304429586656681,
                                19.521128512050307
                            ],
                            [
                                -99.304409450859339,
                                19.521013323281746
                            ],
                            [
                                -99.304359313528806,
                                19.520807814285192
                            ],
                            [
                                -99.304357441734169,
                                19.520622557456484
                            ],
                            [
                                -99.304365814733004,
                                19.520462135331009
                            ],
                            [
                                -99.304422743203759,
                                19.52032422415482
                            ],
                            [
                                -99.304664546663432,
                                19.520323816954633
                            ],
                            [
                                -99.304971907241708,
                                19.520619262996149
                            ],
                            [
                                -99.305055230351101,
                                19.520732085857155
                            ],
                            [
                                -99.305211227277923,
                                19.520869637983512
                            ],
                            [
                                -99.305374893064879,
                                19.520776731701879
                            ],
                            [
                                -99.305417280645955,
                                19.520661437458603
                            ],
                            [
                                -99.305454860175786,
                                19.520523558646701
                            ],
                            [
                                -99.305540995305236,
                                19.520408190475138
                            ],
                            [
                                -99.305778124385071,
                                19.520405530414109
                            ],
                            [
                                -99.305923558409589,
                                19.520450469806168
                            ],
                            [
                                -99.306330097471047,
                                19.520470115036261
                            ],
                            [
                                -99.3065005392979,
                                19.520417193431488
                            ],
                            [
                                -99.306758810962819,
                                19.519667578542716
                            ],
                            [
                                -99.307966972039168,
                                19.519491345244525
                            ],
                            [
                                -99.3072584005875,
                                19.517632935092806
                            ],
                            [
                                -99.309062953946764,
                                19.517511678360947
                            ],
                            [
                                -99.308956412272835,
                                19.516703247369307
                            ],
                            [
                                -99.311589008784182,
                                19.517177678932427
                            ],
                            [
                                -99.312522051367949,
                                19.517760758607185
                            ],
                            [
                                -99.314015915354148,
                                19.51741035104142
                            ],
                            [
                                -99.314027962476104,
                                19.517409916087075
                            ],
                            [
                                -99.314029228384229,
                                19.517406899296653
                            ],
                            [
                                -99.313993658011256,
                                19.517199108462261
                            ],
                            [
                                -99.313993328459389,
                                19.517176516361189
                            ],
                            [
                                -99.314027214781376,
                                19.517153864857217
                            ],
                            [
                                -99.314195637140287,
                                19.517060942401681
                            ],
                            [
                                -99.314196059798917,
                                19.517060941667463
                            ],
                            [
                                -99.314185005856714,
                                19.516991164559862
                            ],
                            [
                                -99.314736088319222,
                                19.516890684936829
                            ],
                            [
                                -99.314999840994389,
                                19.51753089586007
                            ],
                            [
                                -99.316470070337985,
                                19.51760919071706
                            ],
                            [
                                -99.316950053601644,
                                19.518068637265554
                            ],
                            [
                                -99.317216357678518,
                                19.517839635299385
                            ],
                            [
                                -99.317176909599368,
                                19.517747074551796
                            ],
                            [
                                -99.317050492808718,
                                19.517679518202041
                            ],
                            [
                                -99.316987214776645,
                                19.517634443782082
                            ],
                            [
                                -99.316952536734547,
                                19.517544133887867
                            ],
                            [
                                -99.316980992919483,
                                19.517474046749957
                            ],
                            [
                                -99.317052535937179,
                                19.517358698747955
                            ],
                            [
                                -99.317240678515802,
                                19.517310924242462
                            ],
                            [
                                -99.31735251723569,
                                19.51738076531068
                            ],
                            [
                                -99.317489499040406,
                                19.517538673573124
                            ],
                            [
                                -99.317559000959818,
                                19.517352257945102
                            ],
                            [
                                -99.317966247697385,
                                19.517531925350553
                            ],
                            [
                                -99.318391717628643,
                                19.517256938530057
                            ],
                            [
                                -99.318362039184692,
                                19.517189212775531
                            ],
                            [
                                -99.31830324294107,
                                19.517096686328301
                            ],
                            [
                                -99.318322260468051,
                                19.517074060193174
                            ],
                            [
                                -99.318413854586737,
                                19.517026454369699
                            ],
                            [
                                -99.318495401412932,
                                19.516958532793367
                            ],
                            [
                                -99.318484647541169,
                                19.516820736465821
                            ],
                            [
                                -99.318401312830858,
                                19.516705660585675
                            ],
                            [
                                -99.318265035368498,
                                19.516615529764337
                            ],
                            [
                                -99.318080201871709,
                                19.516502891565857
                            ],
                            [
                                -99.318031127494791,
                                19.51641034792129
                            ],
                            [
                                -99.318082991603944,
                                19.516272441444922
                            ],
                            [
                                -99.318169919662409,
                                19.516227103217798
                            ],
                            [
                                -99.3183524953362,
                                19.516111559357423
                            ],
                            [
                                -99.318520865413916,
                                19.515993781063884
                            ],
                            [
                                -99.318650923495298,
                                19.515925773983355
                            ],
                            [
                                -99.318868647012394,
                                19.515945723692187
                            ],
                            [
                                -99.319073676861947,
                                19.516150955402136
                            ],
                            [
                                -99.319158732446667,
                                19.516242361718991
                            ],
                            [
                                -99.319158612530643,
                                19.516240514385576
                            ],
                            [
                                -99.319003310516763,
                                19.515713652058079
                            ],
                            [
                                -99.320821006748844,
                                19.515617135661422
                            ],
                            [
                                -99.321803350084423,
                                19.516475341791981
                            ],
                            [
                                -99.322227873108588,
                                19.516846213977924
                            ],
                            [
                                -99.323923435213018,
                                19.516090406027992
                            ],
                            [
                                -99.324587713810516,
                                19.516810746224429
                            ],
                            [
                                -99.324815227142423,
                                19.516718824927043
                            ],
                            [
                                -99.325623799208756,
                                19.51639213765722
                            ],
                            [
                                -99.326879751133944,
                                19.5203926177598
                            ],
                            [
                                -99.326989164866703,
                                19.522168963242343
                            ],
                            [
                                -99.327878139316198,
                                19.526338613910674
                            ],
                            [
                                -99.328030576331074,
                                19.529941321093631
                            ],
                            [
                                -99.329685704867316,
                                19.53375122010414
                            ],
                            [
                                -99.328054896172119,
                                19.539424091865161
                            ],
                            [
                                -99.325757290124059,
                                19.547359501867803
                            ],
                            [
                                -99.325751639380599,
                                19.547364242311168
                            ],
                            [
                                -99.325832536385747,
                                19.547644309381599
                            ],
                            [
                                -99.325939469767846,
                                19.547917486632432
                            ],
                            [
                                -99.326126733722958,
                                19.548143718252692
                            ],
                            [
                                -99.326127664893747,
                                19.54814367764941
                            ],
                            [
                                -99.328183031580934,
                                19.548763147345927
                            ],
                            [
                                -99.328183533237052,
                                19.548764486415802
                            ],
                            [
                                -99.328298146587628,
                                19.548764955008867
                            ],
                            [
                                -99.329096798271507,
                                19.548763501624254
                            ],
                            [
                                -99.329382773662786,
                                19.548900795011097
                            ],
                            [
                                -99.329634431668467,
                                19.549038150569682
                            ],
                            [
                                -99.330114155932804,
                                19.549242866779736
                            ],
                            [
                                -99.33052105772127,
                                19.549357344714583
                            ],
                            [
                                -99.330796889688202,
                                19.549334247183911
                            ],
                            [
                                -99.330975868782261,
                                19.549311326737442
                            ],
                            [
                                -99.331053320827792,
                                19.549333777356924
                            ],
                            [
                                -99.331135726778541,
                                19.549401403987162
                            ],
                            [
                                -99.331420996649086,
                                19.549609814085152
                            ],
                            [
                                -99.333219852316319,
                                19.549920798507888
                            ],
                            [
                                -99.333917029511355,
                                19.550037753470914
                            ],
                            [
                                -99.336168309658945,
                                19.550415397391017
                            ],
                            [
                                -99.337350696691061,
                                19.55060919696195
                            ],
                            [
                                -99.338414899372665,
                                19.550808810351629
                            ],
                            [
                                -99.339327122509857,
                                19.552604789955563
                            ],
                            [
                                -99.341695494639325,
                                19.552145235053047
                            ],
                            [
                                -99.343308391430725,
                                19.554473016321023
                            ],
                            [
                                -99.343334251630324,
                                19.555566255451719
                            ],
                            [
                                -99.343582813820007,
                                19.555853176005193
                            ],
                            [
                                -99.343951516875023,
                                19.556565314759418
                            ],
                            [
                                -99.344664765279305,
                                19.556723944964983
                            ],
                            [
                                -99.344853306285088,
                                19.556520327048485
                            ],
                            [
                                -99.344880767013834,
                                19.556397440627734
                            ],
                            [
                                -99.344837103758323,
                                19.55630715393643
                            ],
                            [
                                -99.344817316629246,
                                19.556237154908558
                            ],
                            [
                                -99.344821939167034,
                                19.556169368517011
                            ],
                            [
                                -99.34484119061851,
                                19.556121887456914
                            ],
                            [
                                -99.344899151402629,
                                19.55607659171228
                            ],
                            [
                                -99.345020078888666,
                                19.556053768167171
                            ],
                            [
                                -99.34511197275036,
                                19.556006148261556
                            ],
                            [
                                -99.345208733260961,
                                19.555960778257731
                            ],
                            [
                                -99.345295621709482,
                                19.555890575307675
                            ],
                            [
                                -99.345377604910411,
                                19.555800048429539
                            ],
                            [
                                -99.345382222395642,
                                19.555730002781161
                            ],
                            [
                                -99.345328739943398,
                                19.555639734984712
                            ],
                            [
                                -99.345177966204616,
                                19.555479616359378
                            ],
                            [
                                -99.345119617264913,
                                19.555387098546227
                            ],
                            [
                                -99.345099782085043,
                                19.555294507111189
                            ],
                            [
                                -99.345128809190371,
                                19.55522667406446
                            ],
                            [
                                -99.345167465470951,
                                19.555204007653419
                            ],
                            [
                                -99.345278472237055,
                                19.555133758606946
                            ],
                            [
                                -99.345385147430846,
                                19.555133554599543
                            ],
                            [
                                -99.345472524244855,
                                19.555203424272143
                            ],
                            [
                                -99.345559705660818,
                                19.555271035022656
                            ],
                            [
                                -99.345651843438688,
                                19.555293451198157
                            ],
                            [
                                -99.345767860211282,
                                19.555248044037498
                            ],
                            [
                                -99.345816478964224,
                                19.555247950933786
                            ],
                            [
                                -99.345903517053742,
                                19.555292969268638
                            ],
                            [
                                -99.345976738032249,
                                19.555385458329507
                            ],
                            [
                                -99.346005719664703,
                                19.555430587840394
                            ],
                            [
                                -99.346054339503368,
                                19.555475679711666
                            ],
                            [
                                -99.346155962369224,
                                19.555475484928337
                            ],
                            [
                                -99.346213874347526,
                                19.555407596339311
                            ],
                            [
                                -99.346247328528577,
                                19.555314902858456
                            ],
                            [
                                -99.346271732152744,
                                19.555269671020987
                            ],
                            [
                                -99.346290456013634,
                                19.555109228214356
                            ],
                            [
                                -99.346299839627846,
                                19.555039173402566
                            ],
                            [
                                -99.34633280667731,
                                19.554718296366175
                            ],
                            [
                                -99.346361494128786,
                                19.554625612002074
                            ],
                            [
                                -99.346394899844881,
                                19.554510326059543
                            ],
                            [
                                -99.346438274064298,
                                19.554465057806283
                            ],
                            [
                                -99.34657368916902,
                                19.554397020395658
                            ],
                            [
                                -99.346684694765486,
                                19.554326770496182
                            ],
                            [
                                -99.34678655461552,
                                19.554303982390191
                            ],
                            [
                                -99.346941418087667,
                                19.554281092401055
                            ],
                            [
                                -99.347120448405036,
                                19.554280748348503
                            ],
                            [
                                -99.347256056445516,
                                19.554303080146351
                            ],
                            [
                                -99.347314059419773,
                                19.554278116823411
                            ],
                            [
                                -99.347497561128208,
                                19.554139949416829
                            ],
                            [
                                -99.347594174669155,
                                19.554026800867494
                            ],
                            [
                                -99.347681014118791,
                                19.553979189398113
                            ],
                            [
                                -99.347801988044736,
                                19.553978956442716
                            ],
                            [
                                -99.347889407302731,
                                19.554023973094221
                            ],
                            [
                                -99.34795266603119,
                                19.554093888030568
                            ],
                            [
                                -99.348083803119692,
                                19.554254042196419
                            ],
                            [
                                -99.348214843509012,
                                19.554369011408081
                            ],
                            [
                                -99.34834568524208,
                                19.554391351575351
                            ],
                            [
                                -99.348495782037418,
                                19.554368469450303
                            ],
                            [
                                -99.348674759023623,
                                19.554343272187623
                            ],
                            [
                                -99.348814988138415,
                                19.554297816332593
                            ],
                            [
                                -99.349100396565262,
                                19.554159450439968
                            ],
                            [
                                -99.349288760352167,
                                19.554066456870917
                            ],
                            [
                                -99.349385374537619,
                                19.553998492415158
                            ],
                            [
                                -99.349267705311945,
                                19.55358527694106
                            ],
                            [
                                -99.34916000147858,
                                19.553239819658241
                            ],
                            [
                                -99.348983937706805,
                                19.552668569186348
                            ],
                            [
                                -99.348862183423634,
                                19.552438360694204
                            ],
                            [
                                -99.348609060843557,
                                19.552072850594321
                            ],
                            [
                                -99.348365703273743,
                                19.551637283539332
                            ],
                            [
                                -99.348776702074446,
                                19.551476083352689
                            ],
                            [
                                -99.349044322616535,
                                19.551934195482477
                            ],
                            [
                                -99.349407376918265,
                                19.551908641662489
                            ],
                            [
                                -99.349476425381795,
                                19.55227676618313
                            ],
                            [
                                -99.349863645250593,
                                19.552228572150451
                            ],
                            [
                                -99.350158686566814,
                                19.552182815291289
                            ],
                            [
                                -99.350362160421653,
                                19.552157568887548
                            ],
                            [
                                -99.350497669504506,
                                19.552134713424554
                            ],
                            [
                                -99.350966915704404,
                                19.552018580260587
                            ],
                            [
                                -99.351111957470877,
                                19.551995705813258
                            ],
                            [
                                -99.351165246338937,
                                19.551995602203011
                            ],
                            [
                                -99.351242800108253,
                                19.552063228945297
                            ],
                            [
                                -99.351432478173265,
                                19.552270711116655
                            ],
                            [
                                -99.351592885764987,
                                19.552475990813832
                            ],
                            [
                                -99.351646326539921,
                                19.552545923568804
                            ],
                            [
                                -99.35195268924987,
                                19.552841288737685
                            ],
                            [
                                -99.351994805025925,
                                19.552885169745114
                            ],
                            [
                                -99.35419225740408,
                                19.552392158892374
                            ],
                            [
                                -99.354210861151017,
                                19.553128925636713
                            ],
                            [
                                -99.355138489251758,
                                19.553078017298962
                            ],
                            [
                                -99.356390211851505,
                                19.554784649657915
                            ],
                            [
                                -99.356532012558645,
                                19.556942869322075
                            ],
                            [
                                -99.355263808516611,
                                19.556320633553074
                            ],
                            [
                                -99.353804163384311,
                                19.55644844675064
                            ],
                            [
                                -99.352179471009691,
                                19.557850176794037
                            ],
                            [
                                -99.350472543225067,
                                19.558484817636391
                            ],
                            [
                                -99.350339553566812,
                                19.558591984875026
                            ],
                            [
                                -99.35010226034791,
                                19.558750006207621
                            ],
                            [
                                -99.349805565138851,
                                19.558911895400279
                            ],
                            [
                                -99.349524559171698,
                                19.559002474382389
                            ],
                            [
                                -99.349413996450906,
                                19.559049510909571
                            ],
                            [
                                -99.349319627629569,
                                19.55907336685279
                            ],
                            [
                                -99.349216883276497,
                                19.559076196287535
                            ],
                            [
                                -99.349192928094823,
                                19.559072755242308
                            ],
                            [
                                -99.349130553101119,
                                19.559004887791701
                            ],
                            [
                                -99.349018173406918,
                                19.558923951886243
                            ],
                            [
                                -99.34890510527238,
                                19.558855313888703
                            ],
                            [
                                -99.348776537580818,
                                19.558800255843565
                            ],
                            [
                                -99.348654726178026,
                                19.558797954430638
                            ],
                            [
                                -99.348579718108155,
                                19.558842418535566
                            ],
                            [
                                -99.348283548099303,
                                19.559063243568431
                            ],
                            [
                                -99.347928924883192,
                                19.55937052120947
                            ],
                            [
                                -99.347746803506851,
                                19.55951430469533
                            ],
                            [
                                -99.347583322463592,
                                19.559570445597743
                            ],
                            [
                                -99.347431338536197,
                                19.55959585739522
                            ],
                            [
                                -99.347289129409248,
                                19.559593340381483
                            ],
                            [
                                -99.34716170563712,
                                19.55961934904499
                            ],
                            [
                                -99.34699562652645,
                                19.559671523555195
                            ],
                            [
                                -99.346860884523622,
                                19.559749563969056
                            ],
                            [
                                -99.34676329894198,
                                19.559831238091157
                            ],
                            [
                                -99.346591674093588,
                                19.560033430816869
                            ],
                            [
                                -99.346419203752163,
                                19.560236326274481
                            ],
                            [
                                -99.34633585680217,
                                19.560401513614853
                            ],
                            [
                                -99.346197152641849,
                                19.560647475888914
                            ],
                            [
                                -99.346106877255181,
                                19.560737576201973
                            ],
                            [
                                -99.345988448830155,
                                19.560837654865207
                            ],
                            [
                                -99.345786073384474,
                                19.560998122274611
                            ],
                            [
                                -99.345231638316122,
                                19.561591577930709
                            ],
                            [
                                -99.345049151675283,
                                19.56174790730212
                            ],
                            [
                                -99.344674469859427,
                                19.562002931571314
                            ],
                            [
                                -99.344001038328855,
                                19.562587114570242
                            ],
                            [
                                -99.343479829083918,
                                19.563073799881597
                            ],
                            [
                                -99.343323897365153,
                                19.563286230219855
                            ],
                            [
                                -99.343266123468169,
                                19.563420792618484
                            ],
                            [
                                -99.343168795700336,
                                19.563553220651976
                            ],
                            [
                                -99.343047991758127,
                                19.563664717463993
                            ],
                            [
                                -99.341125667043599,
                                19.565474702887837
                            ],
                            [
                                -99.340429074049084,
                                19.565451382303774
                            ],
                            [
                                -99.339127071057007,
                                19.566462340854393
                            ],
                            [
                                -99.33779149971231,
                                19.567499341262991
                            ],
                            [
                                -99.336348272677071,
                                19.569027233345956
                            ],
                            [
                                -99.336231350743674,
                                19.569612265430028
                            ],
                            [
                                -99.336177254398379,
                                19.569766502212822
                            ],
                            [
                                -99.336077899344033,
                                19.569929130082787
                            ],
                            [
                                -99.335881636241879,
                                19.570225957023517
                            ],
                            [
                                -99.335352322898203,
                                19.571017361846604
                            ],
                            [
                                -99.333837797540866,
                                19.572808994729247
                            ],
                            [
                                -99.331444502719961,
                                19.576619947501808
                            ],
                            [
                                -99.333823438072244,
                                19.57892187196741
                            ],
                            [
                                -99.334705425723627,
                                19.579184955563271
                            ],
                            [
                                -99.334793506239151,
                                19.579419593969405
                            ],
                            [
                                -99.334758075125535,
                                19.579494026945955
                            ],
                            [
                                -99.334493899425169,
                                19.579960705635887
                            ],
                            [
                                -99.334556491115592,
                                19.580045665610147
                            ],
                            [
                                -99.334274351881646,
                                19.5805401723625
                            ],
                            [
                                -99.334525200170802,
                                19.58084312611917
                            ],
                            [
                                -99.334469060359325,
                                19.580949904682782
                            ],
                            [
                                -99.33423220147958,
                                19.580991913897613
                            ],
                            [
                                -99.334144543933377,
                                19.581074781044975
                            ],
                            [
                                -99.3341664318895,
                                19.581484961161237
                            ],
                            [
                                -99.334202069935472,
                                19.581605746813096
                            ],
                            [
                                -99.334162166346786,
                                19.581904419189343
                            ],
                            [
                                -99.33380817753185,
                                19.582159632242757
                            ],
                            [
                                -99.33372540609453,
                                19.582363978926967
                            ],
                            [
                                -99.333745408299549,
                                19.582603870396703
                            ],
                            [
                                -99.333938531927885,
                                19.582775141640383
                            ],
                            [
                                -99.333992318130512,
                                19.582892013229081
                            ],
                            [
                                -99.333949840815691,
                                19.582980855005744
                            ],
                            [
                                -99.333811938692094,
                                19.583055446762121
                            ],
                            [
                                -99.333664209771925,
                                19.583065159258787
                            ],
                            [
                                -99.333516066043543,
                                19.582995654147027
                            ],
                            [
                                -99.333061540379347,
                                19.582806236508333
                            ],
                            [
                                -99.33293359069765,
                                19.582827163835045
                            ],
                            [
                                -99.33266395373127,
                                19.583190454973007
                            ],
                            [
                                -99.332266268174479,
                                19.583524574387535
                            ],
                            [
                                -99.332211127406381,
                                19.583940710982198
                            ],
                            [
                                -99.332139531899259,
                                19.584033528026158
                            ],
                            [
                                -99.331866197276781,
                                19.584189178248263
                            ],
                            [
                                -99.331684983199125,
                                19.584302974640824
                            ],
                            [
                                -99.331754136561329,
                                19.584561379459597
                            ],
                            [
                                -99.331626131005279,
                                19.584798451794139
                            ],
                            [
                                -99.331308238198204,
                                19.584915929533452
                            ],
                            [
                                -99.330989945760592,
                                19.584936509229895
                            ],
                            [
                                -99.330773563768233,
                                19.585038227157668
                            ],
                            [
                                -99.330781372393446,
                                19.585215454414541
                            ],
                            [
                                -99.330863795025223,
                                19.585385894470324
                            ],
                            [
                                -99.330977543412359,
                                19.585562647166984
                            ],
                            [
                                -99.330830592918048,
                                19.585737638862685
                            ],
                            [
                                -99.330718925191462,
                                19.585832291066122
                            ],
                            [
                                -99.330526995463984,
                                19.586692122043932
                            ],
                            [
                                -99.330314723502497,
                                19.58699360447234
                            ],
                            [
                                -99.330093075109801,
                                19.58782106103288
                            ],
                            [
                                -99.329441522249425,
                                19.588369741318637
                            ],
                            [
                                -99.329225148702974,
                                19.588344182277279
                            ],
                            [
                                -99.32906508558996,
                                19.588376804275462
                            ],
                            [
                                -99.328976940523646,
                                19.588430399014278
                            ],
                            [
                                -99.328790481128053,
                                19.588456374325997
                            ],
                            [
                                -99.328725792560817,
                                19.588520920570396
                            ],
                            [
                                -99.328706584669519,
                                19.588742960037841
                            ],
                            [
                                -99.328800478630399,
                                19.588943900680839
                            ],
                            [
                                -99.328752410850598,
                                19.589060736263534
                            ],
                            [
                                -99.328478797010234,
                                19.589213318384232
                            ],
                            [
                                -99.328175431909472,
                                19.589174782194814
                            ],
                            [
                                -99.328116777474676,
                                19.589199258984355
                            ],
                            [
                                -99.328056680481609,
                                19.589229917871766
                            ],
                            [
                                -99.327968872585046,
                                19.589388728253283
                            ],
                            [
                                -99.327963905196015,
                                19.589521254770638
                            ],
                            [
                                -99.328172463232391,
                                19.589597643605682
                            ],
                            [
                                -99.328169963570602,
                                19.589640692229246
                            ],
                            [
                                -99.328063544531943,
                                19.589649668934882
                            ],
                            [
                                -99.327723476417589,
                                19.590054305758841
                            ],
                            [
                                -99.327378936972167,
                                19.590268135888788
                            ],
                            [
                                -99.32719211842759,
                                19.59039126687405
                            ],
                            [
                                -99.327171975790918,
                                19.590521309522568
                            ],
                            [
                                -99.327500071069025,
                                19.591021549986976
                            ],
                            [
                                -99.327507959249715,
                                19.591146334631201
                            ],
                            [
                                -99.327437499056316,
                                19.59119990192314
                            ],
                            [
                                -99.326997592972617,
                                19.591199958371739
                            ],
                            [
                                -99.326619295556213,
                                19.59110945636932
                            ],
                            [
                                -99.3261417018483,
                                19.590973272309981
                            ],
                            [
                                -99.32587404158734,
                                19.591024804420719
                            ],
                            [
                                -99.325810642432273,
                                19.591070179847531
                            ],
                            [
                                -99.32556201061567,
                                19.591521637906176
                            ],
                            [
                                -99.325529753263609,
                                19.591582598215844
                            ],
                            [
                                -99.325532711170098,
                                19.591638127872116
                            ],
                            [
                                -99.325346960667744,
                                19.591945044759239
                            ],
                            [
                                -99.325189972173646,
                                19.59216904854128
                            ],
                            [
                                -99.325146789392392,
                                19.592242082924237
                            ],
                            [
                                -99.325051108871961,
                                19.59234123305583
                            ],
                            [
                                -99.324958070471183,
                                19.592426601488466
                            ],
                            [
                                -99.3248693943832,
                                19.592477746173728
                            ],
                            [
                                -99.324729321593949,
                                19.592522596056575
                            ],
                            [
                                -99.324265248207809,
                                19.592673064875633
                            ],
                            [
                                -99.323707584170961,
                                19.592861082077196
                            ],
                            [
                                -99.323586479387174,
                                19.592907830030658
                            ],
                            [
                                -99.323218362621503,
                                19.593124040605943
                            ],
                            [
                                -99.322569615908904,
                                19.593529955667339
                            ],
                            [
                                -99.322454898574094,
                                19.593772804905097
                            ],
                            [
                                -99.322467488171341,
                                19.593864731921855
                            ],
                            [
                                -99.322481020772031,
                                19.593977692644074
                            ],
                            [
                                -99.322466432789682,
                                19.594096087903782
                            ],
                            [
                                -99.322393559883409,
                                19.594193162517442
                            ],
                            [
                                -99.321803032313866,
                                19.594237356594455
                            ],
                            [
                                -99.321727954527177,
                                19.594301408306269
                            ],
                            [
                                -99.32167373561785,
                                19.594370333466674
                            ],
                            [
                                -99.321717023551585,
                                19.594497440062298
                            ],
                            [
                                -99.321762831816301,
                                19.594619767906199
                            ],
                            [
                                -99.32153209996757,
                                19.594932656002246
                            ],
                            [
                                -99.321131118757421,
                                19.595149028514282
                            ],
                            [
                                -99.320897492628646,
                                19.595237623856164
                            ],
                            [
                                -99.32068416715191,
                                19.595315538117486
                            ],
                            [
                                -99.320593730871252,
                                19.595369165407458
                            ],
                            [
                                -99.320504219727326,
                                19.595454712356098
                            ],
                            [
                                -99.320373408122506,
                                19.595691986859773
                            ],
                            [
                                -99.320324785154142,
                                19.595673968570708
                            ],
                            [
                                -99.320182006517086,
                                19.595652088844805
                            ],
                            [
                                -99.320113634986072,
                                19.595632356917836
                            ],
                            [
                                -99.320085027088865,
                                19.595612391696179
                            ],
                            [
                                -99.320057739751761,
                                19.595588990973756
                            ],
                            [
                                -99.319943275801521,
                                19.595444448747973
                            ],
                            [
                                -99.319895372450844,
                                19.59539146224903
                            ],
                            [
                                -99.319839934920765,
                                19.595346093729553
                            ],
                            [
                                -99.319770789862901,
                                19.595311208918059
                            ],
                            [
                                -99.319586902374141,
                                19.595247894749548
                            ],
                            [
                                -99.318640658607066,
                                19.594964072402899
                            ],
                            [
                                -99.31837668881262,
                                19.594886034484116
                            ],
                            [
                                -99.318338816231261,
                                19.59488577242205
                            ],
                            [
                                -99.318261154969136,
                                19.594894735976752
                            ],
                            [
                                -99.318074521913289,
                                19.594935094723606
                            ],
                            [
                                -99.317963387887986,
                                19.594965748145906
                            ],
                            [
                                -99.317927079103725,
                                19.594977139147755
                            ],
                            [
                                -99.317717056244959,
                                19.595051502492481
                            ],
                            [
                                -99.317606182979247,
                                19.595087804258288
                            ],
                            [
                                -99.317532879912321,
                                19.595102430532719
                            ],
                            [
                                -99.317494833023645,
                                19.59510521045156
                            ],
                            [
                                -99.317456702301982,
                                19.595106572606422
                            ],
                            [
                                -99.317417193276114,
                                19.595106259011242
                            ],
                            [
                                -99.317230250773108,
                                19.595068733044268
                            ],
                            [
                                -99.317054284998619,
                                19.594997782344503
                            ],
                            [
                                -99.31701707572023,
                                19.594986632880754
                            ],
                            [
                                -99.316931354809455,
                                19.59496630398359
                            ],
                            [
                                -99.316886480076718,
                                19.594957157914415
                            ],
                            [
                                -99.316767769937954,
                                19.594925953976745
                            ],
                            [
                                -99.316621897453714,
                                19.594878854612578
                            ],
                            [
                                -99.316517601136013,
                                19.59484125049859
                            ],
                            [
                                -99.316412015820845,
                                19.59479689253218
                            ],
                            [
                                -99.316314154586692,
                                19.594746337841006
                            ],
                            [
                                -99.316249455647338,
                                19.594702014666545
                            ],
                            [
                                -99.316166634228395,
                                19.594627720444876
                            ],
                            [
                                -99.316142835055956,
                                19.594602041101133
                            ],
                            [
                                -99.316117476868428,
                                19.594571490838874
                            ],
                            [
                                -99.31609588668536,
                                19.594542191011236
                            ],
                            [
                                -99.316006468553368,
                                19.594405237651738
                            ],
                            [
                                -99.315790591054665,
                                19.59441326575913
                            ],
                            [
                                -99.315725724603169,
                                19.594425197954816
                            ],
                            [
                                -99.315625727042232,
                                19.594474990662501
                            ],
                            [
                                -99.314054734786779,
                                19.593562665686481
                            ],
                            [
                                -99.313741902879698,
                                19.593392854930855
                            ],
                            [
                                -99.313100124584011,
                                19.594007584357939
                            ],
                            [
                                -99.312968712731234,
                                19.593988215826627
                            ],
                            [
                                -99.312042918099422,
                                19.593812274489199
                            ],
                            [
                                -99.311755661542378,
                                19.593703771771771
                            ],
                            [
                                -99.310892583271752,
                                19.593511983513746
                            ],
                            [
                                -99.310295620325434,
                                19.593342360084932
                            ],
                            [
                                -99.309480191341166,
                                19.593153702875856
                            ],
                            [
                                -99.303755704737242,
                                19.590213696547981
                            ],
                            [
                                -99.302729134838799,
                                19.59010656694797
                            ],
                            [
                                -99.300820102907977,
                                19.588897132366949
                            ],
                            [
                                -99.297613455780933,
                                19.586867409388084
                            ],
                            [
                                -99.29637441803338,
                                19.586052511396929
                            ],
                            [
                                -99.293708093433594,
                                19.584384788304526
                            ],
                            [
                                -99.291374500226951,
                                19.582807508490717
                            ],
                            [
                                -99.29094582702453,
                                19.582538509655524
                            ],
                            [
                                -99.29081391955674,
                                19.582451072340259
                            ],
                            [
                                -99.290307209970564,
                                19.582856473070837
                            ],
                            [
                                -99.290238959977799,
                                19.582911077255108
                            ],
                            [
                                -99.284950876331351,
                                19.587541329086722
                            ],
                            [
                                -99.284912977109926,
                                19.587574512175745
                            ]
                        ]
                    ]
                ]
            }
        }
    ]
}