{
"type": "FeatureCollection",
"name": "2_SECCIONES_ELECTORALES_2024",
"crs": { "type": "name", "properties": { "name": "urn:ogc:def:crs:OGC:1.3:CRS84" } },
"features": [
{ "type": "Feature", "properties": { "ENTIDAD": 15, "MUNICIPIO": 13, "LN": 3087, "DISTRITO_F": 15, "DISTRITO_L": 16, "SECCION": "251" }, "geometry": { "type": "MultiPolygon", "coordinates": [ [ [ [ -99.266117475859005, 19.60760759930297 ], [ -99.263202090183498, 19.608100458811617 ], [ -99.263152663293539, 19.608108814225318 ], [ -99.263156708763916, 19.607901118750828 ], [ -99.263161215767298, 19.60759082661006 ], [ -99.263204381607011, 19.60758301340222 ], [ -99.263447086404227, 19.607551804018584 ], [ -99.263797465827082, 19.607506932982158 ], [ -99.264134445911552, 19.606045032618475 ], [ -99.263719286523298, 19.606143242303499 ], [ -99.263601771060991, 19.605488076589623 ], [ -99.263521102873852, 19.605388724307819 ], [ -99.263419527570463, 19.605108956374099 ], [ -99.263333984486096, 19.604869513262113 ], [ -99.263312536179725, 19.604771195574774 ], [ -99.263027289191342, 19.604453869142247 ], [ -99.263019807341834, 19.604435322510174 ], [ -99.262912402035496, 19.604169076769107 ], [ -99.263713932050933, 19.603859417373865 ], [ -99.264412807165442, 19.604098120202426 ], [ -99.264452565473405, 19.604195791621375 ], [ -99.264910370066687, 19.604069497121397 ], [ -99.264933966685831, 19.604110342803256 ], [ -99.265835443969706, 19.603807986961115 ], [ -99.265945256891214, 19.603430382864389 ], [ -99.265954381224873, 19.603399007734524 ], [ -99.266095971403061, 19.60319186983067 ], [ -99.266132386180061, 19.603138597101641 ], [ -99.266093694494188, 19.602816455763946 ], [ -99.266088649852108, 19.602774454708086 ], [ -99.266219478836533, 19.602443502071953 ], [ -99.266375005937903, 19.602034434205457 ], [ -99.266383475466498, 19.602012157562378 ], [ -99.266414379487259, 19.601922605301681 ], [ -99.266523981685609, 19.601605004222243 ], [ -99.266566728595109, 19.60136802061 ], [ -99.266609475383831, 19.601131036982871 ], [ -99.266750413396124, 19.600939121070649 ], [ -99.26676794264462, 19.600915251376342 ], [ -99.266866784253949, 19.600798982412062 ], [ -99.267114327228967, 19.600507792687353 ], [ -99.267375693052344, 19.600460530189586 ], [ -99.267404434384858, 19.600455332900875 ], [ -99.267669173028921, 19.600192829878317 ], [ -99.267768540057929, 19.600094301648273 ], [ -99.268049947055474, 19.599999210889369 ], [ -99.268231445561824, 19.599901298753032 ], [ -99.268295024791229, 19.599866999897415 ], [ -99.268659498637732, 19.599791989886949 ], [ -99.268719572483732, 19.599779626399009 ], [ -99.269162250089991, 19.59972703624306 ], [ -99.268775458557371, 19.600724590517899 ], [ -99.268289319056805, 19.601987031952365 ], [ -99.267953445871228, 19.602821862913714 ], [ -99.26785178681385, 19.603077055915762 ], [ -99.267717198241456, 19.603431703198517 ], [ -99.267565110549683, 19.603848400947978 ], [ -99.267127826305995, 19.604940716087633 ], [ -99.267091914415602, 19.605030421577343 ], [ -99.266629655886689, 19.606239195251536 ], [ -99.266452855375661, 19.606703528991225 ], [ -99.266294434141727, 19.607125971157362 ], [ -99.266213766242217, 19.607345272623039 ], [ -99.266117475859005, 19.60760759930297 ] ] ] ] } },
{ "type": "Feature", "properties": { "ENTIDAD": 15, "MUNICIPIO": 13, "LN": 2803, "DISTRITO_F": 15, "DISTRITO_L": 16, "SECCION": "252" }, "geometry": { "type": "MultiPolygon", "coordinates": [ [ [ [ -99.257220778073972, 19.608524343743063 ], [ -99.257235940295715, 19.608004857891324 ], [ -99.25715983176417, 19.607541777598225 ], [ -99.257156778447353, 19.607520644860465 ], [ -99.257071474507441, 19.606930233465039 ], [ -99.257058218026827, 19.606838481404189 ], [ -99.257002707733136, 19.606401344802094 ], [ -99.256923509979288, 19.605833379335852 ], [ -99.257395089986844, 19.605781035980812 ], [ -99.257866992528847, 19.605720247940926 ], [ -99.258231862215979, 19.605681299779231 ], [ -99.258315720712915, 19.606224147973592 ], [ -99.258395805326444, 19.60677794135006 ], [ -99.259733653205842, 19.606625808539178 ], [ -99.260148019373531, 19.606559163520611 ], [ -99.260953517890997, 19.606459863783545 ], [ -99.260872544504252, 19.606334835752143 ], [ -99.260656929255433, 19.606001911027601 ], [ -99.260243955145725, 19.605332574398378 ], [ -99.259909416866549, 19.604954211653581 ], [ -99.259555262820228, 19.6045536608333 ], [ -99.259810522412579, 19.604536023028366 ], [ -99.260077481338072, 19.604600711510283 ], [ -99.260457961140276, 19.604716782087767 ], [ -99.260976535990963, 19.604787458107641 ], [ -99.261622932838534, 19.604808165096081 ], [ -99.261651925055148, 19.6046954396841 ], [ -99.262444385025631, 19.604368978870028 ], [ -99.262891348471243, 19.604178069324561 ], [ -99.262912402035496, 19.604169076769107 ], [ -99.263019807341834, 19.604435322510174 ], [ -99.263027289191342, 19.604453869142247 ], [ -99.263312536179725, 19.604771195574774 ], [ -99.263333984486096, 19.604869513262113 ], [ -99.263419527570463, 19.605108956374099 ], [ -99.263521102873852, 19.605388724307819 ], [ -99.263601771060991, 19.605488076589623 ], [ -99.263719286523298, 19.606143242303499 ], [ -99.264134445911552, 19.606045032618475 ], [ -99.263797465827082, 19.607506932982158 ], [ -99.263447086404227, 19.607551804018584 ], [ -99.263204381607011, 19.60758301340222 ], [ -99.263161215767298, 19.60759082661006 ], [ -99.263156708763916, 19.607901118750828 ], [ -99.263152663293539, 19.608108814225318 ], [ -99.26164588946466, 19.608280145628225 ], [ -99.261392681370467, 19.608310522403624 ], [ -99.259863232753204, 19.60849399893188 ], [ -99.258614125625385, 19.608582953201779 ], [ -99.258134530135436, 19.60861394307582 ], [ -99.257220778073972, 19.608524343743063 ] ] ] ] } },
{ "type": "Feature", "properties": { "ENTIDAD": 15, "MUNICIPIO": 13, "LN": 2787, "DISTRITO_F": 15, "DISTRITO_L": 16, "SECCION": "253" }, "geometry": { "type": "MultiPolygon", "coordinates": [ [ [ [ -99.255451466541771, 19.607372497060307 ], [ -99.255250790800346, 19.606699094695056 ], [ -99.255243405673184, 19.606674312501344 ], [ -99.255232852818267, 19.606640834544127 ], [ -99.255225471705728, 19.606617999964545 ], [ -99.255091728200881, 19.606205854810536 ], [ -99.254914373991582, 19.605727942570422 ], [ -99.254751982465237, 19.605285134843523 ], [ -99.254729633921826, 19.605222041620515 ], [ -99.254670020031185, 19.605050599795099 ], [ -99.254607401379374, 19.604862147823539 ], [ -99.254484778262835, 19.604457010883234 ], [ -99.254339123058813, 19.604008270609512 ], [ -99.254125664404796, 19.603465437715425 ], [ -99.254372793777335, 19.603566392981662 ], [ -99.254568515508652, 19.603793177152973 ], [ -99.254699587499701, 19.603929228270967 ], [ -99.254792026214091, 19.604025178324239 ], [ -99.255220434932895, 19.604164519301872 ], [ -99.255319545608103, 19.604209588447105 ], [ -99.255584956606569, 19.604331007131616 ], [ -99.255639027099562, 19.604356322023538 ], [ -99.255980132837692, 19.604516021410276 ], [ -99.256140072463296, 19.604590901846255 ], [ -99.256194261926922, 19.604636629745205 ], [ -99.25631912937358, 19.604741999254372 ], [ -99.256721973775555, 19.604790360166 ], [ -99.256782100254441, 19.604797578186517 ], [ -99.256770320491583, 19.604733162510012 ], [ -99.256713397252156, 19.604421886465165 ], [ -99.256704062940187, 19.604370843084123 ], [ -99.25664473570653, 19.604195589362565 ], [ -99.256637217065503, 19.604173379131648 ], [ -99.256511314124211, 19.603866713355558 ], [ -99.256502547605919, 19.603845360421971 ], [ -99.256385411666287, 19.603560047475753 ], [ -99.256946412162478, 19.603308169478851 ], [ -99.257328070624581, 19.603130654042491 ], [ -99.257354162068992, 19.603118518452028 ], [ -99.257739145859247, 19.602928885592291 ], [ -99.2577666839899, 19.602915320987012 ], [ -99.258278679480981, 19.602680540891452 ], [ -99.258577690988773, 19.603297918938352 ], [ -99.258755030040049, 19.603207336597436 ], [ -99.259254550615637, 19.604036207483968 ], [ -99.259272462765949, 19.604065929515855 ], [ -99.259504273239159, 19.604465721870707 ], [ -99.259555262820228, 19.6045536608333 ], [ -99.259909416866549, 19.604954211653581 ], [ -99.260243955145725, 19.605332574398378 ], [ -99.260656929255433, 19.606001911027601 ], [ -99.260872544504252, 19.606334835752143 ], [ -99.260953517890997, 19.606459863783545 ], [ -99.260148019373531, 19.606559163520611 ], [ -99.259733653205842, 19.606625808539178 ], [ -99.258395805326444, 19.60677794135006 ], [ -99.258315720712915, 19.606224147973592 ], [ -99.258231862215979, 19.605681299779231 ], [ -99.257866992528847, 19.605720247940926 ], [ -99.257395089986844, 19.605781035980812 ], [ -99.256923509979288, 19.605833379335852 ], [ -99.257002707733136, 19.606401344802094 ], [ -99.257058218026827, 19.606838481404189 ], [ -99.257071474507441, 19.606930233465039 ], [ -99.257156778447353, 19.607520644860465 ], [ -99.25715983176417, 19.607541777598225 ], [ -99.257235940295715, 19.608004857891324 ], [ -99.257220778073972, 19.608524343743063 ], [ -99.256145165577436, 19.608409801534194 ], [ -99.255655560648151, 19.608357661214818 ], [ -99.255629874051778, 19.608354925691309 ], [ -99.255069554524354, 19.608295252885046 ], [ -99.255141654119754, 19.607264645680083 ], [ -99.255451466541771, 19.607372497060307 ] ] ] ] } },
{ "type": "Feature", "properties": { "ENTIDAD": 15, "MUNICIPIO": 13, "LN": 3239, "DISTRITO_F": 15, "DISTRITO_L": 16, "SECCION": "254" }, "geometry": { "type": "MultiPolygon", "coordinates": [ [ [ [ -99.251040384345032, 19.606297495008057 ], [ -99.250941819556985, 19.606007139688483 ], [ -99.250879246762892, 19.605840430867538 ], [ -99.250754430895526, 19.605459963887213 ], [ -99.250737773931306, 19.605409753789079 ], [ -99.250709827882602, 19.605327541242485 ], [ -99.250507117344171, 19.604731198435775 ], [ -99.250290081528931, 19.604121601339362 ], [ -99.250068538015825, 19.603529508393468 ], [ -99.249832416870802, 19.602831209843078 ], [ -99.249521015741891, 19.601950181624957 ], [ -99.249658862240366, 19.602000941041329 ], [ -99.250099148632728, 19.602163067414057 ], [ -99.250215445058274, 19.602116956291241 ], [ -99.250549841493452, 19.60198436871995 ], [ -99.250619870956669, 19.601703806906787 ], [ -99.250874123053734, 19.601663550447689 ], [ -99.251075418359818, 19.601627491935012 ], [ -99.251277241211042, 19.601515915232916 ], [ -99.251408800822233, 19.601533539015943 ], [ -99.251419726774444, 19.601566436193202 ], [ -99.251555110493953, 19.60197406465954 ], [ -99.25194225150139, 19.601866824981535 ], [ -99.25201630045639, 19.601804776951827 ], [ -99.252320483348242, 19.601759307499783 ], [ -99.25254134584587, 19.601807968108343 ], [ -99.25272469040317, 19.601896747405338 ], [ -99.252922065296431, 19.601945440480186 ], [ -99.252871001082852, 19.602050700355914 ], [ -99.252891012089961, 19.602128674591562 ], [ -99.252948414946871, 19.602252136860432 ], [ -99.252996958177093, 19.602407608250488 ], [ -99.253071874258637, 19.602635518215209 ], [ -99.253184614842439, 19.602765873535319 ], [ -99.253237473534469, 19.602880295649694 ], [ -99.253304283414408, 19.603040050244431 ], [ -99.253478583722725, 19.603116195275135 ], [ -99.253539957404271, 19.603136304843719 ], [ -99.253990519190523, 19.603283934153403 ], [ -99.254056348767946, 19.603323907690093 ], [ -99.254125664404796, 19.603465437715425 ], [ -99.254339123058813, 19.604008270609512 ], [ -99.254484778262835, 19.604457010883234 ], [ -99.254607401379374, 19.604862147823539 ], [ -99.254670020031185, 19.605050599795099 ], [ -99.254729633921826, 19.605222041620515 ], [ -99.254751982465237, 19.605285134843523 ], [ -99.254914373991582, 19.605727942570422 ], [ -99.255091728200881, 19.606205854810536 ], [ -99.255225471705728, 19.606617999964545 ], [ -99.255232852818267, 19.606640834544127 ], [ -99.255243405673184, 19.606674312501344 ], [ -99.255250790800346, 19.606699094695056 ], [ -99.255451466541771, 19.607372497060307 ], [ -99.255141654119754, 19.607264645680083 ], [ -99.255069554524354, 19.608295252885046 ], [ -99.254272586756258, 19.608229629301128 ], [ -99.254005294350961, 19.608207619220238 ], [ -99.253062522604111, 19.608208046798669 ], [ -99.252852461132761, 19.60804684307082 ], [ -99.252314513996623, 19.607642576539707 ], [ -99.251795037422127, 19.607252187128289 ], [ -99.250733061345599, 19.60645409580685 ], [ -99.2506036244679, 19.606356821029106 ], [ -99.251040384345032, 19.606297495008057 ] ] ] ] } },
{ "type": "Feature", "properties": { "ENTIDAD": 15, "MUNICIPIO": 13, "LN": 3131, "DISTRITO_F": 15, "DISTRITO_L": 26, "SECCION": "255" }, "geometry": { "type": "MultiPolygon", "coordinates": [ [ [ [ -99.246809031642641, 19.605858710767631 ], [ -99.246766349558868, 19.605697906864627 ], [ -99.246561595380143, 19.605162260345971 ], [ -99.246437914171224, 19.604837747652326 ], [ -99.246430159460061, 19.604801277145818 ], [ -99.24642628210583, 19.604783041892343 ], [ -99.246271477359045, 19.60424333305188 ], [ -99.24626476061205, 19.604225246825315 ], [ -99.246058880472731, 19.60367086995382 ], [ -99.245861855066352, 19.603211476782203 ], [ -99.245784559549236, 19.603010936062351 ], [ -99.245394062267152, 19.601895172812217 ], [ -99.245906081789343, 19.601916336594208 ], [ -99.246391075481554, 19.601886489255747 ], [ -99.246837568342613, 19.601853045239672 ], [ -99.247457712694739, 19.602096618279269 ], [ -99.247855187062171, 19.60200186809486 ], [ -99.247997192393711, 19.601962299997954 ], [ -99.248288998630898, 19.601877362431161 ], [ -99.248459906299061, 19.60190879292351 ], [ -99.248854939924072, 19.601999843357302 ], [ -99.24894237604056, 19.602012754023669 ], [ -99.249197624956182, 19.602050443383984 ], [ -99.249521015741891, 19.601950181624957 ], [ -99.249832416870802, 19.602831209843078 ], [ -99.250068538015825, 19.603529508393468 ], [ -99.250290081528931, 19.604121601339362 ], [ -99.250507117344171, 19.604731198435775 ], [ -99.250709827882602, 19.605327541242485 ], [ -99.250737773931306, 19.605409753789079 ], [ -99.250754430895526, 19.605459963887213 ], [ -99.250879246762892, 19.605840430867538 ], [ -99.250941819556985, 19.606007139688483 ], [ -99.251040384345032, 19.606297495008057 ], [ -99.2506036244679, 19.606356821029106 ], [ -99.250733061345599, 19.60645409580685 ], [ -99.249763864048845, 19.606569407382949 ], [ -99.248882230031981, 19.606647774385767 ], [ -99.248295121878783, 19.606708167371949 ], [ -99.247249349591357, 19.606815736081376 ], [ -99.247201151718031, 19.60685709579105 ], [ -99.246505411629613, 19.607454122662332 ], [ -99.245797932761363, 19.606746583811717 ], [ -99.246809031642641, 19.605858710767631 ] ] ] ] } },
{ "type": "Feature", "properties": { "ENTIDAD": 15, "MUNICIPIO": 13, "LN": 3406, "DISTRITO_F": 15, "DISTRITO_L": 26, "SECCION": "256" }, "geometry": { "type": "MultiPolygon", "coordinates": [ [ [ [ -99.246505411629613, 19.607454122662332 ], [ -99.246291521937167, 19.607646773586318 ], [ -99.245332724753382, 19.608510355608196 ], [ -99.244541177880009, 19.609198597618963 ], [ -99.243345151601702, 19.610253029297731 ], [ -99.242341720218107, 19.611172159966355 ], [ -99.242145709483793, 19.611147573481684 ], [ -99.242069172977011, 19.611188703369024 ], [ -99.242049344381684, 19.611291297572151 ], [ -99.242061965409349, 19.611379646509519 ], [ -99.242074586452972, 19.611467996529395 ], [ -99.24207490760061, 19.611682598982625 ], [ -99.241990895773924, 19.611823758583554 ], [ -99.241719085486139, 19.612034962403538 ], [ -99.241539482788482, 19.612271210138186 ], [ -99.241493062874369, 19.612251665758947 ], [ -99.241449623913709, 19.612232510749866 ], [ -99.241271872164319, 19.612156626358516 ], [ -99.240502754091736, 19.611806790851027 ], [ -99.239411295653312, 19.61131044913019 ], [ -99.238330192555281, 19.610840038612785 ], [ -99.238265075622905, 19.610813270486485 ], [ -99.237725983349719, 19.610605281910569 ], [ -99.237326852952819, 19.610527033244715 ], [ -99.236287478176763, 19.61032326151123 ], [ -99.236574077974709, 19.610078202828557 ], [ -99.237333485369462, 19.609429485194383 ], [ -99.237548670204063, 19.609297466524769 ], [ -99.237856648903971, 19.609234217233496 ], [ -99.238327626688687, 19.609225899496145 ], [ -99.238635201532134, 19.609229523681211 ], [ -99.238824126836064, 19.609249093994016 ], [ -99.239316181328803, 19.60930006376859 ], [ -99.239827034333459, 19.609352979341068 ], [ -99.239969581428184, 19.609206278135833 ], [ -99.24020597142426, 19.608963412257079 ], [ -99.240867947971111, 19.608377468977192 ], [ -99.241198966015389, 19.608084468485441 ], [ -99.241477579490137, 19.607837852585675 ], [ -99.241539689477676, 19.60778287550562 ], [ -99.242065581458149, 19.60731737627184 ], [ -99.242394422842764, 19.607021763825387 ], [ -99.242747295247071, 19.606710496060931 ], [ -99.24298798478587, 19.606498183407702 ], [ -99.243161902698503, 19.606344769573891 ], [ -99.243435852906458, 19.606099574537691 ], [ -99.243506659521273, 19.606036199947873 ], [ -99.243692811606735, 19.60586954262725 ], [ -99.243779266582024, 19.605792141461702 ], [ -99.244117868384421, 19.605488997887758 ], [ -99.244347734056888, 19.60528320263688 ], [ -99.243656207287799, 19.604560703212922 ], [ -99.244110657364971, 19.604168151772875 ], [ -99.243975062259381, 19.603891733908728 ], [ -99.243740554839732, 19.603413675487438 ], [ -99.244036841834514, 19.603092686889308 ], [ -99.244336660435422, 19.602809032076085 ], [ -99.244846802530674, 19.602315157135369 ], [ -99.244955206335888, 19.602198493603943 ], [ -99.245211396358087, 19.601879133291259 ], [ -99.245394062267152, 19.601895172812217 ], [ -99.245784559549236, 19.603010936062351 ], [ -99.245861855066352, 19.603211476782203 ], [ -99.246058880472731, 19.60367086995382 ], [ -99.24626476061205, 19.604225246825315 ], [ -99.246271477359045, 19.60424333305188 ], [ -99.24642628210583, 19.604783041892343 ], [ -99.246430159460061, 19.604801277145818 ], [ -99.246437914171224, 19.604837747652326 ], [ -99.246561595380143, 19.605162260345971 ], [ -99.246766349558868, 19.605697906864627 ], [ -99.246809031642641, 19.605858710767631 ], [ -99.245797932761363, 19.606746583811717 ], [ -99.246505411629613, 19.607454122662332 ] ] ] ] } },
{ "type": "Feature", "properties": { "ENTIDAD": 15, "MUNICIPIO": 13, "LN": 3655, "DISTRITO_F": 15, "DISTRITO_L": 26, "SECCION": "257" }, "geometry": { "type": "MultiPolygon", "coordinates": [ [ [ [ -99.240097720108835, 19.606921565389506 ], [ -99.24001588884056, 19.606550135206049 ], [ -99.239957594238234, 19.60627026794894 ], [ -99.239781436417758, 19.605451488089439 ], [ -99.239690194851491, 19.605027394717922 ], [ -99.239614470425934, 19.604675423667441 ], [ -99.239569311807813, 19.604465523301272 ], [ -99.239383816336527, 19.603603321535207 ], [ -99.23930191200256, 19.603222618789143 ], [ -99.239254971198648, 19.603004430543514 ], [ -99.239123959830479, 19.602395465788565 ], [ -99.238996849665284, 19.602416070449067 ], [ -99.238777676619776, 19.601402632793086 ], [ -99.238896219195169, 19.601386013754635 ], [ -99.239300158767875, 19.601327365731173 ], [ -99.239672380440766, 19.601245753146504 ], [ -99.240062639971796, 19.601189114479169 ], [ -99.240455376842846, 19.601106809628959 ], [ -99.240840442781192, 19.601029233399437 ], [ -99.241225520430575, 19.600959768128991 ], [ -99.241606311907319, 19.600886251887101 ], [ -99.241991400996866, 19.600824896764287 ], [ -99.242137829610442, 19.601437140541691 ], [ -99.242296042293418, 19.601343642271104 ], [ -99.242561048903141, 19.601116155559055 ], [ -99.24269780738301, 19.600986182739266 ], [ -99.242823857073176, 19.600850140399295 ], [ -99.242943499067039, 19.600722218402925 ], [ -99.243293891826724, 19.601780334768527 ], [ -99.243444410855204, 19.602262783164825 ], [ -99.243560649454793, 19.602716886464709 ], [ -99.243009807489216, 19.602812914106135 ], [ -99.242615026721481, 19.602864174309872 ], [ -99.242216935719966, 19.602820094968774 ], [ -99.241801713492407, 19.602767925940732 ], [ -99.241853489644001, 19.603047713305173 ], [ -99.241951553348102, 19.603401898955127 ], [ -99.241956763562214, 19.603420717115721 ], [ -99.242038602294244, 19.603769414264551 ], [ -99.242129031456784, 19.604138379295115 ], [ -99.242348085259366, 19.604350949989058 ], [ -99.242544682824317, 19.604474459634947 ], [ -99.242593127006103, 19.604519764902758 ], [ -99.242892044330304, 19.604229624265479 ], [ -99.243130281994027, 19.603978851214062 ], [ -99.243740554839732, 19.603413675487438 ], [ -99.243975062259381, 19.603891733908728 ], [ -99.244110657364971, 19.604168151772875 ], [ -99.243656207287799, 19.604560703212922 ], [ -99.244347734056888, 19.60528320263688 ], [ -99.244117868384421, 19.605488997887758 ], [ -99.243779266582024, 19.605792141461702 ], [ -99.243692811606735, 19.60586954262725 ], [ -99.243506659521273, 19.606036199947873 ], [ -99.243435852906458, 19.606099574537691 ], [ -99.243161902698503, 19.606344769573891 ], [ -99.24298798478587, 19.606498183407702 ], [ -99.242747295247071, 19.606710496060931 ], [ -99.242394422842764, 19.607021763825387 ], [ -99.242065581458149, 19.60731737627184 ], [ -99.241539689477676, 19.60778287550562 ], [ -99.241477579490137, 19.607837852585675 ], [ -99.241198966015389, 19.608084468485441 ], [ -99.240867947971111, 19.608377468977192 ], [ -99.24020597142426, 19.608963412257079 ], [ -99.239969581428184, 19.609206278135833 ], [ -99.239827034333459, 19.609352979341068 ], [ -99.239316181328803, 19.60930006376859 ], [ -99.238824126836064, 19.609249093994016 ], [ -99.238635201532134, 19.609229523681211 ], [ -99.238630666975467, 19.609084351033903 ], [ -99.238606956525118, 19.608315034278906 ], [ -99.240097720108835, 19.606921565389506 ] ] ] ] } },
{ "type": "Feature", "properties": { "ENTIDAD": 15, "MUNICIPIO": 13, "LN": 5947, "DISTRITO_F": 15, "DISTRITO_L": 26, "SECCION": "258" }, "geometry": { "type": "MultiPolygon", "coordinates": [ [ [ [ -99.232739518511437, 19.599206345666072 ], [ -99.232833163452256, 19.599192576754906 ], [ -99.232908228355484, 19.599159112079722 ], [ -99.233093445502234, 19.599007605784841 ], [ -99.233638225386841, 19.599153718238806 ], [ -99.234178327768575, 19.599310957674145 ], [ -99.234657089901759, 19.599478598496315 ], [ -99.235228082352052, 19.599667737127788 ], [ -99.235763499849796, 19.599829426912844 ], [ -99.236315391646826, 19.600020012149297 ], [ -99.236707729230488, 19.600360627806307 ], [ -99.237029961318385, 19.600697549869384 ], [ -99.237333187002747, 19.60098633731663 ], [ -99.237675602634496, 19.600787904537068 ], [ -99.238149531564389, 19.600633787605958 ], [ -99.238622749885934, 19.600556900315567 ], [ -99.238777676619776, 19.601402632793086 ], [ -99.238996849665284, 19.602416070449067 ], [ -99.239123959830479, 19.602395465788565 ], [ -99.239254971198648, 19.603004430543514 ], [ -99.23930191200256, 19.603222618789143 ], [ -99.239383816336527, 19.603603321535207 ], [ -99.239569311807813, 19.604465523301272 ], [ -99.239614470425934, 19.604675423667441 ], [ -99.239690194851491, 19.605027394717922 ], [ -99.239781436417758, 19.605451488089439 ], [ -99.239957594238234, 19.60627026794894 ], [ -99.24001588884056, 19.606550135206049 ], [ -99.240097720108835, 19.606921565389506 ], [ -99.238606956525118, 19.608315034278906 ], [ -99.238630666975467, 19.609084351033903 ], [ -99.238635201532134, 19.609229523681211 ], [ -99.238327626687607, 19.609225898772603 ], [ -99.237856648902905, 19.609234216509943 ], [ -99.237548670202997, 19.609297465801252 ], [ -99.237333485369462, 19.609429485194383 ], [ -99.236574077974709, 19.610078202828557 ], [ -99.236287478176763, 19.61032326151123 ], [ -99.235940284466025, 19.610277992493373 ], [ -99.235823119071171, 19.610262715670327 ], [ -99.235493855252173, 19.610219783584657 ], [ -99.234551552632624, 19.610010595595533 ], [ -99.233963573699157, 19.609879888356879 ], [ -99.233927645580934, 19.609408107225409 ], [ -99.234096317273739, 19.60918652622426 ], [ -99.23394915011184, 19.608128395101449 ], [ -99.233822620011836, 19.607217673200775 ], [ -99.233815106885316, 19.607161801887962 ], [ -99.233687507052252, 19.606212900371968 ], [ -99.233664974122632, 19.606045332068827 ], [ -99.233452132527063, 19.604462496871779 ], [ -99.233315462340471, 19.603446106887329 ], [ -99.233159318690568, 19.602284879921452 ], [ -99.23306618071959, 19.601592212386755 ], [ -99.232982307093209, 19.600948511063677 ], [ -99.232994969283325, 19.600418981952821 ], [ -99.232955812005542, 19.600097311608597 ], [ -99.232854982344591, 19.600107880720834 ], [ -99.232796182646311, 19.599610058452871 ], [ -99.232739518511437, 19.599206345666072 ] ] ] ] } },
{ "type": "Feature", "properties": { "ENTIDAD": 15, "MUNICIPIO": 13, "LN": 1164, "DISTRITO_F": 15, "DISTRITO_L": 26, "SECCION": "259" }, "geometry": { "type": "MultiPolygon", "coordinates": [ [ [ [ -99.233963573699157, 19.609879888356879 ], [ -99.233827461976233, 19.60985197511954 ], [ -99.233493517365346, 19.609783490641931 ], [ -99.232574398603973, 19.609560255084226 ], [ -99.232489053813424, 19.609539526272069 ], [ -99.231724328081469, 19.609319696719158 ], [ -99.231652006779413, 19.609308297559274 ], [ -99.231549791387238, 19.609292186491757 ], [ -99.227861156326654, 19.607906845337823 ], [ -99.227329665536104, 19.607707380381864 ], [ -99.227539067610536, 19.607190354780343 ], [ -99.229284838939108, 19.607943876785136 ], [ -99.22930761349258, 19.607897888159929 ], [ -99.229362115581878, 19.607788128183198 ], [ -99.229373419361039, 19.607765363851165 ], [ -99.22940055575495, 19.607710676766697 ], [ -99.229501398934161, 19.607507450820481 ], [ -99.229790456387533, 19.606924918662383 ], [ -99.230395737962183, 19.60692059337687 ], [ -99.230934232239676, 19.606912814026408 ], [ -99.231773120417216, 19.607286220892199 ], [ -99.232311712802428, 19.606858545453484 ], [ -99.232676101671117, 19.606836958000141 ], [ -99.232765006637237, 19.606781078485962 ], [ -99.233237677628935, 19.606486440757056 ], [ -99.233335383530587, 19.607253720512368 ], [ -99.233822620011836, 19.607217673200775 ], [ -99.23394915011184, 19.608128395101449 ], [ -99.234096317273739, 19.60918652622426 ], [ -99.233927645580934, 19.609408107225409 ], [ -99.233963573699157, 19.609879888356879 ] ] ] ] } },
{ "type": "Feature", "properties": { "ENTIDAD": 15, "MUNICIPIO": 13, "LN": 1150, "DISTRITO_F": 15, "DISTRITO_L": 26, "SECCION": "260" }, "geometry": { "type": "MultiPolygon", "coordinates": [ [ [ [ -99.229284838939108, 19.607943876785136 ], [ -99.227539067610536, 19.607190354780343 ], [ -99.227078030766165, 19.606730021423569 ], [ -99.226678181677855, 19.606312986271902 ], [ -99.226641532277952, 19.606274761837984 ], [ -99.226585700899548, 19.605677779516427 ], [ -99.226463748120537, 19.605251413272903 ], [ -99.226229993509023, 19.603949839925054 ], [ -99.226106639939943, 19.603169900089107 ], [ -99.226078572595171, 19.602919001784684 ], [ -99.225907911005351, 19.601393413802047 ], [ -99.225931901093887, 19.601121606873402 ], [ -99.226516905491181, 19.601437445506864 ], [ -99.227436837561001, 19.601934102203174 ], [ -99.227563790968489, 19.601894591819285 ], [ -99.227863800518691, 19.601659525230566 ], [ -99.228075479018116, 19.601853527973706 ], [ -99.228089842048249, 19.602085050044845 ], [ -99.228194492198824, 19.602647987443113 ], [ -99.228261375339287, 19.603159946790004 ], [ -99.228279249307334, 19.603296763124515 ], [ -99.228381346016164, 19.603549153674237 ], [ -99.228400229579478, 19.603595835132548 ], [ -99.228572732199368, 19.603791472963159 ], [ -99.22942294446257, 19.604187546051225 ], [ -99.229247591076415, 19.604599963539215 ], [ -99.229890043565646, 19.604893474389268 ], [ -99.230334739002672, 19.605088643978561 ], [ -99.230385098133212, 19.60510772692805 ], [ -99.23061183321704, 19.605203221938755 ], [ -99.23064159682508, 19.605217066088962 ], [ -99.230611404664018, 19.605274048187614 ], [ -99.230554281640536, 19.605382402526867 ], [ -99.230429980640437, 19.605616448855528 ], [ -99.229790456387533, 19.606924918662383 ], [ -99.229501398934161, 19.607507450820481 ], [ -99.22940055575495, 19.607710676766697 ], [ -99.229373419361039, 19.607765363851165 ], [ -99.229362115581878, 19.607788128183198 ], [ -99.22930761349258, 19.607897888159929 ], [ -99.229284838939108, 19.607943876785136 ] ] ] ] } },
{ "type": "Feature", "properties": { "ENTIDAD": 15, "MUNICIPIO": 13, "LN": 4888, "DISTRITO_F": 15, "DISTRITO_L": 26, "SECCION": "261" }, "geometry": { "type": "MultiPolygon", "coordinates": [ [ [ [ -99.216512578790415, 19.603336583289654 ], [ -99.216404589591804, 19.603085274864505 ], [ -99.21654853200171, 19.602755859254959 ], [ -99.216403606201311, 19.602349824810332 ], [ -99.21607349770116, 19.601798632439948 ], [ -99.216019194731032, 19.601678972904825 ], [ -99.21601907488666, 19.601589179571263 ], [ -99.216036968491338, 19.601473709364203 ], [ -99.216027830505837, 19.601388202718912 ], [ -99.215919247812053, 19.601165987081476 ], [ -99.215828872695553, 19.601063474212495 ], [ -99.21593915729801, 19.600926898877805 ], [ -99.216401398874297, 19.600307376414918 ], [ -99.217043137434615, 19.599541038226072 ], [ -99.217250486817335, 19.599932157154388 ], [ -99.217292580566891, 19.600011557474236 ], [ -99.217579872073514, 19.599695293560913 ], [ -99.217792919653903, 19.599460759737738 ], [ -99.218152688436973, 19.599738696500438 ], [ -99.218505542592723, 19.600013365946396 ], [ -99.218872225273444, 19.600291292852603 ], [ -99.218998680950833, 19.600418695114286 ], [ -99.219186856930492, 19.600607823091181 ], [ -99.219578157319461, 19.601001101028629 ], [ -99.219934534687198, 19.601321612772999 ], [ -99.220315023500959, 19.601583144998024 ], [ -99.220458464822102, 19.601093864095645 ], [ -99.220500786443168, 19.600960675003467 ], [ -99.220569480308328, 19.600610981126266 ], [ -99.220600162038551, 19.600469357312683 ], [ -99.220641404797533, 19.600177786899636 ], [ -99.220682623430534, 19.599994338532248 ], [ -99.221367016947283, 19.600111397867277 ], [ -99.221787655106908, 19.600159708660225 ], [ -99.222352023364635, 19.600201884269822 ], [ -99.222345192894679, 19.600260842015917 ], [ -99.222995035922665, 19.600381212728941 ], [ -99.222947079776503, 19.600689118484063 ], [ -99.222938022769895, 19.601097057292172 ], [ -99.222928965728883, 19.601504996081758 ], [ -99.222921048683318, 19.601861586973691 ], [ -99.223015100953589, 19.602397117217485 ], [ -99.223042957019828, 19.60255572793902 ], [ -99.22320257747748, 19.603030399667471 ], [ -99.223406979524484, 19.603400216961948 ], [ -99.223933279328293, 19.604136429849756 ], [ -99.224279454541417, 19.604565019125609 ], [ -99.224833390580031, 19.605288094981944 ], [ -99.225141510851586, 19.605683980388861 ], [ -99.22516636627752, 19.605709545423714 ], [ -99.225330439474874, 19.605878302529767 ], [ -99.22549451301478, 19.606047059479756 ], [ -99.22659266842409, 19.60670558536766 ], [ -99.226954088354461, 19.606906541180965 ], [ -99.227539067611048, 19.607190355142393 ], [ -99.227329665536104, 19.607707380381864 ], [ -99.22728639580842, 19.607620796250774 ], [ -99.22640538487255, 19.607463974530177 ], [ -99.225471600177272, 19.607003954662019 ], [ -99.224821505627489, 19.60668324262803 ], [ -99.223953518012436, 19.606274953641528 ], [ -99.223507309702342, 19.606065178125149 ], [ -99.223075140123768, 19.605847023521338 ], [ -99.222660168564019, 19.605651039189286 ], [ -99.222189859675098, 19.605422372530974 ], [ -99.221574348972339, 19.605151308751587 ], [ -99.221111003917841, 19.604958655243333 ], [ -99.220409114662758, 19.60469751829482 ], [ -99.220295228669528, 19.604812281194139 ], [ -99.219793796465865, 19.604563996492256 ], [ -99.219358310314561, 19.604525227623835 ], [ -99.218756962948021, 19.604499758979198 ], [ -99.218428543146402, 19.604503066134495 ], [ -99.2183871951231, 19.604503482462636 ], [ -99.217804882304492, 19.60438951883096 ], [ -99.217545846126853, 19.604388078333304 ], [ -99.217025305095518, 19.604282430481049 ], [ -99.216980265383725, 19.604197335717881 ], [ -99.216914442588191, 19.604076241382639 ], [ -99.216848619891877, 19.603955147020809 ], [ -99.216703151600925, 19.60371297484124 ], [ -99.216544907818061, 19.603400434998463 ], [ -99.216512578790415, 19.603336583289654 ] ] ] ] } },
{ "type": "Feature", "properties": { "ENTIDAD": 15, "MUNICIPIO": 13, "LN": 4749, "DISTRITO_F": 15, "DISTRITO_L": 26, "SECCION": "263" }, "geometry": { "type": "MultiPolygon", "coordinates": [ [ [ [ -99.222995035922665, 19.600381212728941 ], [ -99.222345192894679, 19.600260842015917 ], [ -99.222352023364635, 19.600201884269822 ], [ -99.221787655106908, 19.600159708660225 ], [ -99.221367016947283, 19.600111397867277 ], [ -99.220682623430534, 19.599994338532248 ], [ -99.220641404797533, 19.600177786899636 ], [ -99.220600162038551, 19.600469357312683 ], [ -99.220569480308328, 19.600610981126266 ], [ -99.220500786443168, 19.600960675003467 ], [ -99.220458464822102, 19.601093864095645 ], [ -99.220315023500959, 19.601583144998024 ], [ -99.219934534687198, 19.601321612772999 ], [ -99.219578157319461, 19.601001101028629 ], [ -99.219186856930492, 19.600607823091181 ], [ -99.218998680950833, 19.600418695114286 ], [ -99.218872225273444, 19.600291292852603 ], [ -99.218505542592723, 19.600013365946396 ], [ -99.218152688436973, 19.599738696500438 ], [ -99.217792919653903, 19.599460759737738 ], [ -99.217579872073514, 19.599695293560913 ], [ -99.217292580566891, 19.600011557474236 ], [ -99.217250486817335, 19.599932157154388 ], [ -99.217043137434615, 19.599541038226072 ], [ -99.216826222607054, 19.599207762738668 ], [ -99.216588823666243, 19.598843013601986 ], [ -99.216793268600284, 19.598507369030372 ], [ -99.217127876749032, 19.598005633328683 ], [ -99.21759265537159, 19.597344866781842 ], [ -99.217428580391982, 19.597225027303406 ], [ -99.217429471971826, 19.597168191772248 ], [ -99.217430363551244, 19.59711135624076 ], [ -99.217464528864781, 19.596539974842031 ], [ -99.217459787520568, 19.596402813582163 ], [ -99.217370264296079, 19.595410413309811 ], [ -99.21730159667095, 19.595138343892039 ], [ -99.217765661982355, 19.594766571633706 ], [ -99.21806107083556, 19.594580919147713 ], [ -99.218214653527625, 19.594484398294149 ], [ -99.218367283895063, 19.594406542147496 ], [ -99.218438321960051, 19.594368216663376 ], [ -99.218652797468167, 19.594252236246078 ], [ -99.219132368939142, 19.593980581176634 ], [ -99.219876890562659, 19.594509029116093 ], [ -99.219904226988433, 19.594528045607998 ], [ -99.220200132572501, 19.594733890767273 ], [ -99.220226541160756, 19.594755370434832 ], [ -99.220422559273729, 19.594914803262789 ], [ -99.220758760383632, 19.595169029283422 ], [ -99.22100568502124, 19.595363530053739 ], [ -99.221075923219672, 19.595418856031312 ], [ -99.221100149607736, 19.595437938917254 ], [ -99.221560435064617, 19.595776543888512 ], [ -99.222196662426057, 19.596244574670767 ], [ -99.222213973833334, 19.596256539686987 ], [ -99.222761821985216, 19.596635190648879 ], [ -99.222842911286165, 19.596513104880781 ], [ -99.223571875515887, 19.596810911404138 ], [ -99.223556448768477, 19.59686479612796 ], [ -99.22413041103168, 19.597167689402951 ], [ -99.224787130038536, 19.597529240088594 ], [ -99.224513710206182, 19.59784298061706 ], [ -99.223985588458561, 19.59849635200047 ], [ -99.223858155504971, 19.598654006001276 ], [ -99.223693545865331, 19.598857652646203 ], [ -99.223404755489668, 19.599269347971919 ], [ -99.223105933105529, 19.599901414414134 ], [ -99.222995035922665, 19.600381212728941 ] ] ] ] } },
{ "type": "Feature", "properties": { "ENTIDAD": 15, "MUNICIPIO": 13, "LN": 2361, "DISTRITO_F": 15, "DISTRITO_L": 26, "SECCION": "264" }, "geometry": { "type": "MultiPolygon", "coordinates": [ [ [ [ -99.227539067610053, 19.607190354418332 ], [ -99.226954088353466, 19.606906540456812 ], [ -99.226592668423095, 19.606705584643422 ], [ -99.225494513013771, 19.606047058755379 ], [ -99.225330439473879, 19.605878301805358 ], [ -99.225166366276497, 19.605709544699295 ], [ -99.225141510850591, 19.605683979664388 ], [ -99.224833390579022, 19.605288094257464 ], [ -99.224279454540422, 19.604565018400862 ], [ -99.223933279327284, 19.604136429124839 ], [ -99.223406979523503, 19.603400216236821 ], [ -99.223202577476471, 19.603030398942224 ], [ -99.223042957018848, 19.602555727213847 ], [ -99.223015100952622, 19.602397116492096 ], [ -99.222921048682338, 19.601861586248212 ], [ -99.222928965727874, 19.601504995356169 ], [ -99.222938022768915, 19.601097056566402 ], [ -99.222947079775508, 19.600689117758193 ], [ -99.22299503592167, 19.600381212003096 ], [ -99.223105933104534, 19.599901413688102 ], [ -99.223404755488673, 19.599269347245681 ], [ -99.223693545864336, 19.598857651919868 ], [ -99.223858155503976, 19.59865400527487 ], [ -99.223985588457566, 19.598496351274079 ], [ -99.224513710205159, 19.597842979890469 ], [ -99.224787130037527, 19.597529239361936 ], [ -99.225156989288948, 19.597066919685396 ], [ -99.225525003843245, 19.596606902824089 ], [ -99.225957546484807, 19.596066221062721 ], [ -99.226320984042118, 19.595488338052032 ], [ -99.226538845117062, 19.594998506639786 ], [ -99.226703645258794, 19.594452254247411 ], [ -99.226827891382072, 19.593322349138123 ], [ -99.226827552088835, 19.59308013464814 ], [ -99.226895510822288, 19.591758554802546 ], [ -99.226963468564222, 19.590436973292583 ], [ -99.226972605150152, 19.590259291741102 ], [ -99.227014085806118, 19.590261954607222 ], [ -99.22709820656344, 19.59026735497471 ], [ -99.227145128543214, 19.590270366881075 ], [ -99.227840369908535, 19.590314996213834 ], [ -99.228075335262432, 19.590330078632441 ], [ -99.228442987562175, 19.590347480837718 ], [ -99.228956171555467, 19.590369758757753 ], [ -99.229836834542397, 19.590287045313456 ], [ -99.230621507683836, 19.590229555912476 ], [ -99.230700958489166, 19.590216901504466 ], [ -99.231412414366375, 19.590162470177688 ], [ -99.23195245530259, 19.590121150107816 ], [ -99.23219954403865, 19.590324224711161 ], [ -99.231981747155118, 19.591035531018349 ], [ -99.231965149638327, 19.591084471052557 ], [ -99.231806297562258, 19.591552866431147 ], [ -99.231724138377288, 19.591729381877862 ], [ -99.23169647433194, 19.591788817515766 ], [ -99.231641979015009, 19.591905897285471 ], [ -99.231460474270321, 19.592164685256598 ], [ -99.231404535983543, 19.592240639554603 ], [ -99.231384198772787, 19.592268253867111 ], [ -99.231281787663292, 19.592407309749269 ], [ -99.230283207086572, 19.593625950432862 ], [ -99.230267530273522, 19.59364584117197 ], [ -99.229658522616546, 19.594418545206331 ], [ -99.229287835804612, 19.594823319067476 ], [ -99.228577112620968, 19.595953812860149 ], [ -99.228535262206861, 19.596108640346213 ], [ -99.228383739803874, 19.596669199107712 ], [ -99.227382337991003, 19.598355813216699 ], [ -99.226110138576075, 19.600594661273487 ], [ -99.22597051903648, 19.601003813328365 ], [ -99.225931901093887, 19.601121606873402 ], [ -99.225907911004853, 19.601393413439212 ], [ -99.226078572594645, 19.602919001422137 ], [ -99.226106639939431, 19.603169899726449 ], [ -99.226229993508525, 19.603949839562663 ], [ -99.226463748120025, 19.605251412910611 ], [ -99.226585700899051, 19.605677779154117 ], [ -99.226641532277426, 19.60627476147576 ], [ -99.226678181677855, 19.606312986271902 ], [ -99.227078030765668, 19.606730021061473 ], [ -99.227539067610053, 19.607190354418332 ] ] ] ] } },
{ "type": "Feature", "properties": { "ENTIDAD": 15, "MUNICIPIO": 13, "LN": 1152, "DISTRITO_F": 15, "DISTRITO_L": 26, "SECCION": "265" }, "geometry": { "type": "MultiPolygon", "coordinates": [ [ [ [ -99.229124593433781, 19.601065428642489 ], [ -99.228928002913307, 19.600905279674322 ], [ -99.228847183537738, 19.60097568662891 ], [ -99.228620356689007, 19.600941341759253 ], [ -99.227863800518691, 19.601659525230566 ], [ -99.227563790968489, 19.601894591819285 ], [ -99.227436837561001, 19.601934102203174 ], [ -99.226516905491181, 19.601437445506864 ], [ -99.225931901093887, 19.601121606873402 ], [ -99.22597051903648, 19.601003813328365 ], [ -99.226110138576075, 19.600594661273487 ], [ -99.227382337991003, 19.598355813216699 ], [ -99.228383739803874, 19.596669199107712 ], [ -99.228793517477641, 19.596898717362411 ], [ -99.229044222657748, 19.597039137635651 ], [ -99.228938031013087, 19.597398813451854 ], [ -99.229373722589003, 19.597528164021412 ], [ -99.229578772626326, 19.597730516915401 ], [ -99.229653990822541, 19.597804745534891 ], [ -99.229637473021199, 19.597914392079662 ], [ -99.229373485415422, 19.598131762627851 ], [ -99.229213066085592, 19.598406240001658 ], [ -99.229628173264786, 19.59866774239299 ], [ -99.229280008313467, 19.599306885592927 ], [ -99.229281599651515, 19.60043034032244 ], [ -99.229451532261095, 19.600774058879249 ], [ -99.229124593433781, 19.601065428642489 ] ] ] ] } },
{ "type": "Feature", "properties": { "ENTIDAD": 15, "MUNICIPIO": 13, "LN": 784, "DISTRITO_F": 15, "DISTRITO_L": 26, "SECCION": "266" }, "geometry": { "type": "MultiPolygon", "coordinates": [ [ [ [ -99.229247591076913, 19.604599963901581 ], [ -99.229422944463067, 19.604187546413588 ], [ -99.228572732199879, 19.603791473325671 ], [ -99.228400229580004, 19.603595835495142 ], [ -99.228381346016675, 19.603549154036781 ], [ -99.22827924930786, 19.603296763487055 ], [ -99.228261375339287, 19.603159946790004 ], [ -99.228194492199322, 19.60264798780576 ], [ -99.228089842048249, 19.602085050044845 ], [ -99.228075479018628, 19.601853528336459 ], [ -99.227863800518691, 19.601659525230566 ], [ -99.228620356689007, 19.600941341759253 ], [ -99.228847183537738, 19.60097568662891 ], [ -99.229054136245622, 19.601176720787599 ], [ -99.229298180515087, 19.601426727953864 ], [ -99.229770261010088, 19.601859943664831 ], [ -99.229504748179068, 19.60212006746546 ], [ -99.229480497731998, 19.60226211333012 ], [ -99.229836929685504, 19.602617446236554 ], [ -99.229935729629489, 19.603466031942091 ], [ -99.23003168182241, 19.604168272789302 ], [ -99.230057687581095, 19.604450599415905 ], [ -99.230049257986693, 19.604578460963531 ], [ -99.229943735448089, 19.60478724279827 ], [ -99.229890043566158, 19.60489347475167 ], [ -99.229247591076913, 19.604599963901581 ] ] ] ] } },
{ "type": "Feature", "properties": { "ENTIDAD": 15, "MUNICIPIO": 13, "LN": 1187, "DISTRITO_F": 15, "DISTRITO_L": 26, "SECCION": "267" }, "geometry": { "type": "MultiPolygon", "coordinates": [ [ [ [ -99.233063818161256, 19.604982621456703 ], [ -99.232721823022729, 19.604697439436919 ], [ -99.232420886588329, 19.605018814875717 ], [ -99.232050870597448, 19.605209707797531 ], [ -99.230429980640949, 19.605616449217823 ], [ -99.230554281640536, 19.605382402526867 ], [ -99.230611404664018, 19.605274048187614 ], [ -99.230641596825606, 19.60521706645125 ], [ -99.23061183321704, 19.605203221938755 ], [ -99.230385098133212, 19.60510772692805 ], [ -99.230334739003197, 19.605088644340871 ], [ -99.229890043566158, 19.60489347475167 ], [ -99.229943735448089, 19.60478724279827 ], [ -99.230049257986693, 19.604578460963531 ], [ -99.230057687581095, 19.604450599415905 ], [ -99.23003168182241, 19.604168272789302 ], [ -99.229935729629489, 19.603466031942091 ], [ -99.229836929685504, 19.602617446236554 ], [ -99.229480497731998, 19.60226211333012 ], [ -99.229504748179068, 19.60212006746546 ], [ -99.229770261010088, 19.601859943664831 ], [ -99.230217095915421, 19.602294447058476 ], [ -99.230300978269767, 19.602419336965212 ], [ -99.230418831204361, 19.603243686269685 ], [ -99.230470242716507, 19.60372197468957 ], [ -99.230606802482598, 19.603709016666574 ], [ -99.231085628279018, 19.603646334164019 ], [ -99.231867638942148, 19.603561531931931 ], [ -99.232078156246203, 19.60355164577463 ], [ -99.232273578610148, 19.60362831525147 ], [ -99.232659623852769, 19.603971559120101 ], [ -99.232750682938573, 19.603793561114436 ], [ -99.232823986186602, 19.603615586002999 ], [ -99.232945617287612, 19.603633013074393 ], [ -99.232999957801923, 19.604276400618886 ], [ -99.233063818161256, 19.604982621456703 ] ] ] ] } },
{ "type": "Feature", "properties": { "ENTIDAD": 15, "MUNICIPIO": 13, "LN": 1026, "DISTRITO_F": 15, "DISTRITO_L": 26, "SECCION": "268" }, "geometry": { "type": "MultiPolygon", "coordinates": [ [ [ [ -99.233237677629447, 19.606486441119138 ], [ -99.232765006637763, 19.606781078847991 ], [ -99.232676101671643, 19.606836958362251 ], [ -99.232311712802939, 19.606858545815598 ], [ -99.231773120417728, 19.60728622125421 ], [ -99.230934232240202, 19.606912814388473 ], [ -99.230395737962695, 19.606920593738998 ], [ -99.229790456387533, 19.606924918662383 ], [ -99.230429980640949, 19.605616449217823 ], [ -99.232050870597448, 19.605209707797531 ], [ -99.232420886588329, 19.605018814875717 ], [ -99.232721823022729, 19.604697439436919 ], [ -99.233063818161256, 19.604982621456703 ], [ -99.233237677629447, 19.606486441119138 ] ] ] ] } },
{ "type": "Feature", "properties": { "ENTIDAD": 15, "MUNICIPIO": 13, "LN": 634, "DISTRITO_F": 15, "DISTRITO_L": 26, "SECCION": "269" }, "geometry": { "type": "MultiPolygon", "coordinates": [ [ [ [ -99.233822620011836, 19.607217673200775 ], [ -99.233335383530587, 19.607253720512368 ], [ -99.233237677628935, 19.606486440757056 ], [ -99.233063818161256, 19.604982621456703 ], [ -99.232999957801923, 19.604276400618886 ], [ -99.232945617287612, 19.603633013074393 ], [ -99.232823986186602, 19.603615586002999 ], [ -99.232907884023462, 19.603378402772407 ], [ -99.232639753032501, 19.601569128242826 ], [ -99.232511315968097, 19.600359046443323 ], [ -99.232452139463831, 19.599850293746996 ], [ -99.232427401512638, 19.599637615434229 ], [ -99.232796182646311, 19.599610058452871 ], [ -99.232854982344591, 19.600107880720834 ], [ -99.232955812005542, 19.600097311608597 ], [ -99.232994969283325, 19.600418981952821 ], [ -99.232982307093209, 19.600948511063677 ], [ -99.23306618071959, 19.601592212386755 ], [ -99.233159318690568, 19.602284879921452 ], [ -99.233315462340471, 19.603446106887329 ], [ -99.233452132527063, 19.604462496871779 ], [ -99.233664974122632, 19.606045332068827 ], [ -99.233687507052252, 19.606212900371968 ], [ -99.233815106885316, 19.607161801887962 ], [ -99.233822620011836, 19.607217673200775 ] ] ] ] } },
{ "type": "Feature", "properties": { "ENTIDAD": 15, "MUNICIPIO": 13, "LN": 2584, "DISTRITO_F": 15, "DISTRITO_L": 26, "SECCION": "270" }, "geometry": { "type": "MultiPolygon", "coordinates": [ [ [ [ -99.238714888461928, 19.600541913170826 ], [ -99.238622749885934, 19.600556900315567 ], [ -99.238149531564389, 19.600633787605958 ], [ -99.237675602634496, 19.600787904537068 ], [ -99.237333187002747, 19.60098633731663 ], [ -99.237029961318385, 19.600697549869384 ], [ -99.236707729230488, 19.600360627806307 ], [ -99.236315391646826, 19.600020012149297 ], [ -99.235763499849796, 19.599829426912844 ], [ -99.235228082352052, 19.599667737127788 ], [ -99.234657089901759, 19.599478598496315 ], [ -99.234178327768575, 19.599310957674145 ], [ -99.233638225386841, 19.599153718238806 ], [ -99.233093445502234, 19.599007605784841 ], [ -99.233835082076652, 19.598312443826593 ], [ -99.234020820074349, 19.598135936661976 ], [ -99.23403595356676, 19.5981220511398 ], [ -99.234051087056557, 19.598108165616356 ], [ -99.234605862997725, 19.597599136136608 ], [ -99.234781097466836, 19.597440934132031 ], [ -99.23480760534558, 19.597417002728143 ], [ -99.235365741500303, 19.596902569789364 ], [ -99.235546356077677, 19.596748379700962 ], [ -99.235564133944322, 19.596733202767314 ], [ -99.236371050052838, 19.595975947138832 ], [ -99.236555987368888, 19.595816168813975 ], [ -99.237480640388853, 19.594998130107694 ], [ -99.237453416555425, 19.594800341659411 ], [ -99.237581304719527, 19.594768266009961 ], [ -99.238025396085263, 19.596881230426387 ], [ -99.238155095574655, 19.597427832195471 ], [ -99.238213498926058, 19.597781232946982 ], [ -99.238278133944675, 19.598172339835877 ], [ -99.238337623554656, 19.598532310059881 ], [ -99.238401938555413, 19.598874904957743 ], [ -99.238476466267571, 19.59927189928796 ], [ -99.23854913115575, 19.599658968743043 ], [ -99.23862073112943, 19.600040363725256 ], [ -99.238714888461928, 19.600541913170826 ] ] ] ] } },
{ "type": "Feature", "properties": { "ENTIDAD": 15, "MUNICIPIO": 13, "LN": 4539, "DISTRITO_F": 15, "DISTRITO_L": 26, "SECCION": "271" }, "geometry": { "type": "MultiPolygon", "coordinates": [ [ [ [ -99.242943499067039, 19.600722218402925 ], [ -99.242823857073176, 19.600850140399295 ], [ -99.24269780738301, 19.600986182739266 ], [ -99.242561048903141, 19.601116155559055 ], [ -99.242296042293418, 19.601343642271104 ], [ -99.242137829610442, 19.601437140541691 ], [ -99.241991400996866, 19.600824896764287 ], [ -99.241606311907319, 19.600886251887101 ], [ -99.241225520430575, 19.600959768128991 ], [ -99.240840442781192, 19.601029233399437 ], [ -99.240455376842846, 19.601106809628959 ], [ -99.240062639971796, 19.601189114479169 ], [ -99.239672380440766, 19.601245753146504 ], [ -99.239300158767875, 19.601327365731173 ], [ -99.238896219195169, 19.601386013754635 ], [ -99.238777676619776, 19.601402632793086 ], [ -99.238622749885934, 19.600556900315567 ], [ -99.238714888461928, 19.600541913170826 ], [ -99.23862073112943, 19.600040363725256 ], [ -99.23854913115575, 19.599658968743043 ], [ -99.238476466267571, 19.59927189928796 ], [ -99.238401938555413, 19.598874904957743 ], [ -99.238337623554656, 19.598532310059881 ], [ -99.238278133944675, 19.598172339835877 ], [ -99.238213498926058, 19.597781232946982 ], [ -99.238155095574655, 19.597427832195471 ], [ -99.239261099305054, 19.597471996739543 ], [ -99.239651706313779, 19.597322156587346 ], [ -99.240042312591157, 19.597172315593738 ], [ -99.240432297197444, 19.597022711961053 ], [ -99.240612606902943, 19.596953542219619 ], [ -99.240805611850149, 19.596799988595272 ], [ -99.24116928315685, 19.596510652446987 ], [ -99.241545248641941, 19.596211533219616 ], [ -99.241604917214232, 19.596164060557438 ], [ -99.241944401229404, 19.595897016407182 ], [ -99.242697687820666, 19.595453345951594 ], [ -99.242875116571639, 19.595833537908366 ], [ -99.243020351324333, 19.596205504059551 ], [ -99.243056855613901, 19.596286650140964 ], [ -99.243109253078401, 19.596403125305233 ], [ -99.243174745789119, 19.596548709839634 ], [ -99.243258821352782, 19.596729147137147 ], [ -99.243351847955054, 19.596935313203264 ], [ -99.243393628014957, 19.597037467745597 ], [ -99.243523286559011, 19.597358037358674 ], [ -99.243847412240243, 19.598222009736119 ], [ -99.243870906511532, 19.598305110904544 ], [ -99.243610483192228, 19.598979654976276 ], [ -99.243390272631885, 19.599565589577963 ], [ -99.243164597955726, 19.600145286389182 ], [ -99.242943499067039, 19.600722218402925 ] ] ] ] } },
{ "type": "Feature", "properties": { "ENTIDAD": 15, "MUNICIPIO": 13, "LN": 3213, "DISTRITO_F": 15, "DISTRITO_L": 16, "SECCION": "273" }, "geometry": { "type": "MultiPolygon", "coordinates": [ [ [ [ -99.258278679480981, 19.602680540891452 ], [ -99.2577666839899, 19.602915320987012 ], [ -99.257739145859247, 19.602928885592291 ], [ -99.257354162068992, 19.603118518452028 ], [ -99.257328070624581, 19.603130654042491 ], [ -99.256946412162478, 19.603308169478851 ], [ -99.256385411666287, 19.603560047475753 ], [ -99.256502547605919, 19.603845360421971 ], [ -99.256511314124211, 19.603866713355558 ], [ -99.256637217065503, 19.604173379131648 ], [ -99.25664473570653, 19.604195589362565 ], [ -99.256704062940187, 19.604370843084123 ], [ -99.256713397252156, 19.604421886465165 ], [ -99.256770320491583, 19.604733162510012 ], [ -99.256782100254441, 19.604797578186517 ], [ -99.256721973775555, 19.604790360166 ], [ -99.25631912937358, 19.604741999254372 ], [ -99.256194261926922, 19.604636629745205 ], [ -99.256140072463296, 19.604590901846255 ], [ -99.255980132837692, 19.604516021410276 ], [ -99.255639027099562, 19.604356322023538 ], [ -99.255584956606569, 19.604331007131616 ], [ -99.255319545608103, 19.604209588447105 ], [ -99.255220434932895, 19.604164519301872 ], [ -99.254792026214091, 19.604025178324239 ], [ -99.254699587499701, 19.603929228270967 ], [ -99.254568515508652, 19.603793177152973 ], [ -99.254372793777335, 19.603566392981662 ], [ -99.254125664404796, 19.603465437715425 ], [ -99.254056348767946, 19.603323907690093 ], [ -99.253990519190523, 19.603283934153403 ], [ -99.253539957404271, 19.603136304843719 ], [ -99.253478583722725, 19.603116195275135 ], [ -99.253304283414408, 19.603040050244431 ], [ -99.253237473534469, 19.602880295649694 ], [ -99.253184614842439, 19.602765873535319 ], [ -99.253071874258637, 19.602635518215209 ], [ -99.252996958177093, 19.602407608250488 ], [ -99.252948414946871, 19.602252136860432 ], [ -99.252891012089961, 19.602128674591562 ], [ -99.252871001082852, 19.602050700355914 ], [ -99.252922065296431, 19.601945440480186 ], [ -99.25272469040317, 19.601896747405338 ], [ -99.25254134584587, 19.601807968108343 ], [ -99.252320483348242, 19.601759307499783 ], [ -99.252424495373219, 19.601717673957854 ], [ -99.253138553059642, 19.601534752811244 ], [ -99.253332936507405, 19.601462318127322 ], [ -99.253210534632501, 19.601049736954074 ], [ -99.25317467187169, 19.600938330244333 ], [ -99.253084517824476, 19.600570748359207 ], [ -99.25299158076642, 19.600259146343969 ], [ -99.252958024903009, 19.599998648410043 ], [ -99.252912287382287, 19.599809228348008 ], [ -99.252875442231343, 19.599494325488848 ], [ -99.252933030208197, 19.598800737785051 ], [ -99.253223896306466, 19.598767138137884 ], [ -99.253693790307082, 19.598707989682673 ], [ -99.254239627036256, 19.598639734796041 ], [ -99.254489927382366, 19.598560272203713 ], [ -99.254510090213088, 19.598553871112124 ], [ -99.2548579113774, 19.598434966210206 ], [ -99.25529949403888, 19.598279360109853 ], [ -99.255726760898966, 19.598142806019684 ], [ -99.256164762115432, 19.597971091598403 ], [ -99.256282770154954, 19.598270168574363 ], [ -99.256361446396454, 19.598488260653383 ], [ -99.256457960968007, 19.598728822562808 ], [ -99.25654258610308, 19.598955904183288 ], [ -99.256550911495694, 19.598976717883343 ], [ -99.256637910828402, 19.599194218146938 ], [ -99.256644369989218, 19.599212237775252 ], [ -99.256685450824818, 19.599326844107512 ], [ -99.256695132197848, 19.599353852944656 ], [ -99.256845843948, 19.599761463402011 ], [ -99.256880971983747, 19.599852704173017 ], [ -99.256991535304337, 19.600134189006457 ], [ -99.257079291360412, 19.600325024312717 ], [ -99.257184092854345, 19.600564769748182 ], [ -99.257387284642874, 19.600920528654665 ], [ -99.257703819372679, 19.601543668720069 ], [ -99.257800310616801, 19.601734522146856 ], [ -99.258071788494703, 19.602283017510945 ], [ -99.258278679480981, 19.602680540891452 ] ] ] ] } },
{ "type": "Feature", "properties": { "ENTIDAD": 15, "MUNICIPIO": 13, "LN": 3787, "DISTRITO_F": 15, "DISTRITO_L": 16, "SECCION": "274" }, "geometry": { "type": "MultiPolygon", "coordinates": [ [ [ [ -99.259555262820228, 19.6045536608333 ], [ -99.259504273239159, 19.604465721870707 ], [ -99.259272462765949, 19.604065929515855 ], [ -99.259254550615637, 19.604036207483968 ], [ -99.258755030040049, 19.603207336597436 ], [ -99.258577690988773, 19.603297918938352 ], [ -99.258278679480981, 19.602680540891452 ], [ -99.258071788494703, 19.602283017510945 ], [ -99.257800310616801, 19.601734522146856 ], [ -99.257703819372679, 19.601543668720069 ], [ -99.257387284642874, 19.600920528654665 ], [ -99.257184092854345, 19.600564769748182 ], [ -99.257079291360412, 19.600325024312717 ], [ -99.256991535304337, 19.600134189006457 ], [ -99.256880971983747, 19.599852704173017 ], [ -99.256845843948, 19.599761463402011 ], [ -99.256695132197848, 19.599353852944656 ], [ -99.257272511374708, 19.599115068077872 ], [ -99.258164081508909, 19.598746339250877 ], [ -99.258561010607366, 19.598572611333328 ], [ -99.260306211213248, 19.597837310809499 ], [ -99.260529379916292, 19.59837324441029 ], [ -99.260753375857803, 19.598920834804382 ], [ -99.260848672154367, 19.599173270291182 ], [ -99.261100105414855, 19.599835539765753 ], [ -99.26110725152364, 19.59985293338951 ], [ -99.261324277051727, 19.600381171407651 ], [ -99.261850210561633, 19.601650747256251 ], [ -99.262066231044855, 19.602168077685803 ], [ -99.262043949506079, 19.60225033704743 ], [ -99.261997508258716, 19.602421789356722 ], [ -99.261893332904975, 19.602872011193718 ], [ -99.261887266064775, 19.602898396009483 ], [ -99.261884213867461, 19.602928936758492 ], [ -99.261847954451113, 19.603291753137501 ], [ -99.261845279275221, 19.603318521230022 ], [ -99.26176898992658, 19.603861797387015 ], [ -99.261713090601873, 19.604259868667558 ], [ -99.261706511271626, 19.604306721387708 ], [ -99.261651925055148, 19.6046954396841 ], [ -99.261622932838534, 19.604808165096081 ], [ -99.260976535990963, 19.604787458107641 ], [ -99.260457961140276, 19.604716782087767 ], [ -99.260077481338072, 19.604600711510283 ], [ -99.259810522412579, 19.604536023028366 ], [ -99.259555262820228, 19.6045536608333 ] ] ] ] } },
{ "type": "Feature", "properties": { "ENTIDAD": 15, "MUNICIPIO": 13, "LN": 3022, "DISTRITO_F": 15, "DISTRITO_L": 16, "SECCION": "275" }, "geometry": { "type": "MultiPolygon", "coordinates": [ [ [ [ -99.265835443969706, 19.603807986961115 ], [ -99.264933966685831, 19.604110342803256 ], [ -99.264910370066687, 19.604069497121397 ], [ -99.264452565473405, 19.604195791621375 ], [ -99.264412807165442, 19.604098120202426 ], [ -99.263713932050933, 19.603859417373865 ], [ -99.262912402035496, 19.604169076769107 ], [ -99.262891348471243, 19.604178069324561 ], [ -99.262444385025631, 19.604368978870028 ], [ -99.261651925055148, 19.6046954396841 ], [ -99.261706511271626, 19.604306721387708 ], [ -99.261713090601873, 19.604259868667558 ], [ -99.26176898992658, 19.603861797387015 ], [ -99.261845279275221, 19.603318521230022 ], [ -99.261847954451113, 19.603291753137501 ], [ -99.261884213867461, 19.602928936758492 ], [ -99.261887266064775, 19.602898396009483 ], [ -99.261893332904975, 19.602872011193718 ], [ -99.261997508258716, 19.602421789356722 ], [ -99.262043949506079, 19.60225033704743 ], [ -99.262066231044855, 19.602168077685803 ], [ -99.262260390641089, 19.601493531828364 ], [ -99.262303525064041, 19.601360594403779 ], [ -99.262332074757879, 19.601291424474084 ], [ -99.262563479178951, 19.60080650179383 ], [ -99.262580479529461, 19.60077927217872 ], [ -99.262862344257172, 19.600327805334409 ], [ -99.263205630899776, 19.599976413651515 ], [ -99.263642922416977, 19.599706035497231 ], [ -99.264116197635076, 19.599644003997241 ], [ -99.264174263977253, 19.599633149268055 ], [ -99.264331146343949, 19.59960382209859 ], [ -99.264584586915234, 19.599610780606131 ], [ -99.265067459982873, 19.599802756656697 ], [ -99.265170340505591, 19.599838505617953 ], [ -99.265294691241749, 19.599766522020481 ], [ -99.265456620742299, 19.599509852881496 ], [ -99.265992252156309, 19.599977968876502 ], [ -99.266323785641134, 19.60029838009951 ], [ -99.266685627303417, 19.600632509313517 ], [ -99.266866784253949, 19.600798982412062 ], [ -99.26676794264462, 19.600915251376342 ], [ -99.266750413396124, 19.600939121070649 ], [ -99.266609475383831, 19.601131036982871 ], [ -99.266566728595109, 19.60136802061 ], [ -99.266523981685609, 19.601605004222243 ], [ -99.266414379487259, 19.601922605301681 ], [ -99.266383475466498, 19.602012157562378 ], [ -99.266375005937903, 19.602034434205457 ], [ -99.266219478836533, 19.602443502071953 ], [ -99.266088649852108, 19.602774454708086 ], [ -99.266093694494188, 19.602816455763946 ], [ -99.266132386180061, 19.603138597101641 ], [ -99.266095971403061, 19.60319186983067 ], [ -99.265954381224873, 19.603399007734524 ], [ -99.265945256891214, 19.603430382864389 ], [ -99.265835443969706, 19.603807986961115 ] ] ] ] } },
{ "type": "Feature", "properties": { "ENTIDAD": 15, "MUNICIPIO": 13, "LN": 5839, "DISTRITO_F": 15, "DISTRITO_L": 16, "SECCION": "276" }, "geometry": { "type": "MultiPolygon", "coordinates": [ [ [ [ -99.270836961166566, 19.598417811403859 ], [ -99.270713174906902, 19.598503452973734 ], [ -99.26934643478819, 19.599342305006822 ], [ -99.269162250089991, 19.59972703624306 ], [ -99.268719572483732, 19.599779626399009 ], [ -99.268659498637732, 19.599791989886949 ], [ -99.268295024791229, 19.599866999897415 ], [ -99.268231445561824, 19.599901298753032 ], [ -99.268049947055474, 19.599999210889369 ], [ -99.267768540057929, 19.600094301648273 ], [ -99.267669173028921, 19.600192829878317 ], [ -99.267404434384858, 19.600455332900875 ], [ -99.267375693052344, 19.600460530189586 ], [ -99.267114327228967, 19.600507792687353 ], [ -99.266866784253949, 19.600798982412062 ], [ -99.266685627303417, 19.600632509313517 ], [ -99.266323785641134, 19.60029838009951 ], [ -99.265992252156309, 19.599977968876502 ], [ -99.265456620742299, 19.599509852881496 ], [ -99.265294691241749, 19.599766522020481 ], [ -99.265170340505591, 19.599838505617953 ], [ -99.265067459982873, 19.599802756656697 ], [ -99.264584586915234, 19.599610780606131 ], [ -99.264331146343949, 19.59960382209859 ], [ -99.264174263977253, 19.599633149268055 ], [ -99.264116197635076, 19.599644003997241 ], [ -99.263642922416977, 19.599706035497231 ], [ -99.263205630899776, 19.599976413651515 ], [ -99.262862344257172, 19.600327805334409 ], [ -99.262580479529461, 19.60077927217872 ], [ -99.262563479178951, 19.60080650179383 ], [ -99.262332074757879, 19.601291424474084 ], [ -99.262303525064041, 19.601360594403779 ], [ -99.262260390641089, 19.601493531828364 ], [ -99.262066231044855, 19.602168077685803 ], [ -99.261850210561633, 19.601650747256251 ], [ -99.261324277051727, 19.600381171407651 ], [ -99.26110725152364, 19.59985293338951 ], [ -99.261100105414855, 19.599835539765753 ], [ -99.260848672154367, 19.599173270291182 ], [ -99.260753375857803, 19.598920834804382 ], [ -99.260529379916292, 19.59837324441029 ], [ -99.260306211213248, 19.597837310809499 ], [ -99.260130719907451, 19.597388354738012 ], [ -99.259981791732471, 19.597028262114641 ], [ -99.259964999573555, 19.596986621575827 ], [ -99.259806385379136, 19.596593295138984 ], [ -99.260053148927568, 19.596513324682835 ], [ -99.259823745388317, 19.59586048142739 ], [ -99.260288620158889, 19.595612142924146 ], [ -99.260796743422276, 19.595263645132082 ], [ -99.260467792108273, 19.594918842131808 ], [ -99.260211800188316, 19.594650512879948 ], [ -99.259436706852782, 19.593800065757147 ], [ -99.259097128724321, 19.593443325161186 ], [ -99.258773361257326, 19.593091448119846 ], [ -99.25854720511272, 19.592822558830161 ], [ -99.26060007126361, 19.592439306965744 ], [ -99.261599691142564, 19.592199565244965 ], [ -99.262230347727183, 19.592173936249647 ], [ -99.263007747799591, 19.592185498348734 ], [ -99.263106261223982, 19.592186963277683 ], [ -99.264208061189578, 19.592635070652662 ], [ -99.264762550980123, 19.592951921835713 ], [ -99.26555115157187, 19.593641338746611 ], [ -99.266318297236836, 19.594375017947986 ], [ -99.266971377816404, 19.595025441705413 ], [ -99.267075576335287, 19.595129215617721 ], [ -99.267343648128261, 19.595396194123037 ], [ -99.267700307845459, 19.59573026677521 ], [ -99.268631731685375, 19.596442596010856 ], [ -99.269955408380881, 19.597599973788096 ], [ -99.270836961166566, 19.598417811403859 ] ] ] ] } },
{ "type": "Feature", "properties": { "ENTIDAD": 15, "MUNICIPIO": 13, "LN": 2495, "DISTRITO_F": 15, "DISTRITO_L": 16, "SECCION": "277" }, "geometry": { "type": "MultiPolygon", "coordinates": [ [ [ [ -99.278093463053125, 19.593390047807308 ], [ -99.276659532942816, 19.594523317519542 ], [ -99.275847457507808, 19.595092231258093 ], [ -99.275452001493207, 19.594525734827283 ], [ -99.275513128511761, 19.594411168042349 ], [ -99.275774844023886, 19.59444369463732 ], [ -99.275772650455664, 19.594307872654188 ], [ -99.275680312393959, 19.59419451783539 ], [ -99.275581382398386, 19.593996688392838 ], [ -99.275500098995124, 19.593651963352869 ], [ -99.275426237123156, 19.593357285690324 ], [ -99.275305836369341, 19.593304629783244 ], [ -99.275231776485683, 19.592893148525604 ], [ -99.275132922672611, 19.592928453417663 ], [ -99.275114471190278, 19.592935043217317 ], [ -99.274985206243883, 19.592846247057619 ], [ -99.274917563877167, 19.592757356844167 ], [ -99.274609008362617, 19.592496409050426 ], [ -99.274340553801437, 19.592285734446563 ], [ -99.27413009900792, 19.592141164343726 ], [ -99.27395691348832, 19.592108055070121 ], [ -99.273794564742815, 19.591974801885037 ], [ -99.273777666487561, 19.591960932053301 ], [ -99.273566197952661, 19.591847230269199 ], [ -99.273277872574781, 19.591399919505793 ], [ -99.27335099730476, 19.591260756467467 ], [ -99.273488706285363, 19.591138181705841 ], [ -99.27369970382, 19.590973779942637 ], [ -99.273916771922245, 19.590928953593128 ], [ -99.274022172451893, 19.590914347694429 ], [ -99.274160268045605, 19.590895210973787 ], [ -99.27432738099921, 19.590808744430969 ], [ -99.274444543587322, 19.590683419161639 ], [ -99.274517714133594, 19.590572066020773 ], [ -99.274561474970199, 19.590421823024286 ], [ -99.274543519944984, 19.590216053122706 ], [ -99.274466948621324, 19.590052088110479 ], [ -99.274314093775857, 19.589893801221606 ], [ -99.273936620936439, 19.589672092648563 ], [ -99.273591524848527, 19.589469399317082 ], [ -99.273459155438005, 19.589277708061999 ], [ -99.273391224369917, 19.589016392901435 ], [ -99.273417351695883, 19.588849490618333 ], [ -99.273307671329746, 19.588556173469147 ], [ -99.273430405688529, 19.588522254931192 ], [ -99.273604505294216, 19.588468203636658 ], [ -99.273877214066061, 19.588359328898328 ], [ -99.274273328744968, 19.588347602642823 ], [ -99.274349574013115, 19.588319676208844 ], [ -99.274460231992734, 19.588109076606148 ], [ -99.274469494762656, 19.588091448065079 ], [ -99.274490732292321, 19.588070877710205 ], [ -99.274782952466097, 19.587787836819391 ], [ -99.274862064052456, 19.587714649012003 ], [ -99.274891352092695, 19.587687553998958 ], [ -99.275005705191063, 19.587637320836361 ], [ -99.275205005661078, 19.587599758908812 ], [ -99.275610952138123, 19.589137211680775 ], [ -99.275789385097355, 19.589488299355761 ], [ -99.275866918378668, 19.589592895903944 ], [ -99.277357681369807, 19.591281343338192 ], [ -99.277817663458762, 19.591805000689529 ], [ -99.278066478552489, 19.592073953137593 ], [ -99.278176680554353, 19.592168338583534 ], [ -99.27857395700741, 19.592346498169881 ], [ -99.278894281003758, 19.592484688364099 ], [ -99.278985674257143, 19.592522569625029 ], [ -99.278093463053125, 19.593390047807308 ] ] ] ] } },
{ "type": "Feature", "properties": { "ENTIDAD": 15, "MUNICIPIO": 13, "LN": 4071, "DISTRITO_F": 15, "DISTRITO_L": 16, "SECCION": "278" }, "geometry": { "type": "MultiPolygon", "coordinates": [ [ [ [ -99.275847457507808, 19.595092231258093 ], [ -99.27555971091931, 19.595275404553412 ], [ -99.275487693041541, 19.595326784129234 ], [ -99.274993463161138, 19.595638148564419 ], [ -99.274600209669046, 19.595900248103252 ], [ -99.27452713053809, 19.595970485601427 ], [ -99.274229462414823, 19.596132090594544 ], [ -99.273960907918323, 19.596328007040587 ], [ -99.273928234981611, 19.596386312064855 ], [ -99.273861259664059, 19.596447949189809 ], [ -99.273794284295491, 19.5965095862902 ], [ -99.273346024294554, 19.596841721577963 ], [ -99.273083823983427, 19.597126398315414 ], [ -99.272859090424774, 19.5972317749087 ], [ -99.272456654702054, 19.597392355359698 ], [ -99.272115707484247, 19.597541478589022 ], [ -99.271530538049547, 19.597922210128509 ], [ -99.270962122597382, 19.598314470033767 ], [ -99.270836961166566, 19.598417811403859 ], [ -99.269955408380881, 19.597599973788096 ], [ -99.268631731685375, 19.596442596010856 ], [ -99.267700307845459, 19.59573026677521 ], [ -99.267343648128261, 19.595396194123037 ], [ -99.267075576335287, 19.595129215617721 ], [ -99.266971377816404, 19.595025441705413 ], [ -99.266318297236836, 19.594375017947986 ], [ -99.26555115157187, 19.593641338746611 ], [ -99.265571457382066, 19.593623276633849 ], [ -99.265632631822513, 19.593568861645913 ], [ -99.265682594290155, 19.593524419724627 ], [ -99.265900015752891, 19.593331021556089 ], [ -99.266028462061769, 19.593216767174614 ], [ -99.266506273954249, 19.592791746112855 ], [ -99.26627881088281, 19.592562410023973 ], [ -99.265915011807877, 19.592900227834708 ], [ -99.265228716090704, 19.592389965026889 ], [ -99.265748894329121, 19.591883338098413 ], [ -99.266269069313807, 19.591376709678705 ], [ -99.267290903556628, 19.59234734053442 ], [ -99.26764281986793, 19.592681618477627 ], [ -99.268305561635273, 19.593311137327973 ], [ -99.268711167541767, 19.593696406742922 ], [ -99.26906619105803, 19.593435890642855 ], [ -99.269304132550147, 19.593261288421878 ], [ -99.269549556362833, 19.593081194928466 ], [ -99.269931420689957, 19.592800979094079 ], [ -99.270035743571839, 19.592724425619036 ], [ -99.270146179950785, 19.59264338583667 ], [ -99.270532649451042, 19.592694201482917 ], [ -99.27081100436483, 19.59295075937608 ], [ -99.270845295314913, 19.593188410474685 ], [ -99.270737427168584, 19.593541914210057 ], [ -99.27073533711372, 19.593710346046098 ], [ -99.270853026075983, 19.593747545934804 ], [ -99.271191965733195, 19.593759660428809 ], [ -99.271458279726019, 19.593829347657099 ], [ -99.271616056362191, 19.593782092733495 ], [ -99.271711440035773, 19.593746956715048 ], [ -99.271942056928694, 19.593454571971026 ], [ -99.27199943125288, 19.59321492379803 ], [ -99.27202497319368, 19.59265590812878 ], [ -99.272255898174123, 19.592550187876672 ], [ -99.272470881883436, 19.592415033605324 ], [ -99.272569112826886, 19.592379550949225 ], [ -99.272846972444285, 19.592340584281327 ], [ -99.273060418550585, 19.592292078165876 ], [ -99.27317207652294, 19.592179482111408 ], [ -99.27324288909206, 19.591964157582414 ], [ -99.27326259164154, 19.59153808576793 ], [ -99.273277872574781, 19.591399919505793 ], [ -99.273566197952661, 19.591847230269199 ], [ -99.273777666487561, 19.591960932053301 ], [ -99.273794564742815, 19.591974801885037 ], [ -99.27395691348832, 19.592108055070121 ], [ -99.27413009900792, 19.592141164343726 ], [ -99.274340553801437, 19.592285734446563 ], [ -99.274609008362617, 19.592496409050426 ], [ -99.274917563877167, 19.592757356844167 ], [ -99.274985206243883, 19.592846247057619 ], [ -99.275114471190278, 19.592935043217317 ], [ -99.275132922672611, 19.592928453417663 ], [ -99.275231776485683, 19.592893148525604 ], [ -99.275305836369341, 19.593304629783244 ], [ -99.275426237123156, 19.593357285690324 ], [ -99.275500098995124, 19.593651963352869 ], [ -99.275581382398386, 19.593996688392838 ], [ -99.275680312393959, 19.59419451783539 ], [ -99.275772650455664, 19.594307872654188 ], [ -99.275774844023886, 19.59444369463732 ], [ -99.275513128511761, 19.594411168042349 ], [ -99.275452001493207, 19.594525734827283 ], [ -99.275847457507808, 19.595092231258093 ] ] ] ] } },
{ "type": "Feature", "properties": { "ENTIDAD": 15, "MUNICIPIO": 13, "LN": 5457, "DISTRITO_F": 15, "DISTRITO_L": 16, "SECCION": "280" }, "geometry": { "type": "MultiPolygon", "coordinates": [ [ [ [ -99.313894785174369, 19.594062887236163 ], [ -99.311396032044243, 19.593551288474774 ], [ -99.310142499602733, 19.593231555546065 ], [ -99.309621245205932, 19.592989242847331 ], [ -99.308865810546123, 19.592640032013477 ], [ -99.30823122286904, 19.592333530580788 ], [ -99.308202630301324, 19.592319820786035 ], [ -99.307770395906715, 19.592112568712515 ], [ -99.306712201976126, 19.591682085423329 ], [ -99.305844266237031, 19.591328994570173 ], [ -99.3058394711516, 19.5911804971667 ], [ -99.3047568997778, 19.590636231433123 ], [ -99.303491044993635, 19.589968113018184 ], [ -99.30346161641134, 19.590033910904964 ], [ -99.303205781047197, 19.589987616260245 ], [ -99.303154827553684, 19.589927835470611 ], [ -99.303075685044874, 19.589888038642787 ], [ -99.302736074188587, 19.58971726462741 ], [ -99.302098488856814, 19.589396650810279 ], [ -99.301170184832145, 19.588948475056412 ], [ -99.299801632235514, 19.588287785693534 ], [ -99.303547557661446, 19.586903847371087 ], [ -99.302896286872013, 19.585933045873741 ], [ -99.303714457669855, 19.584765393803153 ], [ -99.304763620217813, 19.581532749518811 ], [ -99.304487166178021, 19.580716584437287 ], [ -99.304310633165159, 19.580195407857879 ], [ -99.303352416035494, 19.577730842963231 ], [ -99.303330667107531, 19.577674903073703 ], [ -99.301988769720822, 19.575294751085938 ], [ -99.30170386235983, 19.574419295452948 ], [ -99.302253396427062, 19.574009020387653 ], [ -99.302275304147457, 19.574164162225852 ], [ -99.30236783575576, 19.574365363907031 ], [ -99.302777839537896, 19.57508434930191 ], [ -99.303653923257599, 19.57670269102417 ], [ -99.30376321634769, 19.57678833956443 ], [ -99.303867778971991, 19.576827778488315 ], [ -99.304641224586916, 19.576949720776764 ], [ -99.305070469213746, 19.576779531213738 ], [ -99.305219161879606, 19.576825497222341 ], [ -99.305762018759367, 19.57779954729142 ], [ -99.305722989051503, 19.577960894096613 ], [ -99.304951888369288, 19.578588239538924 ], [ -99.304811932794664, 19.578824542724174 ], [ -99.304823952590041, 19.579042404922465 ], [ -99.304963698909091, 19.579268854557906 ], [ -99.305033739995537, 19.579471212794616 ], [ -99.304984080848087, 19.580228383373655 ], [ -99.305016870723165, 19.580377984578082 ], [ -99.30514243351665, 19.580488905278106 ], [ -99.305229980410175, 19.580459631843055 ], [ -99.305327005064726, 19.580427746370585 ], [ -99.305341084453232, 19.578955151696832 ], [ -99.305855825839259, 19.578608673814635 ], [ -99.30616024511761, 19.578285813474547 ], [ -99.306457801880228, 19.57804271948898 ], [ -99.306719831822264, 19.577553773527555 ], [ -99.307126111524951, 19.577330432370637 ], [ -99.307746536085716, 19.577252943021104 ], [ -99.308394793352122, 19.577062417429282 ], [ -99.308941860746003, 19.576495803321802 ], [ -99.309143608470876, 19.576286845739229 ], [ -99.310036766416374, 19.575826720675011 ], [ -99.311431928460621, 19.575704685006102 ], [ -99.311907894909652, 19.575261886068589 ], [ -99.312449575761349, 19.574353733415911 ], [ -99.3128854817909, 19.573140034256305 ], [ -99.31402710857509, 19.572460131773031 ], [ -99.314274960652625, 19.571908060045452 ], [ -99.314256986571749, 19.571678795101011 ], [ -99.314406896865009, 19.571243203401185 ], [ -99.314585569286493, 19.571176429328151 ], [ -99.314634484324728, 19.571089942560093 ], [ -99.314802683933991, 19.57104644847292 ], [ -99.315134491214863, 19.570001038983477 ], [ -99.315438019423539, 19.569335885865964 ], [ -99.315797926342441, 19.568876764962063 ], [ -99.316244002054347, 19.568479034626222 ], [ -99.316987760987089, 19.567915554143259 ], [ -99.317204934200888, 19.567893459951598 ], [ -99.317411336258289, 19.567592465630071 ], [ -99.31774375845356, 19.567269536629382 ], [ -99.318118372967874, 19.567009672221808 ], [ -99.318360124267357, 19.566932813861271 ], [ -99.318506382956926, 19.566430762458065 ], [ -99.318472155179009, 19.565068337427601 ], [ -99.318953403374579, 19.563771464821944 ], [ -99.318708337055483, 19.563471165751324 ], [ -99.322548841398614, 19.557292554762949 ], [ -99.324566926560081, 19.556803995548258 ], [ -99.328100030522464, 19.559387065790066 ], [ -99.328360034138399, 19.559175308187001 ], [ -99.328620037074003, 19.558963550214497 ], [ -99.330551061192907, 19.559674502436437 ], [ -99.331934616693673, 19.559539550329873 ], [ -99.332981777015476, 19.560140649837475 ], [ -99.333785778049517, 19.563073194834963 ], [ -99.333086173899758, 19.56785964043506 ], [ -99.331714633574038, 19.5698504366494 ], [ -99.331238271939341, 19.571172298938283 ], [ -99.331746661514288, 19.57266126570218 ], [ -99.331863387684123, 19.573738424354662 ], [ -99.332053224792915, 19.57434762283642 ], [ -99.331955144289566, 19.575342936215595 ], [ -99.331814053736224, 19.57568429661529 ], [ -99.331560240310068, 19.576298379611281 ], [ -99.331501446610787, 19.577247910820159 ], [ -99.332050514936526, 19.579815928020203 ], [ -99.332599601301325, 19.582383942564835 ], [ -99.32927818513889, 19.58662216766319 ], [ -99.327993441648943, 19.587557045569252 ], [ -99.325572303268217, 19.588060211058206 ], [ -99.319676423421427, 19.588589882851757 ], [ -99.315028450036692, 19.590463999989002 ], [ -99.313894785174369, 19.594062887236163 ] ] ] ] } },
{ "type": "Feature", "properties": { "ENTIDAD": 15, "MUNICIPIO": 13, "LN": 6003, "DISTRITO_F": 15, "DISTRITO_L": 16, "SECCION": "281" }, "geometry": { "type": "MultiPolygon", "coordinates": [ [ [ [ -99.268075523222635, 19.58295801976962 ], [ -99.268615542847158, 19.581572836267778 ], [ -99.269221477624043, 19.579894224491362 ], [ -99.26950822593578, 19.57893727465477 ], [ -99.269635516996871, 19.578420866369321 ], [ -99.269737528457028, 19.577152942913163 ], [ -99.269750603166159, 19.575384116891502 ], [ -99.269721267207771, 19.572894265996737 ], [ -99.270561222477411, 19.572814648010521 ], [ -99.272203776625318, 19.572648652646468 ], [ -99.272297669784166, 19.57273736682626 ], [ -99.27274588979671, 19.572934147296213 ], [ -99.273142396762907, 19.573348208086678 ], [ -99.273596302401131, 19.573826354592676 ], [ -99.273972031606689, 19.57427006358672 ], [ -99.274550835420371, 19.574688780678311 ], [ -99.274613332133612, 19.574688685565924 ], [ -99.275117902260661, 19.574327557188841 ], [ -99.276227462441085, 19.573423666430969 ], [ -99.276524125790544, 19.573309674032462 ], [ -99.27673244635956, 19.573309354650142 ], [ -99.276914794314791, 19.573348566363183 ], [ -99.277670548411834, 19.573692955277032 ], [ -99.277993750787488, 19.573870169209943 ], [ -99.278108479928576, 19.573958848208733 ], [ -99.278453155697889, 19.57450872890346 ], [ -99.278693651213644, 19.575046428755961 ], [ -99.278950850248151, 19.575733491619623 ], [ -99.279184814712707, 19.575501117408646 ], [ -99.279325024632641, 19.575263951638764 ], [ -99.279345508129495, 19.575061526197651 ], [ -99.2837488507475, 19.573521892799405 ], [ -99.285392081391677, 19.572097608844061 ], [ -99.286324076248349, 19.569015798454611 ], [ -99.283967958548743, 19.566299545580314 ], [ -99.283622766447834, 19.562476818025424 ], [ -99.280590361095364, 19.563093675366222 ], [ -99.280617526882367, 19.5637452430007 ], [ -99.28042582332219, 19.5643132313017 ], [ -99.27993195012165, 19.564812578130265 ], [ -99.278558013937342, 19.565342902583623 ], [ -99.27744163816304, 19.565746941747733 ], [ -99.276699661324443, 19.565824595538551 ], [ -99.276616143284159, 19.565711185472306 ], [ -99.276496423483621, 19.565745923979861 ], [ -99.276090729957005, 19.566047667754297 ], [ -99.275596980656076, 19.566630922086336 ], [ -99.2754464659251, 19.566932274586982 ], [ -99.275457724273011, 19.56742836942286 ], [ -99.275219069141386, 19.567961868795319 ], [ -99.275126563414958, 19.568416212738438 ], [ -99.27508320965444, 19.56865826534391 ], [ -99.27470945736367, 19.568409392828826 ], [ -99.274505902176784, 19.5680230655021 ], [ -99.273848750514205, 19.567616143651339 ], [ -99.273540909152658, 19.566731631003211 ], [ -99.272452387997831, 19.565710019758264 ], [ -99.274650337321788, 19.562181172320773 ], [ -99.275165517014315, 19.561347918875359 ], [ -99.275835417613138, 19.560367521317374 ], [ -99.276639104002257, 19.559083309948345 ], [ -99.27704078358272, 19.558348162491566 ], [ -99.277205361133426, 19.557921881570973 ], [ -99.277369937832475, 19.557495600490881 ], [ -99.277503360022379, 19.556976326458674 ], [ -99.277616101682199, 19.556447290348824 ], [ -99.277661813988388, 19.555991810402602 ], [ -99.277678783671377, 19.555342947927592 ], [ -99.277372393644058, 19.551376946280815 ], [ -99.277191918118319, 19.549179268888292 ], [ -99.277155855761407, 19.548595849976465 ], [ -99.277087567678421, 19.547929978722646 ], [ -99.277084091694931, 19.547643916000503 ], [ -99.277075548452871, 19.546940826797634 ], [ -99.277105638335016, 19.546411917235872 ], [ -99.277179269839266, 19.546009763073478 ], [ -99.277276897533341, 19.545725175285714 ], [ -99.277406291849019, 19.545809217121871 ], [ -99.277572162389205, 19.545965955968217 ], [ -99.277814834818159, 19.546157038574453 ], [ -99.277984561615582, 19.546206555937076 ], [ -99.278327962699706, 19.546251976518779 ], [ -99.278671429693944, 19.546335687470425 ], [ -99.279083772219423, 19.546541822967615 ], [ -99.279492267857776, 19.546859007715113 ], [ -99.280042536847773, 19.547409547599159 ], [ -99.281268146844866, 19.548422357843911 ], [ -99.281571394512724, 19.548601853594278 ], [ -99.282100908375227, 19.548823115797994 ], [ -99.283608655134728, 19.549475532521001 ], [ -99.284033002008968, 19.549608884555575 ], [ -99.284331960848718, 19.549642876162647 ], [ -99.284764145243003, 19.549638366179124 ], [ -99.28564847709967, 19.549521671334343 ], [ -99.285733323344246, 19.549510474940075 ], [ -99.286213990787104, 19.549513543004569 ], [ -99.286597887281488, 19.54961249109973 ], [ -99.28720433832666, 19.549937002048093 ], [ -99.287483339846602, 19.550105038966468 ], [ -99.288194134522442, 19.550512385499676 ], [ -99.288334007709082, 19.55059254429969 ], [ -99.290681622209092, 19.551937891550654 ], [ -99.291854243501632, 19.552629068676705 ], [ -99.29399324230458, 19.553862400364423 ], [ -99.295000043947397, 19.554423636919768 ], [ -99.295770092927654, 19.5547325347849 ], [ -99.296011020290067, 19.554972417262402 ], [ -99.296053717512436, 19.55472576759102 ], [ -99.296306716188397, 19.554219146072022 ], [ -99.296533897904197, 19.553833357088209 ], [ -99.29667098805497, 19.553699113254879 ], [ -99.296913084791456, 19.553557038491153 ], [ -99.297436779638744, 19.553297230049083 ], [ -99.297629404227109, 19.553201667140154 ], [ -99.297837228995135, 19.553094109570946 ], [ -99.298033503595889, 19.553003935990844 ], [ -99.298482393595464, 19.55277313367263 ], [ -99.298669301352206, 19.552680059101995 ], [ -99.298856208892502, 19.552586984339801 ], [ -99.298978592348888, 19.552529958574333 ], [ -99.299117034416497, 19.552528625782045 ], [ -99.29934485772587, 19.552532567572399 ], [ -99.299831907510423, 19.5527059838554 ], [ -99.30014724424278, 19.552730679629331 ], [ -99.300647159108422, 19.552709235176138 ], [ -99.301103097845214, 19.552690337522201 ], [ -99.301578843070246, 19.552683929511673 ], [ -99.301746410963403, 19.552651102223262 ], [ -99.30212169297792, 19.552453275941701 ], [ -99.302311447761568, 19.552405094598505 ], [ -99.302789975244494, 19.552339198159203 ], [ -99.303030309411824, 19.552338795050677 ], [ -99.303375774485843, 19.552397566152763 ], [ -99.303781910709773, 19.5525002692338 ], [ -99.304382563482946, 19.552631978998633 ], [ -99.304683033524199, 19.552697864548069 ], [ -99.304998166042083, 19.552735623634394 ], [ -99.305188024664588, 19.552742961093024 ], [ -99.305959486778832, 19.552724424769192 ], [ -99.306163435796719, 19.552706848162362 ], [ -99.306322841134133, 19.552629995795932 ], [ -99.306556791320858, 19.552457289200593 ], [ -99.306895721082213, 19.552263343873861 ], [ -99.307079433427191, 19.55222474056345 ], [ -99.307342055579824, 19.552262584844922 ], [ -99.307818902127309, 19.552376645779265 ], [ -99.308349812762344, 19.552421512905902 ], [ -99.308427102652757, 19.552428044523008 ], [ -99.308879330801361, 19.552443759035736 ], [ -99.309351917056276, 19.552441035581158 ], [ -99.309824503276545, 19.552438310890118 ], [ -99.310600042647465, 19.552440807828162 ], [ -99.310439065700692, 19.54811523846357 ], [ -99.3097126926193, 19.545296960000456 ], [ -99.309265557794134, 19.543465363698438 ], [ -99.309031222905674, 19.542570786110524 ], [ -99.308496785619354, 19.542053278262198 ], [ -99.308083246861244, 19.541362758608201 ], [ -99.308012910033909, 19.540973757421085 ], [ -99.307509272211576, 19.540561328349899 ], [ -99.307327366018896, 19.540015425378044 ], [ -99.307090319086669, 19.539430939688344 ], [ -99.307113317457876, 19.539174535007387 ], [ -99.307152111730574, 19.538742022974883 ], [ -99.306847402885055, 19.538369132185256 ], [ -99.306801801901841, 19.538114835674715 ], [ -99.3066858804101, 19.537883612815712 ], [ -99.306570040572197, 19.537289256005607 ], [ -99.306429985763629, 19.537033908091093 ], [ -99.3066921922115, 19.536163385099442 ], [ -99.30616184828439, 19.534394894111465 ], [ -99.305822136760384, 19.532699930996653 ], [ -99.306227813318941, 19.532047098202494 ], [ -99.306353472751482, 19.531865520483557 ], [ -99.306831666036629, 19.531452730714491 ], [ -99.308327830020758, 19.53145018489694 ], [ -99.308819650760071, 19.531403621050654 ], [ -99.310020004824409, 19.531289970054118 ], [ -99.312994783940212, 19.533201601624548 ], [ -99.31494362680651, 19.536898423634113 ], [ -99.315367540961432, 19.538471727483632 ], [ -99.315941661263437, 19.541605575147006 ], [ -99.316805627954366, 19.544587114919711 ], [ -99.318782810053847, 19.546804599032161 ], [ -99.319108205155203, 19.547169533862622 ], [ -99.31986363967259, 19.548016754742687 ], [ -99.319961487452915, 19.549282117818947 ], [ -99.318157549842539, 19.55063738868035 ], [ -99.316342786667434, 19.551729169247967 ], [ -99.314960836722889, 19.552723196779034 ], [ -99.312763240972501, 19.552935354637061 ], [ -99.315700320776585, 19.555916965303517 ], [ -99.317751380864394, 19.556191008509892 ], [ -99.318119991654996, 19.55716301891356 ], [ -99.318047308721773, 19.558728809691889 ], [ -99.317774884528163, 19.559603602899816 ], [ -99.317698814176723, 19.559847873995089 ], [ -99.31767624317888, 19.560798452858695 ], [ -99.316506419919037, 19.561783045028026 ], [ -99.3166138408005, 19.561994070598992 ], [ -99.316947714141648, 19.562373592351975 ], [ -99.317327484627413, 19.562648303943927 ], [ -99.317355184361304, 19.562668340814213 ], [ -99.317405914364045, 19.562705037065932 ], [ -99.317618880903581, 19.562859089027501 ], [ -99.3179858545343, 19.563483399899717 ], [ -99.318708337055483, 19.563471165751324 ], [ -99.318953403374579, 19.563771464821944 ], [ -99.318472155179009, 19.565068337427601 ], [ -99.318506382956926, 19.566430762458065 ], [ -99.318360124267357, 19.566932813861271 ], [ -99.318118372967874, 19.567009672221808 ], [ -99.31774375845356, 19.567269536629382 ], [ -99.317411336258289, 19.567592465630071 ], [ -99.317204934200888, 19.567893459951598 ], [ -99.316987760987089, 19.567915554143259 ], [ -99.316244002054347, 19.568479034626222 ], [ -99.315797926342441, 19.568876764962063 ], [ -99.315438019423539, 19.569335885865964 ], [ -99.315134491214863, 19.570001038983477 ], [ -99.314802683933991, 19.57104644847292 ], [ -99.314634484324728, 19.571089942560093 ], [ -99.314585569286493, 19.571176429328151 ], [ -99.314406896865009, 19.571243203401185 ], [ -99.314256986571749, 19.571678795101011 ], [ -99.314274960652625, 19.571908060045452 ], [ -99.31402710857509, 19.572460131773031 ], [ -99.3128854817909, 19.573140034256305 ], [ -99.312449575761349, 19.574353733415911 ], [ -99.311907894909652, 19.575261886068589 ], [ -99.311431928460621, 19.575704685006102 ], [ -99.310036766416374, 19.575826720675011 ], [ -99.309143608470876, 19.576286845739229 ], [ -99.308941860746003, 19.576495803321802 ], [ -99.308394793352122, 19.577062417429282 ], [ -99.307746536085716, 19.577252943021104 ], [ -99.307126111524951, 19.577330432370637 ], [ -99.306719831822264, 19.577553773527555 ], [ -99.306457801880228, 19.57804271948898 ], [ -99.30616024511761, 19.578285813474547 ], [ -99.305855825839259, 19.578608673814635 ], [ -99.305341084453232, 19.578955151696832 ], [ -99.305327005064726, 19.580427746370585 ], [ -99.305229980410175, 19.580459631843055 ], [ -99.30514243351665, 19.580488905278106 ], [ -99.305016870723165, 19.580377984578082 ], [ -99.304984080848087, 19.580228383373655 ], [ -99.305033739995537, 19.579471212794616 ], [ -99.304963698909091, 19.579268854557906 ], [ -99.304823952590041, 19.579042404922465 ], [ -99.304811932794664, 19.578824542724174 ], [ -99.304951888369288, 19.578588239538924 ], [ -99.305722989051503, 19.577960894096613 ], [ -99.305762018759367, 19.57779954729142 ], [ -99.305219161879606, 19.576825497222341 ], [ -99.305070469213746, 19.576779531213738 ], [ -99.304641224586916, 19.576949720776764 ], [ -99.303867778971991, 19.576827778488315 ], [ -99.30376321634769, 19.57678833956443 ], [ -99.303653923257599, 19.57670269102417 ], [ -99.302777839537896, 19.57508434930191 ], [ -99.30236783575576, 19.574365363907031 ], [ -99.302275304147457, 19.574164162225852 ], [ -99.302253396427062, 19.574009020387653 ], [ -99.30170386235983, 19.574419295452948 ], [ -99.301160739947946, 19.574937277411564 ], [ -99.30090911498516, 19.575606271888482 ], [ -99.300564150553569, 19.576180811906003 ], [ -99.299069337647438, 19.577501523356805 ], [ -99.298823936014287, 19.577943441516041 ], [ -99.298186253211355, 19.578568920090099 ], [ -99.297481776853942, 19.579062053144462 ], [ -99.296983529883491, 19.579523307521551 ], [ -99.295992898597831, 19.580016905701761 ], [ -99.294643793074542, 19.580278815296772 ], [ -99.293523151882866, 19.58070093678085 ], [ -99.292509209436176, 19.581858015069301 ], [ -99.29169109482585, 19.582086403045846 ], [ -99.290613422668883, 19.582302591117909 ], [ -99.289355982794874, 19.583417954764617 ], [ -99.288034937376992, 19.584628305313462 ], [ -99.288262690729425, 19.584816583227841 ], [ -99.288490444610275, 19.585004860843863 ], [ -99.288326590907403, 19.585133366863204 ], [ -99.283876576599198, 19.588623257979716 ], [ -99.283411570651111, 19.588800392534914 ], [ -99.283325569497848, 19.588757413934083 ], [ -99.283252689045554, 19.588728005626422 ], [ -99.283159616987859, 19.588722963481377 ], [ -99.283061097844168, 19.588733494817227 ], [ -99.283022832185409, 19.588764684839454 ], [ -99.282935306913245, 19.588801140480747 ], [ -99.282853156230701, 19.588780516062393 ], [ -99.282617019181558, 19.588355443574056 ], [ -99.28252513375169, 19.588313692893617 ], [ -99.282353962873046, 19.588429976229115 ], [ -99.282175108789474, 19.588637192644882 ], [ -99.281537006610151, 19.589136575322442 ], [ -99.282128386718739, 19.58977760919749 ], [ -99.281905483293869, 19.589972650399368 ], [ -99.281607908313731, 19.590233028289614 ], [ -99.281319209595338, 19.59048563819109 ], [ -99.280647911871071, 19.591073015444227 ], [ -99.280110856720867, 19.590458731054156 ], [ -99.280053086702353, 19.590392653251683 ], [ -99.279732693863636, 19.590749017626127 ], [ -99.279457423061231, 19.590990849670817 ], [ -99.279408323794172, 19.591089503960401 ], [ -99.279385090874925, 19.591170763032434 ], [ -99.279375674454371, 19.591203697724723 ], [ -99.279397813652992, 19.591343748215262 ], [ -99.279485824634492, 19.591587463113033 ], [ -99.279487862866048, 19.591687910715972 ], [ -99.279473295479193, 19.591843620811101 ], [ -99.278985674257143, 19.592522569625029 ], [ -99.278894281003758, 19.592484688364099 ], [ -99.27857395700741, 19.592346498169881 ], [ -99.278176680554353, 19.592168338583534 ], [ -99.278066478552489, 19.592073953137593 ], [ -99.277817663458762, 19.591805000689529 ], [ -99.277357681369807, 19.591281343338192 ], [ -99.275866918378668, 19.589592895903944 ], [ -99.275789385097355, 19.589488299355761 ], [ -99.275610952138123, 19.589137211680775 ], [ -99.275205005661078, 19.587599758908812 ], [ -99.274856087950198, 19.586627804162234 ], [ -99.274657050624043, 19.586401067372105 ], [ -99.274503607055138, 19.586264759514304 ], [ -99.273432678019773, 19.585374156003166 ], [ -99.272888761624714, 19.585105043333861 ], [ -99.272625830794496, 19.58497749912884 ], [ -99.271936825432348, 19.58467197641313 ], [ -99.27185005782168, 19.584613201935174 ], [ -99.271573894133041, 19.584374170586443 ], [ -99.271079368193824, 19.583759574862466 ], [ -99.270769552665058, 19.583516169454253 ], [ -99.270399379960466, 19.583359713440295 ], [ -99.269269451001762, 19.583029766522845 ], [ -99.268075523222635, 19.58295801976962 ] ] ] ] } },
{ "type": "Feature", "properties": { "ENTIDAD": 15, "MUNICIPIO": 13, "LN": 4189, "DISTRITO_F": 15, "DISTRITO_L": 16, "SECCION": "282" }, "geometry": { "type": "MultiPolygon", "coordinates": [ [ [ [ -99.27202497319368, 19.59265590812878 ], [ -99.271978945196437, 19.591335785952818 ], [ -99.271966169680752, 19.590969368695525 ], [ -99.271847810445607, 19.59073112627765 ], [ -99.271676637876297, 19.59058080264737 ], [ -99.271396861176825, 19.590458152340979 ], [ -99.270790569229618, 19.5903529377889 ], [ -99.270727272940391, 19.590341953366345 ], [ -99.270603675404359, 19.590320449493866 ], [ -99.270420319398141, 19.59020113939615 ], [ -99.270212643254609, 19.589886909205052 ], [ -99.270122650713546, 19.589756472887981 ], [ -99.269970389861868, 19.589464312574439 ], [ -99.269735908816088, 19.589285987525635 ], [ -99.269399124277783, 19.589176902237654 ], [ -99.268905112628019, 19.589094310396174 ], [ -99.268608622572827, 19.588952652878366 ], [ -99.268039030624863, 19.588527749061765 ], [ -99.268538484934624, 19.588348710886603 ], [ -99.26882893943079, 19.588224313331271 ], [ -99.269341032250651, 19.588032005153032 ], [ -99.269219686241186, 19.587810185171705 ], [ -99.268973993236131, 19.587541796832134 ], [ -99.26889570611155, 19.587486330620479 ], [ -99.268789841537426, 19.58741132574605 ], [ -99.268774362997107, 19.587320553208432 ], [ -99.269157803550058, 19.587277382860098 ], [ -99.269487289941594, 19.587242633101436 ], [ -99.269981999856824, 19.587221352207074 ], [ -99.270521443286441, 19.587139981356572 ], [ -99.270499200907523, 19.587063708830559 ], [ -99.270363097494467, 19.586596987692758 ], [ -99.271164557883225, 19.586200885187711 ], [ -99.271255657520783, 19.586156562217525 ], [ -99.271464283600935, 19.585985136233663 ], [ -99.271597722497802, 19.585792345922112 ], [ -99.271936825432348, 19.58467197641313 ], [ -99.272625830794496, 19.58497749912884 ], [ -99.272888761624714, 19.585105043333861 ], [ -99.273432678019773, 19.585374156003166 ], [ -99.274503607055138, 19.586264759514304 ], [ -99.274657050624043, 19.586401067372105 ], [ -99.274856087950198, 19.586627804162234 ], [ -99.275205005661078, 19.587599758908812 ], [ -99.275005705191063, 19.587637320836361 ], [ -99.274891352092695, 19.587687553998958 ], [ -99.274862064052456, 19.587714649012003 ], [ -99.274782952466097, 19.587787836819391 ], [ -99.274490732292321, 19.588070877710205 ], [ -99.274469494762656, 19.588091448065079 ], [ -99.274460231992734, 19.588109076606148 ], [ -99.274349574013115, 19.588319676208844 ], [ -99.274273328744968, 19.588347602642823 ], [ -99.273877214066061, 19.588359328898328 ], [ -99.273604505294216, 19.588468203636658 ], [ -99.273430405688529, 19.588522254931192 ], [ -99.273307671329746, 19.588556173469147 ], [ -99.273417351695883, 19.588849490618333 ], [ -99.273391224369917, 19.589016392901435 ], [ -99.273459155438005, 19.589277708061999 ], [ -99.273591524848527, 19.589469399317082 ], [ -99.273936620936439, 19.589672092648563 ], [ -99.274314093775857, 19.589893801221606 ], [ -99.274466948621324, 19.590052088110479 ], [ -99.274543519944984, 19.590216053122706 ], [ -99.274561474970199, 19.590421823024286 ], [ -99.274517714133594, 19.590572066020773 ], [ -99.274444543587322, 19.590683419161639 ], [ -99.27432738099921, 19.590808744430969 ], [ -99.274160268045605, 19.590895210973787 ], [ -99.274022172451893, 19.590914347694429 ], [ -99.273916771922245, 19.590928953593128 ], [ -99.27369970382, 19.590973779942637 ], [ -99.273488706285363, 19.591138181705841 ], [ -99.27335099730476, 19.591260756467467 ], [ -99.273277872574781, 19.591399919505793 ], [ -99.27326259164154, 19.59153808576793 ], [ -99.27324288909206, 19.591964157582414 ], [ -99.27317207652294, 19.592179482111408 ], [ -99.273060418550585, 19.592292078165876 ], [ -99.272846972444285, 19.592340584281327 ], [ -99.272569112826886, 19.592379550949225 ], [ -99.272470881883436, 19.592415033605324 ], [ -99.272255898174123, 19.592550187876672 ], [ -99.27202497319368, 19.59265590812878 ] ] ] ] } },
{ "type": "Feature", "properties": { "ENTIDAD": 15, "MUNICIPIO": 13, "LN": 3808, "DISTRITO_F": 15, "DISTRITO_L": 16, "SECCION": "283" }, "geometry": { "type": "MultiPolygon", "coordinates": [ [ [ [ -99.27073533711372, 19.593710346046098 ], [ -99.270737427168584, 19.593541914210057 ], [ -99.270845295314913, 19.593188410474685 ], [ -99.27081100436483, 19.59295075937608 ], [ -99.270532649451042, 19.592694201482917 ], [ -99.270146179950785, 19.59264338583667 ], [ -99.270035743571839, 19.592724425619036 ], [ -99.269931420689957, 19.592800979094079 ], [ -99.269549556362833, 19.593081194928466 ], [ -99.269304132550147, 19.593261288421878 ], [ -99.26906619105803, 19.593435890642855 ], [ -99.268711167541767, 19.593696406742922 ], [ -99.268305561635273, 19.593311137327973 ], [ -99.26764281986793, 19.592681618477627 ], [ -99.267290903556628, 19.59234734053442 ], [ -99.266269069313807, 19.591376709678705 ], [ -99.265748894329121, 19.591883338098413 ], [ -99.265228716090704, 19.592389965026889 ], [ -99.264715433432229, 19.592018242462331 ], [ -99.264562994296625, 19.591907844453971 ], [ -99.264344502239879, 19.590923104634598 ], [ -99.263469681884771, 19.590696680767046 ], [ -99.263352202086864, 19.590666273888136 ], [ -99.263321533585426, 19.59043401528141 ], [ -99.263302074401281, 19.59038262662672 ], [ -99.263282615229699, 19.590331237969512 ], [ -99.2632032516252, 19.590339368096288 ], [ -99.263093652383787, 19.590101360086855 ], [ -99.262851326899437, 19.589726656206281 ], [ -99.26293684945739, 19.589678960053341 ], [ -99.263275981701838, 19.58949304038488 ], [ -99.263615113162189, 19.58930712008366 ], [ -99.263940568181013, 19.589870038671588 ], [ -99.264108701592548, 19.590040152258393 ], [ -99.264188608434836, 19.589889937911124 ], [ -99.26426851513024, 19.589739723527604 ], [ -99.264441347128212, 19.589582770480238 ], [ -99.264777402527571, 19.589260777688015 ], [ -99.265099083715896, 19.588952557598276 ], [ -99.264980754456133, 19.588826456132338 ], [ -99.264675263382244, 19.588699882729518 ], [ -99.264638690662451, 19.588557403008661 ], [ -99.265292567116347, 19.588787003862478 ], [ -99.26615549164265, 19.588556633475267 ], [ -99.26675483244378, 19.588387463244679 ], [ -99.2669732186163, 19.588325820873923 ], [ -99.267269599671494, 19.588232480981929 ], [ -99.26773000760717, 19.588089206014935 ], [ -99.267815410894045, 19.588103833473269 ], [ -99.267856038123256, 19.588279628601065 ], [ -99.267867450897143, 19.588329011911615 ], [ -99.268004874691712, 19.588488187023529 ], [ -99.268039030624863, 19.588527749061765 ], [ -99.268608622572827, 19.588952652878366 ], [ -99.268905112628019, 19.589094310396174 ], [ -99.269399124277783, 19.589176902237654 ], [ -99.269735908816088, 19.589285987525635 ], [ -99.269970389861868, 19.589464312574439 ], [ -99.270122650713546, 19.589756472887981 ], [ -99.270212643254609, 19.589886909205052 ], [ -99.270420319398141, 19.59020113939615 ], [ -99.270603675404359, 19.590320449493866 ], [ -99.270727272940391, 19.590341953366345 ], [ -99.270790569229618, 19.5903529377889 ], [ -99.271396861176825, 19.590458152340979 ], [ -99.271676637876297, 19.59058080264737 ], [ -99.271847810445607, 19.59073112627765 ], [ -99.271966169680752, 19.590969368695525 ], [ -99.271978945196437, 19.591335785952818 ], [ -99.27202497319368, 19.59265590812878 ], [ -99.27199943125288, 19.59321492379803 ], [ -99.271942056928694, 19.593454571971026 ], [ -99.271711440035773, 19.593746956715048 ], [ -99.271616056362191, 19.593782092733495 ], [ -99.271458279726019, 19.593829347657099 ], [ -99.271191965733195, 19.593759660428809 ], [ -99.270853026075983, 19.593747545934804 ], [ -99.27073533711372, 19.593710346046098 ] ] ] ] } },
{ "type": "Feature", "properties": { "ENTIDAD": 15, "MUNICIPIO": 13, "LN": 1031, "DISTRITO_F": 15, "DISTRITO_L": 16, "SECCION": "284" }, "geometry": { "type": "MultiPolygon", "coordinates": [ [ [ [ -99.266506273954249, 19.592791746112855 ], [ -99.266028462061769, 19.593216767174614 ], [ -99.265900015752891, 19.593331021556089 ], [ -99.265682594290155, 19.593524419724627 ], [ -99.265632631822513, 19.593568861645913 ], [ -99.265571457382066, 19.593623276633849 ], [ -99.26555115157187, 19.593641338746611 ], [ -99.264762550980123, 19.592951921835713 ], [ -99.264208061189578, 19.592635070652662 ], [ -99.263106261223982, 19.592186963277683 ], [ -99.263007747799591, 19.592185498348734 ], [ -99.262230347727183, 19.592173936249647 ], [ -99.26223363134693, 19.592155013463415 ], [ -99.262252806944858, 19.59204451072333 ], [ -99.262256796439814, 19.592021520541564 ], [ -99.262338232564801, 19.591552229197159 ], [ -99.262170629372335, 19.591500377834123 ], [ -99.262228576422785, 19.591258765109714 ], [ -99.262270484560702, 19.591084026605021 ], [ -99.262320977673014, 19.590869692616995 ], [ -99.262325977487336, 19.590848469292474 ], [ -99.262714110024675, 19.590924763871399 ], [ -99.26316711973071, 19.591025111509179 ], [ -99.263224309005338, 19.590781918983701 ], [ -99.26323445227932, 19.590580967105407 ], [ -99.2632032516252, 19.590339368096288 ], [ -99.263282615229699, 19.590331237969512 ], [ -99.263302074401281, 19.59038262662672 ], [ -99.263321533585426, 19.59043401528141 ], [ -99.263352202086864, 19.590666273888136 ], [ -99.263469681884771, 19.590696680767046 ], [ -99.264344502239879, 19.590923104634598 ], [ -99.264562994296625, 19.591907844453971 ], [ -99.264715433432229, 19.592018242462331 ], [ -99.265228716090704, 19.592389965026889 ], [ -99.265915011807877, 19.592900227834708 ], [ -99.26627881088281, 19.592562410023973 ], [ -99.266506273954249, 19.592791746112855 ] ] ] ] } },
{ "type": "Feature", "properties": { "ENTIDAD": 15, "MUNICIPIO": 13, "LN": 1367, "DISTRITO_F": 15, "DISTRITO_L": 16, "SECCION": "285" }, "geometry": { "type": "MultiPolygon", "coordinates": [ [ [ [ -99.262851326899437, 19.589726656206281 ], [ -99.263093652384981, 19.590101360815503 ], [ -99.2632032516252, 19.590339368096288 ], [ -99.26323445227932, 19.590580967105407 ], [ -99.263224309005338, 19.590781918983701 ], [ -99.26316711973071, 19.591025111509179 ], [ -99.262714110024675, 19.590924763871399 ], [ -99.262325977487336, 19.590848469292474 ], [ -99.262320977673014, 19.590869692616995 ], [ -99.262270484560702, 19.591084026605021 ], [ -99.262228576422785, 19.591258765109714 ], [ -99.262170629372335, 19.591500377834123 ], [ -99.262338232564801, 19.591552229197159 ], [ -99.262256796439814, 19.592021520541564 ], [ -99.262252806944858, 19.59204451072333 ], [ -99.26223363134693, 19.592155013463415 ], [ -99.262230347726586, 19.592173935885661 ], [ -99.261599691141981, 19.592199564880833 ], [ -99.260600071263042, 19.592439306601729 ], [ -99.260597662794353, 19.59241721998125 ], [ -99.260578743889326, 19.592275401745844 ], [ -99.260569727883563, 19.592223739390299 ], [ -99.260490494113228, 19.591769722375659 ], [ -99.260385459270694, 19.591508703928987 ], [ -99.260280424770741, 19.591247685045531 ], [ -99.260224372376967, 19.591108390118407 ], [ -99.260147468049666, 19.590917275585806 ], [ -99.259997063611209, 19.590662136403886 ], [ -99.260929937427861, 19.590133717085234 ], [ -99.262522431352053, 19.58923164076916 ], [ -99.262686878872955, 19.58947914856898 ], [ -99.26270628621343, 19.589508358240867 ], [ -99.262851326899437, 19.589726656206281 ] ] ] ] } },
{ "type": "Feature", "properties": { "ENTIDAD": 15, "MUNICIPIO": 13, "LN": 648, "DISTRITO_F": 15, "DISTRITO_L": 16, "SECCION": "286" }, "geometry": { "type": "MultiPolygon", "coordinates": [ [ [ [ -99.26060007126361, 19.592439306965744 ], [ -99.25854720511272, 19.592822558830161 ], [ -99.258038030552882, 19.592920452491935 ], [ -99.256364084663829, 19.592962265688524 ], [ -99.256343921159512, 19.592748196632446 ], [ -99.256338068472715, 19.592708934630224 ], [ -99.256788543876368, 19.592452845456524 ], [ -99.256915770547323, 19.592380518465117 ], [ -99.257379688420656, 19.59211678484796 ], [ -99.257730362232053, 19.591917428218689 ], [ -99.257807516647532, 19.591873566091529 ], [ -99.257881174953994, 19.591832813257497 ], [ -99.257954833223124, 19.591792060393573 ], [ -99.258868385673026, 19.59128661561077 ], [ -99.259459989298236, 19.590959292584984 ], [ -99.259997063611792, 19.59066213676811 ], [ -99.260147468050235, 19.590917275949998 ], [ -99.260224372376967, 19.591108390118407 ], [ -99.260280424770741, 19.591247685045531 ], [ -99.260385459270694, 19.591508703928987 ], [ -99.26049049411381, 19.591769722739727 ], [ -99.260569727882981, 19.592223739026178 ], [ -99.260578743889909, 19.592275402109937 ], [ -99.260597662794353, 19.59241721998125 ], [ -99.26060007126361, 19.592439306965744 ] ] ] ] } },
{ "type": "Feature", "properties": { "ENTIDAD": 15, "MUNICIPIO": 13, "LN": 4245, "DISTRITO_F": 15, "DISTRITO_L": 16, "SECCION": "287" }, "geometry": { "type": "MultiPolygon", "coordinates": [ [ [ [ -99.255723668692397, 19.595277017873542 ], [ -99.255513108576281, 19.594651827495813 ], [ -99.25570786440484, 19.594585633776209 ], [ -99.255948764387128, 19.594503756190797 ], [ -99.256196839068977, 19.595145835518139 ], [ -99.256620149168768, 19.594966523767877 ], [ -99.257002452504778, 19.594791222852042 ], [ -99.256898591890206, 19.594493659823399 ], [ -99.256744651781844, 19.594052615723015 ], [ -99.256576997942872, 19.593572278315598 ], [ -99.256364084663829, 19.592962265688524 ], [ -99.258038030552882, 19.592920452491935 ], [ -99.25854720511272, 19.592822558830161 ], [ -99.258773361257326, 19.593091448119846 ], [ -99.259097128724321, 19.593443325161186 ], [ -99.259436706852782, 19.593800065757147 ], [ -99.260211800188316, 19.594650512879948 ], [ -99.260467792108273, 19.594918842131808 ], [ -99.260796743422276, 19.595263645132082 ], [ -99.260288620158889, 19.595612142924146 ], [ -99.259823745388317, 19.59586048142739 ], [ -99.260053148927568, 19.596513324682835 ], [ -99.259806385379136, 19.596593295138984 ], [ -99.259964999573555, 19.596986621575827 ], [ -99.259981791732471, 19.597028262114641 ], [ -99.260130719907451, 19.597388354738012 ], [ -99.260306211213248, 19.597837310809499 ], [ -99.258561010607366, 19.598572611333328 ], [ -99.258164081508909, 19.598746339250877 ], [ -99.257272511374708, 19.599115068077872 ], [ -99.256695132197848, 19.599353852944656 ], [ -99.256685450824818, 19.599326844107512 ], [ -99.256644369989218, 19.599212237775252 ], [ -99.256637910828402, 19.599194218146938 ], [ -99.256550911495694, 19.598976717883343 ], [ -99.25654258610308, 19.598955904183288 ], [ -99.256457960968007, 19.598728822562808 ], [ -99.256361446396454, 19.598488260653383 ], [ -99.256282770154954, 19.598270168574363 ], [ -99.256164762115432, 19.597971091598403 ], [ -99.256059941787271, 19.597727251110172 ], [ -99.255911623932661, 19.597324504903376 ], [ -99.255763567978363, 19.596924656133147 ], [ -99.255677129291726, 19.596690947494853 ], [ -99.255330862530641, 19.595429836929537 ], [ -99.255488307302585, 19.595368584052419 ], [ -99.255723668692397, 19.595277017873542 ] ] ] ] } },
{ "type": "Feature", "properties": { "ENTIDAD": 15, "MUNICIPIO": 13, "LN": 5837, "DISTRITO_F": 15, "DISTRITO_L": 16, "SECCION": "288" }, "geometry": { "type": "MultiPolygon", "coordinates": [ [ [ [ -99.250842326786454, 19.594804759359274 ], [ -99.251018615518646, 19.594476696016923 ], [ -99.251194903542526, 19.594148632498126 ], [ -99.251231054946359, 19.594019388217188 ], [ -99.251221856743925, 19.593948344387936 ], [ -99.251212658549946, 19.593877300557466 ], [ -99.250718252171509, 19.594450748483084 ], [ -99.250623523703268, 19.594569023551742 ], [ -99.250447543941092, 19.594788745911831 ], [ -99.250414390881261, 19.594830139611666 ], [ -99.250164843397656, 19.595071648036296 ], [ -99.249960609002997, 19.595231270488263 ], [ -99.249847960297657, 19.595322865616119 ], [ -99.249583927242483, 19.595537551303515 ], [ -99.249540467461031, 19.595566206753738 ], [ -99.249210218375822, 19.595783957664779 ], [ -99.249131412332218, 19.595578875624192 ], [ -99.248947941356477, 19.595019772750245 ], [ -99.248745974704391, 19.594332898264042 ], [ -99.249124751161517, 19.594261250248096 ], [ -99.249455621714887, 19.594198124032051 ], [ -99.249808501897789, 19.594059368801499 ], [ -99.249965298371478, 19.593997460556395 ], [ -99.250314042524025, 19.593837669348638 ], [ -99.250427087258217, 19.593785873129448 ], [ -99.250418307369088, 19.593756488975451 ], [ -99.250378356717803, 19.5936227837161 ], [ -99.250358118835322, 19.593555052281275 ], [ -99.250040762129004, 19.592546062325543 ], [ -99.250433912026949, 19.592506581969065 ], [ -99.25081238971147, 19.592467121169374 ], [ -99.251211403697823, 19.592424849915329 ], [ -99.25160161426345, 19.592382590065981 ], [ -99.251930206547954, 19.592343196535715 ], [ -99.253843112437508, 19.592134715859544 ], [ -99.253687660104134, 19.591704596477353 ], [ -99.253537645670903, 19.591305388851715 ], [ -99.253528566601119, 19.591281703834117 ], [ -99.253350023416857, 19.590814883114106 ], [ -99.252953150134729, 19.589719236528143 ], [ -99.253459026789272, 19.589846328187644 ], [ -99.253481542405993, 19.589851984760141 ], [ -99.253960003494271, 19.589954210245548 ], [ -99.254136152131977, 19.590009583004289 ], [ -99.254435561397301, 19.590075905882866 ], [ -99.254905260034462, 19.590203170635487 ], [ -99.255372011877597, 19.590322095187645 ], [ -99.255768348430408, 19.590446680519083 ], [ -99.255877627347616, 19.590894274031466 ], [ -99.256169007148074, 19.591975841819917 ], [ -99.256185549017204, 19.592036139821861 ], [ -99.256293790218422, 19.59242047752366 ], [ -99.256338068472715, 19.592708934630224 ], [ -99.256343921159512, 19.592748196632446 ], [ -99.256364084663829, 19.592962265688524 ], [ -99.256576997942872, 19.593572278315598 ], [ -99.256744651781844, 19.594052615723015 ], [ -99.256898591890206, 19.594493659823399 ], [ -99.257002452504778, 19.594791222852042 ], [ -99.256620149168768, 19.594966523767877 ], [ -99.256196839068977, 19.595145835518139 ], [ -99.255948764387128, 19.594503756190797 ], [ -99.25570786440484, 19.594585633776209 ], [ -99.255513108576281, 19.594651827495813 ], [ -99.255723668692397, 19.595277017873542 ], [ -99.255488307302585, 19.595368584052419 ], [ -99.255330862530641, 19.595429836929537 ], [ -99.255677129291726, 19.596690947494853 ], [ -99.255763567978363, 19.596924656133147 ], [ -99.255911623932661, 19.597324504903376 ], [ -99.256059941787271, 19.597727251110172 ], [ -99.256164762115432, 19.597971091598403 ], [ -99.255726760898966, 19.598142806019684 ], [ -99.25529949403888, 19.598279360109853 ], [ -99.2548579113774, 19.598434966210206 ], [ -99.254510090213088, 19.598553871112124 ], [ -99.254489927382366, 19.598560272203713 ], [ -99.254239627036256, 19.598639734796041 ], [ -99.253693790307082, 19.598707989682673 ], [ -99.253223896306466, 19.598767138137884 ], [ -99.252933030208197, 19.598800737785051 ], [ -99.252822721195642, 19.598820046209863 ], [ -99.252363371840644, 19.59748881532337 ], [ -99.252261714196479, 19.597496441346895 ], [ -99.252078549939881, 19.597510181583043 ], [ -99.251895385649917, 19.59752392163341 ], [ -99.251759209070599, 19.597162558830775 ], [ -99.251707981542296, 19.597044674343415 ], [ -99.251620215517661, 19.59683212973825 ], [ -99.251490262287035, 19.596485225426207 ], [ -99.251338748505788, 19.596069114473991 ], [ -99.251311225502221, 19.595993341207162 ], [ -99.251169428259203, 19.59560316269647 ], [ -99.251045591769412, 19.595319694782539 ], [ -99.250949877072713, 19.595098093216812 ], [ -99.25094163372394, 19.595075610255748 ], [ -99.250842326786454, 19.594804759359274 ] ] ] ] } },
{ "type": "Feature", "properties": { "ENTIDAD": 15, "MUNICIPIO": 13, "LN": 3547, "DISTRITO_F": 15, "DISTRITO_L": 26, "SECCION": "289" }, "geometry": { "type": "MultiPolygon", "coordinates": [ [ [ [ -99.242697687820666, 19.595453345951594 ], [ -99.241944401229404, 19.595897016407182 ], [ -99.241604917214232, 19.596164060557438 ], [ -99.241545248641941, 19.596211533219616 ], [ -99.24116928315685, 19.596510652446987 ], [ -99.240805611850149, 19.596799988595272 ], [ -99.240612606902943, 19.596953542219619 ], [ -99.240432297197444, 19.597022711961053 ], [ -99.240042312591157, 19.597172315593738 ], [ -99.239651706313779, 19.597322156587346 ], [ -99.239261099305054, 19.597471996739543 ], [ -99.238155095574655, 19.597427832195471 ], [ -99.238025396085263, 19.596881230426387 ], [ -99.237581304719527, 19.594768266009961 ], [ -99.237572872346377, 19.594716835904634 ], [ -99.237326041712095, 19.593211369489904 ], [ -99.237713143796256, 19.593140041011026 ], [ -99.238093452447799, 19.593068720675543 ], [ -99.238500923589342, 19.592990925565545 ], [ -99.238877849233191, 19.592929265119892 ], [ -99.23926392625124, 19.592880360836872 ], [ -99.239659223012481, 19.592823153638051 ], [ -99.240064523154672, 19.592757953896065 ], [ -99.240470476500619, 19.592692159286965 ], [ -99.240867755898847, 19.592614372437104 ], [ -99.241107377557384, 19.593866251231919 ], [ -99.241492670744961, 19.593720879589775 ], [ -99.241877963232511, 19.593575507129103 ], [ -99.24208600793483, 19.594039994623955 ], [ -99.242293113635, 19.594531246994023 ], [ -99.242366496494014, 19.594705649066931 ], [ -99.242447163385876, 19.594894540824875 ], [ -99.242525909744572, 19.595070432637414 ], [ -99.242697687820666, 19.595453345951594 ] ] ] ] } },
{ "type": "Feature", "properties": { "ENTIDAD": 15, "MUNICIPIO": 13, "LN": 2809, "DISTRITO_F": 15, "DISTRITO_L": 26, "SECCION": "290" }, "geometry": { "type": "MultiPolygon", "coordinates": [ [ [ [ -99.237581304719527, 19.594768266009961 ], [ -99.237453416555425, 19.594800341659411 ], [ -99.237480640388853, 19.594998130107694 ], [ -99.236555987368888, 19.595816168813975 ], [ -99.236371050052838, 19.595975947138832 ], [ -99.235564133944322, 19.596733202767314 ], [ -99.235546356077677, 19.596748379700962 ], [ -99.235365741500303, 19.596902569789364 ], [ -99.23480760534558, 19.597417002728143 ], [ -99.234781097466836, 19.597440934132031 ], [ -99.234605862997725, 19.597599136136608 ], [ -99.234051087056557, 19.598108165616356 ], [ -99.23403595356676, 19.5981220511398 ], [ -99.234020820074349, 19.598135936661976 ], [ -99.233835082076652, 19.598312443826593 ], [ -99.233093445502234, 19.599007605784841 ], [ -99.232908228355484, 19.599159112079722 ], [ -99.232833163452256, 19.599192576754906 ], [ -99.232739518511437, 19.599206345666072 ], [ -99.232662914700072, 19.598660566040845 ], [ -99.232584343208998, 19.598090350238582 ], [ -99.232504320338847, 19.597509596987987 ], [ -99.232450120679246, 19.597116249072329 ], [ -99.232426382279897, 19.596943969679106 ], [ -99.23234802794795, 19.596375317090967 ], [ -99.232290031675149, 19.595954409358331 ], [ -99.232359615505956, 19.595891639413974 ], [ -99.233240819870943, 19.595096719064077 ], [ -99.23412058737749, 19.594263355521285 ], [ -99.23501178343615, 19.593478451811016 ], [ -99.235105415305924, 19.593383664040854 ], [ -99.235462985466228, 19.593033472049843 ], [ -99.235644385342951, 19.59266167292872 ], [ -99.236082850105305, 19.592636504802222 ], [ -99.23590111311259, 19.591418278480052 ], [ -99.236338679865952, 19.591371919679986 ], [ -99.236084191475953, 19.589852489300469 ], [ -99.236523444106879, 19.589564710424742 ], [ -99.236482344174902, 19.589345139078628 ], [ -99.236613422642222, 19.589260471700229 ], [ -99.236757192923477, 19.590109227349519 ], [ -99.237040583276027, 19.59163979029768 ], [ -99.237326041712095, 19.593211369489904 ], [ -99.237572872346377, 19.594716835904634 ], [ -99.237581304719527, 19.594768266009961 ] ] ] ] } },
{ "type": "Feature", "properties": { "ENTIDAD": 15, "MUNICIPIO": 13, "LN": 1154, "DISTRITO_F": 15, "DISTRITO_L": 26, "SECCION": "291" }, "geometry": { "type": "MultiPolygon", "coordinates": [ [ [ [ -99.232511315968097, 19.600359046443323 ], [ -99.232639753032501, 19.601569128242826 ], [ -99.232907884023462, 19.603378402772407 ], [ -99.232823986186602, 19.603615586002999 ], [ -99.232750682938573, 19.603793561114436 ], [ -99.232659623852769, 19.603971559120101 ], [ -99.232273578610148, 19.60362831525147 ], [ -99.232078156246203, 19.60355164577463 ], [ -99.231867638942148, 19.603561531931931 ], [ -99.231085628279018, 19.603646334164019 ], [ -99.230606802482598, 19.603709016666574 ], [ -99.230470242716507, 19.60372197468957 ], [ -99.230418831204361, 19.603243686269685 ], [ -99.230300978269767, 19.602419336965212 ], [ -99.230217095915421, 19.602294447058476 ], [ -99.229770261010088, 19.601859943664831 ], [ -99.229298180515087, 19.601426727953864 ], [ -99.229353011620546, 19.601328308827213 ], [ -99.229379785466065, 19.601280251047331 ], [ -99.23020068679611, 19.601380903602216 ], [ -99.230262799547702, 19.601388519228642 ], [ -99.230308633927763, 19.601394138954376 ], [ -99.23040841731013, 19.601380965773547 ], [ -99.230687519919343, 19.601133139246741 ], [ -99.230782476188324, 19.601217445456736 ], [ -99.230788480942337, 19.601270384585224 ], [ -99.23126030983839, 19.601227919678383 ], [ -99.231810997478561, 19.600733926181643 ], [ -99.232027544710121, 19.600565530543332 ], [ -99.232147897800502, 19.600410563428987 ], [ -99.232511315968097, 19.600359046443323 ] ] ] ] } },
{ "type": "Feature", "properties": { "ENTIDAD": 15, "MUNICIPIO": 13, "LN": 1222, "DISTRITO_F": 15, "DISTRITO_L": 26, "SECCION": "292" }, "geometry": { "type": "MultiPolygon", "coordinates": [ [ [ [ -99.232427401512638, 19.599637615434229 ], [ -99.232452139463831, 19.599850293746996 ], [ -99.232511315968097, 19.600359046443323 ], [ -99.232147897800502, 19.600410563428987 ], [ -99.232027544710121, 19.600565530543332 ], [ -99.231810997478561, 19.600733926181643 ], [ -99.23126030983839, 19.601227919678383 ], [ -99.230788480942337, 19.601270384585224 ], [ -99.230782476188324, 19.601217445456736 ], [ -99.230687519919343, 19.601133139246741 ], [ -99.23040841731013, 19.601380965773547 ], [ -99.230308633927763, 19.601394138954376 ], [ -99.230262799547702, 19.601388519228642 ], [ -99.23020068679611, 19.601380903602216 ], [ -99.229379785466065, 19.601280251047331 ], [ -99.229353011620546, 19.601328308827213 ], [ -99.229298180515087, 19.601426727953864 ], [ -99.229054136245622, 19.601176720787599 ], [ -99.228847183537738, 19.60097568662891 ], [ -99.228928002913307, 19.600905279674322 ], [ -99.229124593433781, 19.601065428642489 ], [ -99.229451532261095, 19.600774058879249 ], [ -99.229281599651515, 19.60043034032244 ], [ -99.229280008313467, 19.599306885592927 ], [ -99.229628173264786, 19.59866774239299 ], [ -99.229213066085592, 19.598406240001658 ], [ -99.229373485415422, 19.598131762627851 ], [ -99.229637473021199, 19.597914392079662 ], [ -99.229956046971949, 19.598284058145058 ], [ -99.23026060394939, 19.598637457092767 ], [ -99.230478107208612, 19.598473409875417 ], [ -99.230737176916946, 19.598374816878021 ], [ -99.231199971189568, 19.598322075444781 ], [ -99.231720564843641, 19.598262745559776 ], [ -99.232255924094403, 19.598201731289343 ], [ -99.232394805907333, 19.599362985994187 ], [ -99.232427401512638, 19.599637615434229 ] ] ] ] } },
{ "type": "Feature", "properties": { "ENTIDAD": 15, "MUNICIPIO": 13, "LN": 631, "DISTRITO_F": 15, "DISTRITO_L": 26, "SECCION": "293" }, "geometry": { "type": "MultiPolygon", "coordinates": [ [ [ [ -99.232255924094403, 19.598201731289343 ], [ -99.231720564843641, 19.598262745559776 ], [ -99.231199971189568, 19.598322075444781 ], [ -99.230737176916946, 19.598374816878021 ], [ -99.230478107208612, 19.598473409875417 ], [ -99.23026060394939, 19.598637457092767 ], [ -99.229956046971949, 19.598284058145058 ], [ -99.229637473021199, 19.597914392079662 ], [ -99.229653990822541, 19.597804745534891 ], [ -99.229578772626326, 19.597730516915401 ], [ -99.229373722589003, 19.597528164021412 ], [ -99.228938031013087, 19.597398813451854 ], [ -99.229044222657748, 19.597039137635651 ], [ -99.228793517477641, 19.596898717362411 ], [ -99.228383739803874, 19.596669199107712 ], [ -99.228535262206861, 19.596108640346213 ], [ -99.228577112621991, 19.59595381358729 ], [ -99.22928783580565, 19.594823319794926 ], [ -99.229658522617569, 19.594418545933891 ], [ -99.229780015478823, 19.594515708264517 ], [ -99.229663773625873, 19.594829925367826 ], [ -99.230056158090278, 19.595050600361319 ], [ -99.230238574636715, 19.595320201352799 ], [ -99.230407089941906, 19.595660596011673 ], [ -99.230452553241022, 19.596127558941252 ], [ -99.230366095547907, 19.59637283284771 ], [ -99.230072770278142, 19.597511259686193 ], [ -99.230041158639906, 19.597633946874755 ], [ -99.231608605828399, 19.597030342925002 ], [ -99.231809323801983, 19.597038931916579 ], [ -99.232010193938947, 19.597153684606692 ], [ -99.232122564424401, 19.59739683269796 ], [ -99.232255924094403, 19.598201731289343 ] ] ] ] } },
{ "type": "Feature", "properties": { "ENTIDAD": 15, "MUNICIPIO": 13, "LN": 3878, "DISTRITO_F": 15, "DISTRITO_L": 26, "SECCION": "294" }, "geometry": { "type": "MultiPolygon", "coordinates": [ [ [ [ -99.226827552089844, 19.593080135376088 ], [ -99.22682789138311, 19.593322349865929 ], [ -99.226703645259803, 19.594452254974883 ], [ -99.226538845118057, 19.594998507367155 ], [ -99.226320984043141, 19.595488338779223 ], [ -99.225957546485816, 19.596066221789748 ], [ -99.225525003843245, 19.596606902824089 ], [ -99.225156989288948, 19.597066919685396 ], [ -99.224787130038536, 19.597529240088594 ], [ -99.22413041103168, 19.597167689402951 ], [ -99.223556448768477, 19.59686479612796 ], [ -99.223571875515887, 19.596810911404138 ], [ -99.222842911286165, 19.596513104880781 ], [ -99.222761821985216, 19.596635190648879 ], [ -99.222213973833334, 19.596256539686987 ], [ -99.222196662426057, 19.596244574670767 ], [ -99.221560435064617, 19.595776543888512 ], [ -99.221100149607736, 19.595437938917254 ], [ -99.221075923219672, 19.595418856031312 ], [ -99.22100568502124, 19.595363530053739 ], [ -99.220758760383632, 19.595169029283422 ], [ -99.220422559273729, 19.594914803262789 ], [ -99.220226541160756, 19.594755370434832 ], [ -99.220200132572501, 19.594733890767273 ], [ -99.219904226988433, 19.594528045607998 ], [ -99.219876890562659, 19.594509029116093 ], [ -99.219132368939142, 19.593980581176634 ], [ -99.219162770878029, 19.593963359809916 ], [ -99.219379785147083, 19.593840430477577 ], [ -99.219553331646495, 19.593630689757163 ], [ -99.219762856306133, 19.593377466458062 ], [ -99.21992461413015, 19.593118512960054 ], [ -99.220186609754109, 19.592699090515293 ], [ -99.220435559308967, 19.59222922777283 ], [ -99.220498551106076, 19.591982014669778 ], [ -99.221560801998152, 19.591779037424388 ], [ -99.221819186331558, 19.591729663753576 ], [ -99.221914085272331, 19.591711529778742 ], [ -99.221933834586451, 19.591707755930457 ], [ -99.222199828152242, 19.591633975179995 ], [ -99.222261660521553, 19.591617581375946 ], [ -99.222282418717654, 19.591612077686904 ], [ -99.222450330934279, 19.591567558464661 ], [ -99.222718469892115, 19.591497814991893 ], [ -99.222868492337383, 19.591458793657527 ], [ -99.223646776986357, 19.591256356943429 ], [ -99.223935276146349, 19.59118131552356 ], [ -99.224149591546706, 19.591128950504334 ], [ -99.224431794548664, 19.591059997644113 ], [ -99.224539595434436, 19.591033657681198 ], [ -99.224584169053983, 19.591506150563418 ], [ -99.223984876082554, 19.59155341638915 ], [ -99.223809263239986, 19.591597706345254 ], [ -99.223726660867527, 19.591646777612226 ], [ -99.223355152189612, 19.592014503833632 ], [ -99.22318766357894, 19.592330559655526 ], [ -99.223753332426242, 19.592655422790457 ], [ -99.223787501069211, 19.59267504571346 ], [ -99.22396331149136, 19.592772764873846 ], [ -99.224400149825584, 19.592941163814903 ], [ -99.224756847356247, 19.593070486627305 ], [ -99.225027194350176, 19.593071747698289 ], [ -99.225899226033405, 19.593075812647765 ], [ -99.226827552089844, 19.593080135376088 ] ] ] ] } },
{ "type": "Feature", "properties": { "ENTIDAD": 15, "MUNICIPIO": 13, "LN": 4453, "DISTRITO_F": 15, "DISTRITO_L": 26, "SECCION": "295" }, "geometry": { "type": "MultiPolygon", "coordinates": [ [ [ [ -99.220498551106076, 19.591982014669778 ], [ -99.220195747743574, 19.591873112949891 ], [ -99.218933826594551, 19.591485473600827 ], [ -99.218907414580784, 19.591307719646238 ], [ -99.218899500166685, 19.591284921119662 ], [ -99.218615168582033, 19.590399611831664 ], [ -99.218490243832278, 19.589921338675762 ], [ -99.217794062612384, 19.59006955700001 ], [ -99.217042698370307, 19.590044424110911 ], [ -99.216900906449013, 19.589868068896006 ], [ -99.216729096419186, 19.589529345865845 ], [ -99.216780988381487, 19.589335105046935 ], [ -99.216926406995228, 19.589090920283688 ], [ -99.216986526254942, 19.589000450187335 ], [ -99.21724593374806, 19.588631932239675 ], [ -99.217544762567925, 19.588227101145332 ], [ -99.217677026734123, 19.588055978326935 ], [ -99.218017669363547, 19.58767258431326 ], [ -99.218203215359608, 19.587631673076853 ], [ -99.218419776968148, 19.587628392454491 ], [ -99.218528010937305, 19.587592040053575 ], [ -99.21854818698263, 19.587584137606754 ], [ -99.218744462423075, 19.587507261321345 ], [ -99.218765683629215, 19.58749877783011 ], [ -99.218964094384773, 19.587419460029501 ], [ -99.218983794370814, 19.587409946235098 ], [ -99.21916460515402, 19.587322626394659 ], [ -99.219326849262984, 19.587189617816026 ], [ -99.219344354619636, 19.587175876327684 ], [ -99.219400021534639, 19.587132178461712 ], [ -99.21950501699429, 19.587056589709331 ], [ -99.220807858515059, 19.587251197640018 ], [ -99.220887272244013, 19.587100178440533 ], [ -99.221011107947717, 19.586828367210899 ], [ -99.221198457235801, 19.586423666680219 ], [ -99.221398499245737, 19.585985747531858 ], [ -99.221758471748785, 19.58605472933403 ], [ -99.221991219651031, 19.586244604630473 ], [ -99.222201606213801, 19.586395565048239 ], [ -99.222460417275485, 19.586581271168608 ], [ -99.222663988875297, 19.586727340448871 ], [ -99.222864708010974, 19.586871362504819 ], [ -99.222954396837238, 19.587245538015807 ], [ -99.223015560137412, 19.587719357208801 ], [ -99.222952221642288, 19.587979021222505 ], [ -99.222840965597115, 19.588133099096051 ], [ -99.223293435810021, 19.588298553456298 ], [ -99.223626381457819, 19.588441108192701 ], [ -99.223745596665879, 19.588492151424969 ], [ -99.223361684729937, 19.588879207091601 ], [ -99.222996481642269, 19.589235134690679 ], [ -99.222877537858921, 19.589264109532515 ], [ -99.222795816637159, 19.589284016864262 ], [ -99.222619929217188, 19.589326862988475 ], [ -99.222373135060224, 19.589386981646161 ], [ -99.222590400584721, 19.590550895993371 ], [ -99.222632877296945, 19.590755241974371 ], [ -99.222718469892115, 19.591497814991893 ], [ -99.222450330934279, 19.591567558464661 ], [ -99.222282418717654, 19.591612077686904 ], [ -99.222261660521553, 19.591617581375946 ], [ -99.222199828152242, 19.591633975179995 ], [ -99.221933834586451, 19.591707755930457 ], [ -99.221914085272331, 19.591711529778742 ], [ -99.221819186331558, 19.591729663753576 ], [ -99.221560801998152, 19.591779037424388 ], [ -99.220498551106076, 19.591982014669778 ] ] ] ] } },
{ "type": "Feature", "properties": { "ENTIDAD": 15, "MUNICIPIO": 13, "LN": 2356, "DISTRITO_F": 15, "DISTRITO_L": 26, "SECCION": "296" }, "geometry": { "type": "MultiPolygon", "coordinates": [ [ [ [ -99.226827552089844, 19.593080135376088 ], [ -99.225899226033405, 19.593075812647765 ], [ -99.225027194350176, 19.593071747698289 ], [ -99.224756847356247, 19.593070486627305 ], [ -99.224400149825584, 19.592941163814903 ], [ -99.22396331149136, 19.592772764873846 ], [ -99.223787501069211, 19.59267504571346 ], [ -99.223753332426242, 19.592655422790457 ], [ -99.22318766357894, 19.592330559655526 ], [ -99.223355152189612, 19.592014503833632 ], [ -99.223726660867527, 19.591646777612226 ], [ -99.223809263239986, 19.591597706345254 ], [ -99.223984876082554, 19.59155341638915 ], [ -99.224584169053983, 19.591506150563418 ], [ -99.224539595434436, 19.591033657681198 ], [ -99.224431794548664, 19.591059997644113 ], [ -99.224149591546706, 19.591128950504334 ], [ -99.223935276146349, 19.59118131552356 ], [ -99.223646776986357, 19.591256356943429 ], [ -99.222868492337383, 19.591458793657527 ], [ -99.222718469892115, 19.591497814991893 ], [ -99.222632877296945, 19.590755241974371 ], [ -99.222590400584721, 19.590550895993371 ], [ -99.222373135060224, 19.589386981646161 ], [ -99.222619929217174, 19.589326862988475 ], [ -99.222795816637159, 19.589284016864262 ], [ -99.222877537858921, 19.589264109532515 ], [ -99.222996481642269, 19.589235134690679 ], [ -99.223361684729937, 19.588879207091601 ], [ -99.223745596665879, 19.588492151424969 ], [ -99.223863112590777, 19.588714177805208 ], [ -99.224565861475611, 19.588348941508233 ], [ -99.224568647640197, 19.588468167649811 ], [ -99.224570845543695, 19.588562220644576 ], [ -99.225285875425087, 19.588601319710282 ], [ -99.226160768955552, 19.588646824960062 ], [ -99.226183182815916, 19.588647990701027 ], [ -99.226591739744777, 19.588670967828453 ], [ -99.226774600579773, 19.588680140307762 ], [ -99.227111936297305, 19.588689279269342 ], [ -99.226994595348572, 19.590009122213349 ], [ -99.226972605151175, 19.590259292469757 ], [ -99.226963468565216, 19.590436974021124 ], [ -99.226895510822288, 19.591758554802546 ], [ -99.226827552089844, 19.593080135376088 ] ] ] ] } },
{ "type": "Feature", "properties": { "ENTIDAD": 15, "MUNICIPIO": 13, "LN": 2655, "DISTRITO_F": 15, "DISTRITO_L": 26, "SECCION": "297" }, "geometry": { "type": "MultiPolygon", "coordinates": [ [ [ [ -99.230658529977532, 19.58614686582618 ], [ -99.231074569220127, 19.586223169678053 ], [ -99.231085591688043, 19.586537186566265 ], [ -99.23253872560467, 19.587163378718749 ], [ -99.232482674909804, 19.587320727478449 ], [ -99.23240180769919, 19.587547741506921 ], [ -99.232169532780375, 19.588902456906077 ], [ -99.232166240537097, 19.588921658356202 ], [ -99.232160608438576, 19.58895450660464 ], [ -99.232146619016987, 19.589031361786116 ], [ -99.232110643469269, 19.58923328395252 ], [ -99.231952455303116, 19.5901211504721 ], [ -99.231412414366375, 19.590162470177688 ], [ -99.230700958489678, 19.590216901868821 ], [ -99.230621507684376, 19.590229556276739 ], [ -99.229836834542908, 19.59028704567773 ], [ -99.228956171555978, 19.590369759122012 ], [ -99.228442987562701, 19.59034748120196 ], [ -99.228075335262929, 19.590330078996836 ], [ -99.227840369909046, 19.590314996578137 ], [ -99.227145128543739, 19.590270367245367 ], [ -99.22709820656344, 19.59026735497471 ], [ -99.227014085806118, 19.590261954607222 ], [ -99.226972605150664, 19.590259292105397 ], [ -99.226994595348572, 19.590009122213349 ], [ -99.227111936296808, 19.588689278904813 ], [ -99.227122972395563, 19.588584886228126 ], [ -99.227140366465733, 19.588439985292279 ], [ -99.227349911862333, 19.587110239070888 ], [ -99.227598192966781, 19.585606469845242 ], [ -99.227671625054597, 19.585171822172704 ], [ -99.22770306591174, 19.585185183857636 ], [ -99.227757600344063, 19.585208359794787 ], [ -99.227801860967929, 19.585227169571663 ], [ -99.228588626383228, 19.585561529759751 ], [ -99.229149369714023, 19.585771285263853 ], [ -99.22941934721932, 19.585856960488925 ], [ -99.229642940199568, 19.585928708251306 ], [ -99.230242491115376, 19.58607056028012 ], [ -99.230658529977532, 19.58614686582618 ] ] ] ] } },
{ "type": "Feature", "properties": { "ENTIDAD": 15, "MUNICIPIO": 13, "LN": 2680, "DISTRITO_F": 15, "DISTRITO_L": 26, "SECCION": "298" }, "geometry": { "type": "MultiPolygon", "coordinates": [ [ [ [ -99.232796182646311, 19.599610058452871 ], [ -99.232427401512638, 19.599637615434229 ], [ -99.232394805907333, 19.599362985994187 ], [ -99.232255924094403, 19.598201731289343 ], [ -99.232122564424401, 19.59739683269796 ], [ -99.232010193938947, 19.597153684606692 ], [ -99.231809323801983, 19.597038931916579 ], [ -99.231608605828399, 19.597030342925002 ], [ -99.230041158639906, 19.597633946874755 ], [ -99.230072770278142, 19.597511259686193 ], [ -99.230366095547907, 19.59637283284771 ], [ -99.230452553241022, 19.596127558941252 ], [ -99.230407089941906, 19.595660596011673 ], [ -99.230238574636715, 19.595320201352799 ], [ -99.230056158090278, 19.595050600361319 ], [ -99.229663773625873, 19.594829925367826 ], [ -99.229780015478823, 19.594515708264517 ], [ -99.229658522617569, 19.594418545933891 ], [ -99.23026753027456, 19.593645841899633 ], [ -99.230283207087624, 19.593625951160618 ], [ -99.231281787664329, 19.592407310477299 ], [ -99.231384198773824, 19.592268254595254 ], [ -99.231404535984566, 19.592240640282725 ], [ -99.231460474271344, 19.592164685984727 ], [ -99.231641979016047, 19.591905898013657 ], [ -99.23169647433194, 19.591788817515766 ], [ -99.23172413837834, 19.591729382606065 ], [ -99.231806297563296, 19.591552867159407 ], [ -99.231965149639365, 19.59108447178092 ], [ -99.231981747156155, 19.591035531746773 ], [ -99.232199544039702, 19.590324225439858 ], [ -99.233021358488131, 19.590702917692358 ], [ -99.233206137172928, 19.590747117906851 ], [ -99.233390915956562, 19.59079131793073 ], [ -99.234726362439972, 19.590663000152073 ], [ -99.235124578272007, 19.590508355535842 ], [ -99.235969207516092, 19.58978840946758 ], [ -99.236482344174902, 19.589345139078628 ], [ -99.236523444106879, 19.589564710424742 ], [ -99.236084191475953, 19.589852489300469 ], [ -99.236338679865952, 19.591371919679986 ], [ -99.23590111311259, 19.591418278480052 ], [ -99.236082850105305, 19.592636504802222 ], [ -99.235644385342951, 19.59266167292872 ], [ -99.235462985466228, 19.593033472049843 ], [ -99.235105415305924, 19.593383664040854 ], [ -99.23501178343615, 19.593478451811016 ], [ -99.23412058737749, 19.594263355521285 ], [ -99.233240819870943, 19.595096719064077 ], [ -99.232359615505956, 19.595891639413974 ], [ -99.232290031675149, 19.595954409358331 ], [ -99.23234802794795, 19.596375317090967 ], [ -99.232426382279897, 19.596943969679106 ], [ -99.232450120679246, 19.597116249072329 ], [ -99.232504320338847, 19.597509596987987 ], [ -99.232584343208998, 19.598090350238582 ], [ -99.232662914700072, 19.598660566040845 ], [ -99.232739518511437, 19.599206345666072 ], [ -99.232796182646311, 19.599610058452871 ] ] ] ] } },
{ "type": "Feature", "properties": { "ENTIDAD": 15, "MUNICIPIO": 13, "LN": 2808, "DISTRITO_F": 15, "DISTRITO_L": 26, "SECCION": "299" }, "geometry": { "type": "MultiPolygon", "coordinates": [ [ [ [ -99.243227329267071, 19.592963498459664 ], [ -99.242948111776897, 19.593070714526004 ], [ -99.242731577215139, 19.593145350761528 ], [ -99.24258182459792, 19.593204314751301 ], [ -99.24241214582338, 19.593263113348247 ], [ -99.242204844460417, 19.593341933938095 ], [ -99.242131170796824, 19.593367005042147 ], [ -99.241827856360899, 19.593474655482385 ], [ -99.241877963232511, 19.593575507129103 ], [ -99.241492670744961, 19.593720879589775 ], [ -99.241107377557384, 19.593866251231919 ], [ -99.240867755898847, 19.592614372437104 ], [ -99.240470476500619, 19.592692159286965 ], [ -99.240064523154672, 19.592757953896065 ], [ -99.239659223012481, 19.592823153638051 ], [ -99.23926392625124, 19.592880360836872 ], [ -99.238877849233191, 19.592929265119892 ], [ -99.238500923589342, 19.592990925565545 ], [ -99.238093452447799, 19.593068720675543 ], [ -99.237713143796256, 19.593140041011026 ], [ -99.237326041712095, 19.593211369489904 ], [ -99.237040583276027, 19.59163979029768 ], [ -99.236757192923477, 19.590109227349519 ], [ -99.236613422642222, 19.589260471700229 ], [ -99.236995650985733, 19.589181619757539 ], [ -99.237383074448388, 19.589122347657252 ], [ -99.237801512740532, 19.589072827570519 ], [ -99.238209746824722, 19.589111463694088 ], [ -99.238535406160651, 19.589213867484407 ], [ -99.23866472035391, 19.589311633805057 ], [ -99.239130187667911, 19.589619520011635 ], [ -99.239570427506891, 19.589930392930683 ], [ -99.240027267290372, 19.590243663286319 ], [ -99.240495628251878, 19.590562800043827 ], [ -99.240730660570264, 19.590709366080713 ], [ -99.242166273995892, 19.591735812676276 ], [ -99.242473438294965, 19.592049015109605 ], [ -99.243227329267071, 19.592963498459664 ] ] ] ] } },
{ "type": "Feature", "properties": { "ENTIDAD": 15, "MUNICIPIO": 13, "LN": 2728, "DISTRITO_F": 15, "DISTRITO_L": 26, "SECCION": "300" }, "geometry": { "type": "MultiPolygon", "coordinates": [ [ [ [ -99.244467154223145, 19.5937426394906 ], [ -99.243972182875936, 19.593575698069834 ], [ -99.243728075240355, 19.593452621889362 ], [ -99.243527939987899, 19.593319391913735 ], [ -99.243364098476889, 19.593147354527954 ], [ -99.243227329267071, 19.592963498459664 ], [ -99.242473438294965, 19.592049015109605 ], [ -99.242166273995892, 19.591735812676276 ], [ -99.240730660570264, 19.590709366080713 ], [ -99.240733873304606, 19.590470908388081 ], [ -99.240731832232498, 19.590179628027656 ], [ -99.240736244180738, 19.589758649634287 ], [ -99.240733445885255, 19.589297180920649 ], [ -99.240740185054008, 19.588821494694901 ], [ -99.241626432926864, 19.588826557608137 ], [ -99.241705990706805, 19.588354810128653 ], [ -99.241791011588404, 19.587874529234725 ], [ -99.241840153473746, 19.587465341405132 ], [ -99.242004876564522, 19.587360212913122 ], [ -99.242649713738473, 19.587356997666571 ], [ -99.2430914754367, 19.587354717760697 ], [ -99.243555450330646, 19.587352369350086 ], [ -99.243552149231505, 19.588797117941048 ], [ -99.243549706576104, 19.5898661893916 ], [ -99.243548908666469, 19.590215413609382 ], [ -99.244009911244675, 19.590219932237368 ], [ -99.244025158343561, 19.591340455756555 ], [ -99.244448195698197, 19.591342452740669 ], [ -99.24451336702073, 19.591401475559888 ], [ -99.244616588366412, 19.591516987872556 ], [ -99.244673682795067, 19.591614572365685 ], [ -99.24466043075067, 19.591817624433432 ], [ -99.244479324767411, 19.592203377854371 ], [ -99.244479410128889, 19.592259918873264 ], [ -99.244477073915363, 19.592523350086061 ], [ -99.244486548356264, 19.593532086992774 ], [ -99.244486825516319, 19.593561595711474 ], [ -99.244472416018908, 19.59369421285011 ], [ -99.244467154223145, 19.5937426394906 ] ] ] ] } },
{ "type": "Feature", "properties": { "ENTIDAD": 15, "MUNICIPIO": 13, "LN": 3425, "DISTRITO_F": 15, "DISTRITO_L": 16, "SECCION": "301" }, "geometry": { "type": "MultiPolygon", "coordinates": [ [ [ [ -99.244467154223145, 19.5937426394906 ], [ -99.244472416018908, 19.59369421285011 ], [ -99.244486825516319, 19.593561595711474 ], [ -99.244486548356264, 19.593532086992774 ], [ -99.244477073915363, 19.592523350086061 ], [ -99.244479410128889, 19.592259918873264 ], [ -99.244479324767411, 19.592203377854371 ], [ -99.24466043075067, 19.591817624433432 ], [ -99.244673682795067, 19.591614572365685 ], [ -99.244616588366412, 19.591516987872556 ], [ -99.24451336702073, 19.591401475559888 ], [ -99.244448195698197, 19.591342452740669 ], [ -99.244025158343561, 19.591340455756555 ], [ -99.244009911244675, 19.590219932237368 ], [ -99.244451876438703, 19.590222524459971 ], [ -99.245048561628295, 19.59022602243034 ], [ -99.245051672169637, 19.590519216927479 ], [ -99.245313941644625, 19.590863284913951 ], [ -99.245383646085372, 19.590954728967471 ], [ -99.245489698414303, 19.591093856934535 ], [ -99.245545707784316, 19.591167334403156 ], [ -99.245605809489049, 19.591246180421294 ], [ -99.246188046189602, 19.59095264880418 ], [ -99.246592375100434, 19.5907488067486 ], [ -99.246997181618454, 19.590544722487902 ], [ -99.247283256680646, 19.590400517794599 ], [ -99.24697889571253, 19.590088853467186 ], [ -99.247316794210136, 19.589277359145008 ], [ -99.247546844538505, 19.588798060752861 ], [ -99.247743885447207, 19.58838753336682 ], [ -99.248167649033221, 19.588505749844202 ], [ -99.248702999744182, 19.588655093879954 ], [ -99.249156636350719, 19.588781641086047 ], [ -99.249606834500014, 19.588907227764611 ], [ -99.249474087783128, 19.589180331200723 ], [ -99.24932123555493, 19.589494796998256 ], [ -99.249134574087051, 19.589878817366362 ], [ -99.249171685467886, 19.589985884553805 ], [ -99.249400685672697, 19.590646552023024 ], [ -99.248940704457027, 19.590773464498369 ], [ -99.249130640693437, 19.591372000248953 ], [ -99.249940598584203, 19.593746292801391 ], [ -99.249948447964286, 19.593826111845793 ], [ -99.249961645865724, 19.593960318926023 ], [ -99.249965298371478, 19.593997460556395 ], [ -99.249808501897789, 19.594059368801499 ], [ -99.249455621714887, 19.594198124032051 ], [ -99.249124751161517, 19.594261250248096 ], [ -99.248745974704391, 19.594332898264042 ], [ -99.248359821567618, 19.594389416166841 ], [ -99.247987280337412, 19.594432993672918 ], [ -99.247760202214806, 19.59446285518624 ], [ -99.247517786969524, 19.594445339630269 ], [ -99.246893323770493, 19.594326824228261 ], [ -99.246616234516651, 19.594274235359734 ], [ -99.24533545642997, 19.594031150033793 ], [ -99.244467154223145, 19.5937426394906 ] ] ] ] } },
{ "type": "Feature", "properties": { "ENTIDAD": 15, "MUNICIPIO": 13, "LN": 4893, "DISTRITO_F": 15, "DISTRITO_L": 16, "SECCION": "302" }, "geometry": { "type": "MultiPolygon", "coordinates": [ [ [ [ -99.250427087258217, 19.593785873129448 ], [ -99.250314042524025, 19.593837669348638 ], [ -99.249965298371478, 19.593997460556395 ], [ -99.249961645865724, 19.593960318926023 ], [ -99.249948447964286, 19.593826111845793 ], [ -99.249940598584203, 19.593746292801391 ], [ -99.249130640693437, 19.591372000248953 ], [ -99.248940704457027, 19.590773464498369 ], [ -99.249400685672697, 19.590646552023024 ], [ -99.249171685467886, 19.589985884553805 ], [ -99.249134574087051, 19.589878817366362 ], [ -99.24932123555493, 19.589494796998256 ], [ -99.249474087783128, 19.589180331200723 ], [ -99.249606834500014, 19.588907227764611 ], [ -99.250273648163187, 19.589095945682125 ], [ -99.250443520727771, 19.588863975908204 ], [ -99.250541019886967, 19.588754735948804 ], [ -99.250753688030187, 19.588456110952237 ], [ -99.250807983300675, 19.588469948819988 ], [ -99.250885050632277, 19.588132166629673 ], [ -99.250955052263549, 19.588151235926873 ], [ -99.251044506921176, 19.587817558408158 ], [ -99.251155212103157, 19.587511568078533 ], [ -99.251303513431793, 19.587553549997018 ], [ -99.251360510890848, 19.587222235507596 ], [ -99.252744774192081, 19.587838313743319 ], [ -99.253756686461557, 19.588124738330194 ], [ -99.254185030252231, 19.588174698298989 ], [ -99.254660368145295, 19.588218631742432 ], [ -99.254686952142023, 19.588221088749538 ], [ -99.255020976451277, 19.587152125826403 ], [ -99.255300291819438, 19.587247935194355 ], [ -99.255503208467431, 19.587174385525106 ], [ -99.255748124087503, 19.587070773933601 ], [ -99.255906290270204, 19.587436358988629 ], [ -99.256444865178253, 19.588681206408303 ], [ -99.256211784490731, 19.588761209319571 ], [ -99.256187503986226, 19.588769053068912 ], [ -99.255748317892525, 19.588910930217736 ], [ -99.256001718657316, 19.589535099132309 ], [ -99.255810325846738, 19.590398901542233 ], [ -99.255768348430408, 19.590446680519083 ], [ -99.255372011877597, 19.590322095187645 ], [ -99.254905260034462, 19.590203170635487 ], [ -99.254435561397301, 19.590075905882866 ], [ -99.254136152131977, 19.590009583004289 ], [ -99.253960003494271, 19.589954210245548 ], [ -99.253481542405993, 19.589851984760141 ], [ -99.253459026789272, 19.589846328187644 ], [ -99.252953150134729, 19.589719236528143 ], [ -99.253350023416857, 19.590814883114106 ], [ -99.253528566601119, 19.591281703834117 ], [ -99.253537645670903, 19.591305388851715 ], [ -99.253687660104134, 19.591704596477353 ], [ -99.253843112437508, 19.592134715859544 ], [ -99.251930206547954, 19.592343196535715 ], [ -99.25160161426345, 19.592382590065981 ], [ -99.251211403697823, 19.592424849915329 ], [ -99.25081238971147, 19.592467121169374 ], [ -99.250433912026949, 19.592506581969065 ], [ -99.250040762129004, 19.592546062325543 ], [ -99.250358118835322, 19.593555052281275 ], [ -99.250378356717803, 19.5936227837161 ], [ -99.250418307369088, 19.593756488975451 ], [ -99.250427087258217, 19.593785873129448 ] ] ] ] } },
{ "type": "Feature", "properties": { "ENTIDAD": 15, "MUNICIPIO": 13, "LN": 1327, "DISTRITO_F": 15, "DISTRITO_L": 16, "SECCION": "303" }, "geometry": { "type": "MultiPolygon", "coordinates": [ [ [ [ -99.258103689547113, 19.588964558206214 ], [ -99.258172667390568, 19.589116662110879 ], [ -99.258046046037421, 19.589202939536428 ], [ -99.258148339725835, 19.589399431300713 ], [ -99.258286976448659, 19.589332729804344 ], [ -99.258375392510032, 19.589451708852774 ], [ -99.258485226558449, 19.589637953589822 ], [ -99.258598688065078, 19.589830348848967 ], [ -99.258775457217681, 19.590130093018256 ], [ -99.258728031292421, 19.590160156730246 ], [ -99.258820621190424, 19.590334998476809 ], [ -99.258913211290121, 19.590509840170103 ], [ -99.258565382894488, 19.590706977471122 ], [ -99.258764184748514, 19.591087281902805 ], [ -99.258821816404293, 19.591197511216851 ], [ -99.258868385673026, 19.59128661561077 ], [ -99.257954833223124, 19.591792060393573 ], [ -99.257881174953994, 19.591832813257497 ], [ -99.257807516647532, 19.591873566091529 ], [ -99.257730362232053, 19.591917428218689 ], [ -99.257379688420656, 19.59211678484796 ], [ -99.256915770547323, 19.592380518465117 ], [ -99.256788543876368, 19.592452845456524 ], [ -99.256338068472715, 19.592708934630224 ], [ -99.256293790218422, 19.59242047752366 ], [ -99.256185549017204, 19.592036139821861 ], [ -99.256169007148074, 19.591975841819917 ], [ -99.255877627347616, 19.590894274031466 ], [ -99.255768348430408, 19.590446680519083 ], [ -99.255810325846738, 19.590398901542233 ], [ -99.256001718657316, 19.589535099132309 ], [ -99.255748317892525, 19.588910930217736 ], [ -99.256187503986226, 19.588769053068912 ], [ -99.256211784490731, 19.588761209319571 ], [ -99.256444865178253, 19.588681206408303 ], [ -99.256477413502068, 19.588550227412338 ], [ -99.256483616129159, 19.588525267151354 ], [ -99.256628164158897, 19.588461401801009 ], [ -99.256831511159547, 19.588371460811409 ], [ -99.257503757608958, 19.588327373525892 ], [ -99.257600912486197, 19.588444870021291 ], [ -99.257613478288562, 19.589029352263161 ], [ -99.257648737714547, 19.589249867984968 ], [ -99.258103689547113, 19.588964558206214 ] ] ] ] } },
{ "type": "Feature", "properties": { "ENTIDAD": 15, "MUNICIPIO": 13, "LN": 893, "DISTRITO_F": 15, "DISTRITO_L": 16, "SECCION": "304" }, "geometry": { "type": "MultiPolygon", "coordinates": [ [ [ [ -99.258566649640159, 19.58871062967059 ], [ -99.258664585402073, 19.588878568367356 ], [ -99.258771988130349, 19.589060057731505 ], [ -99.258848171557233, 19.589186883384066 ], [ -99.258953911683363, 19.589362913095684 ], [ -99.259073687072544, 19.589566517414561 ], [ -99.259499349025091, 19.589331939843948 ], [ -99.260149029233915, 19.588966389632549 ], [ -99.260259158304166, 19.58890442382107 ], [ -99.260324442632054, 19.589030776196431 ], [ -99.260622561969399, 19.589571832556004 ], [ -99.260889663457888, 19.590060096238179 ], [ -99.260929937428429, 19.590133717449639 ], [ -99.259997063611792, 19.59066213676811 ], [ -99.259459989298236, 19.590959292584984 ], [ -99.258868385673026, 19.59128661561077 ], [ -99.258821816404293, 19.591197511216851 ], [ -99.258764184748514, 19.591087281902805 ], [ -99.258565382894488, 19.590706977471122 ], [ -99.258913211290121, 19.590509840170103 ], [ -99.258820621190424, 19.590334998476809 ], [ -99.258728031292421, 19.590160156730246 ], [ -99.258775457217681, 19.590130093018256 ], [ -99.258598688065078, 19.589830348848967 ], [ -99.258485226558449, 19.589637953589822 ], [ -99.258375392510032, 19.589451708852774 ], [ -99.258286976448659, 19.589332729804344 ], [ -99.258148339725835, 19.589399431300713 ], [ -99.258046046037421, 19.589202939536428 ], [ -99.258172667390568, 19.589116662110879 ], [ -99.258103689547113, 19.588964558206214 ], [ -99.25816868473818, 19.588926137375445 ], [ -99.258247883368952, 19.588888012281579 ], [ -99.258566649640159, 19.58871062967059 ] ] ] ] } },
{ "type": "Feature", "properties": { "ENTIDAD": 15, "MUNICIPIO": 13, "LN": 974, "DISTRITO_F": 15, "DISTRITO_L": 16, "SECCION": "305" }, "geometry": { "type": "MultiPolygon", "coordinates": [ [ [ [ -99.25856664963959, 19.588710629306139 ], [ -99.258247883368952, 19.588888012281579 ], [ -99.25816868473818, 19.588926137375445 ], [ -99.258103689547113, 19.588964558206214 ], [ -99.257648737714547, 19.589249867984968 ], [ -99.257613478288562, 19.589029352263161 ], [ -99.257600912486197, 19.588444870021291 ], [ -99.257503757608958, 19.588327373525892 ], [ -99.256831511158978, 19.588371460446851 ], [ -99.256628164158897, 19.588461401801009 ], [ -99.256483616128591, 19.58852526678676 ], [ -99.2564774135015, 19.588550227047804 ], [ -99.25644486517767, 19.588681206043749 ], [ -99.255906290269635, 19.587436358623851 ], [ -99.256059299110262, 19.587186331878183 ], [ -99.256262166318237, 19.586854830968672 ], [ -99.256735710095498, 19.586617522970766 ], [ -99.257151937667302, 19.586682661697726 ], [ -99.257436163381726, 19.586589426871285 ], [ -99.258332650674618, 19.586295347676742 ], [ -99.258248787078855, 19.585772775529932 ], [ -99.25855296372238, 19.58578201698619 ], [ -99.258657850495297, 19.585817230560362 ], [ -99.259962008392037, 19.586872942523989 ], [ -99.261048850436666, 19.587781657290215 ], [ -99.261672614986594, 19.588283253276632 ], [ -99.261870696950979, 19.588463753567201 ], [ -99.262467337109314, 19.589166727950658 ], [ -99.262522431352053, 19.58923164076916 ], [ -99.260929937427861, 19.590133717085234 ], [ -99.260889663457888, 19.590060096238179 ], [ -99.260622561969399, 19.589571832556004 ], [ -99.260324442631457, 19.589030775831965 ], [ -99.260259158303569, 19.588904423456491 ], [ -99.260149029233915, 19.588966389632549 ], [ -99.259499349024509, 19.589331939479489 ], [ -99.259073687071947, 19.589566517050169 ], [ -99.258953911682795, 19.589362912731225 ], [ -99.258848171557233, 19.589186883384066 ], [ -99.258771988129766, 19.589060057367021 ], [ -99.25866458540149, 19.588878568002901 ], [ -99.25856664963959, 19.588710629306139 ] ] ] ] } },
{ "type": "Feature", "properties": { "ENTIDAD": 15, "MUNICIPIO": 13, "LN": 1709, "DISTRITO_F": 15, "DISTRITO_L": 16, "SECCION": "306" }, "geometry": { "type": "MultiPolygon", "coordinates": [ [ [ [ -99.265403140254165, 19.587440495755352 ], [ -99.26344899166979, 19.588644752485244 ], [ -99.263292240116158, 19.588744056331851 ], [ -99.262641292603661, 19.589156455490951 ], [ -99.262522431352053, 19.58923164076916 ], [ -99.262467337109314, 19.589166727950658 ], [ -99.261870696950979, 19.588463753567201 ], [ -99.261672614986594, 19.588283253276632 ], [ -99.261048850436083, 19.587781656925596 ], [ -99.25996200839144, 19.586872942159143 ], [ -99.260008334251694, 19.586820918714718 ], [ -99.260475600547508, 19.586296189248596 ], [ -99.260803538412233, 19.586553558421805 ], [ -99.261798835797222, 19.587353894184368 ], [ -99.26213718311385, 19.587330017461461 ], [ -99.262214259207965, 19.587039260908121 ], [ -99.262369411624178, 19.587075783389146 ], [ -99.262403659457519, 19.5868887808744 ], [ -99.262494688356213, 19.586391734220307 ], [ -99.262589407827178, 19.58589363757002 ], [ -99.262647670936119, 19.585624742992515 ], [ -99.263121979312515, 19.586022349109424 ], [ -99.263236755702295, 19.586051878922817 ], [ -99.263452774162104, 19.586107509501026 ], [ -99.26374617681428, 19.586185137843643 ], [ -99.264147703127534, 19.586360066749428 ], [ -99.264645775310058, 19.586654864392745 ], [ -99.26486470803431, 19.586895076307631 ], [ -99.265230233925237, 19.587265346701738 ], [ -99.265403140254165, 19.587440495755352 ] ] ] ] } },
{ "type": "Feature", "properties": { "ENTIDAD": 15, "MUNICIPIO": 13, "LN": 1359, "DISTRITO_F": 15, "DISTRITO_L": 16, "SECCION": "308" }, "geometry": { "type": "MultiPolygon", "coordinates": [ [ [ [ -99.265403140254165, 19.587440495755352 ], [ -99.265230233925237, 19.587265346701738 ], [ -99.264864708035489, 19.586895077037223 ], [ -99.264645775311266, 19.586654865122352 ], [ -99.264147703128728, 19.586360067479074 ], [ -99.263746176815459, 19.586185138573295 ], [ -99.263869788123941, 19.585712496875466 ], [ -99.264063653632533, 19.58525260710859 ], [ -99.264337639470654, 19.584670916669289 ], [ -99.264492271922379, 19.584390067643916 ], [ -99.264772230287235, 19.584208178178422 ], [ -99.264856933275837, 19.584154234694012 ], [ -99.265108204402338, 19.583994257373192 ], [ -99.26551163085901, 19.583738795538249 ], [ -99.265257639873298, 19.583612221084437 ], [ -99.265067212480588, 19.583557378813065 ], [ -99.264769285468688, 19.583506034927307 ], [ -99.264692562111819, 19.583504693232694 ], [ -99.264385765063054, 19.583490660845914 ], [ -99.264131153948782, 19.583415100190908 ], [ -99.263702822245946, 19.583369172363849 ], [ -99.263639363060918, 19.583362367869704 ], [ -99.263489520091682, 19.583337531275035 ], [ -99.263366023241247, 19.58325753383421 ], [ -99.263179113496207, 19.583197673305911 ], [ -99.263231637442161, 19.582983789129148 ], [ -99.263194448479467, 19.582873598894309 ], [ -99.263220134683095, 19.582676397569976 ], [ -99.263067215838348, 19.582663317723657 ], [ -99.263348236901223, 19.582073266510609 ], [ -99.263133313755318, 19.581980861415204 ], [ -99.263347666777094, 19.581722489327362 ], [ -99.263585819233782, 19.581865793404457 ], [ -99.263806174411101, 19.581902219419494 ], [ -99.264328439107985, 19.58185854911223 ], [ -99.264521769093633, 19.581842383012653 ], [ -99.264785911795443, 19.581817265223812 ], [ -99.264990348527562, 19.581818635360133 ], [ -99.265223256098565, 19.581877518159576 ], [ -99.265452355565046, 19.581981652390319 ], [ -99.265499904860519, 19.582017591504069 ], [ -99.265611165456647, 19.582101685323483 ], [ -99.265743545566906, 19.582225097797849 ], [ -99.26589007964354, 19.58238189672937 ], [ -99.265951874939589, 19.582450290837503 ], [ -99.266015410717728, 19.582505319387405 ], [ -99.266165376756561, 19.582605320406795 ], [ -99.266310009191045, 19.582676932866139 ], [ -99.26641052477467, 19.582713532586173 ], [ -99.26650044968612, 19.582740125672533 ], [ -99.266935862859754, 19.582804626250677 ], [ -99.267757308882324, 19.582920051044631 ], [ -99.268075523222635, 19.58295801976962 ], [ -99.267357936477552, 19.585248468555751 ], [ -99.267025264384159, 19.585971891605457 ], [ -99.26662810871936, 19.586494560910193 ], [ -99.26643936663416, 19.58666493199242 ], [ -99.266183104285616, 19.586859251828848 ], [ -99.265885982074593, 19.587084554039414 ], [ -99.265403140254165, 19.587440495755352 ] ] ] ] } },
{ "type": "Feature", "properties": { "ENTIDAD": 15, "MUNICIPIO": 13, "LN": 1185, "DISTRITO_F": 15, "DISTRITO_L": 16, "SECCION": "309" }, "geometry": { "type": "MultiPolygon", "coordinates": [ [ [ [ -99.263746176815459, 19.586185138573295 ], [ -99.26345277416327, 19.586107510230775 ], [ -99.263236755703488, 19.586051879652558 ], [ -99.263121979313709, 19.586022349839169 ], [ -99.262647670937284, 19.585624743722338 ], [ -99.262327922147634, 19.585295034732749 ], [ -99.262615323755185, 19.584934845951437 ], [ -99.262680583879032, 19.58496648795775 ], [ -99.263139191124694, 19.584117270902055 ], [ -99.262973323363028, 19.583992234998231 ], [ -99.262796938447991, 19.583902292057747 ], [ -99.262659450748586, 19.583889129373425 ], [ -99.262479779496331, 19.583946183573129 ], [ -99.262451994439658, 19.583986513029348 ], [ -99.262279338067501, 19.584237119769906 ], [ -99.262154310418865, 19.584229400209654 ], [ -99.262063937997453, 19.584180008173643 ], [ -99.262320553561651, 19.583568911330154 ], [ -99.262606785774452, 19.58293382439151 ], [ -99.263133313755318, 19.581980861415204 ], [ -99.263348236901223, 19.582073266510609 ], [ -99.263067215838348, 19.582663317723657 ], [ -99.263220134683095, 19.582676397569976 ], [ -99.263194448479467, 19.582873598894309 ], [ -99.263231637442161, 19.582983789129148 ], [ -99.263179113496207, 19.583197673305911 ], [ -99.263366023241247, 19.58325753383421 ], [ -99.263489520091682, 19.583337531275035 ], [ -99.263639363060918, 19.583362367869704 ], [ -99.263702822245946, 19.583369172363849 ], [ -99.264131153948782, 19.583415100190908 ], [ -99.264385765063054, 19.583490660845914 ], [ -99.264692562111819, 19.583504693232694 ], [ -99.264769285468688, 19.583506034927307 ], [ -99.265067212480588, 19.583557378813065 ], [ -99.265257639873298, 19.583612221084437 ], [ -99.26551163085901, 19.583738795538249 ], [ -99.265108204402338, 19.583994257373192 ], [ -99.264856933275837, 19.584154234694012 ], [ -99.264772230287235, 19.584208178178422 ], [ -99.264492271922379, 19.584390067643916 ], [ -99.264337639470654, 19.584670916669289 ], [ -99.264063653632533, 19.58525260710859 ], [ -99.263869788123941, 19.585712496875466 ], [ -99.263746176815459, 19.586185138573295 ] ] ] ] } },
{ "type": "Feature", "properties": { "ENTIDAD": 15, "MUNICIPIO": 13, "LN": 2617, "DISTRITO_F": 15, "DISTRITO_L": 16, "SECCION": "310" }, "geometry": { "type": "MultiPolygon", "coordinates": [ [ [ [ -99.259962008392606, 19.586872942888746 ], [ -99.258657850495865, 19.585817230925276 ], [ -99.258729460528329, 19.585734162684965 ], [ -99.259114359525782, 19.585287674666656 ], [ -99.259445312121159, 19.585465934531857 ], [ -99.259943777635883, 19.585391763711549 ], [ -99.260110996886866, 19.585361165131445 ], [ -99.260396078708126, 19.585308999109778 ], [ -99.260881045747766, 19.585213815667348 ], [ -99.261255683940362, 19.585125437108744 ], [ -99.261222156880663, 19.584910896448608 ], [ -99.261178249174563, 19.584629928808493 ], [ -99.261147794821667, 19.584435049250786 ], [ -99.261113637364929, 19.584216472677152 ], [ -99.261078186810863, 19.583989620797656 ], [ -99.261186222429771, 19.58379448118901 ], [ -99.261341626226127, 19.583695572483681 ], [ -99.261478082149509, 19.583668296596283 ], [ -99.261261392548022, 19.582928238664124 ], [ -99.26116237221288, 19.582590053045955 ], [ -99.261044327007596, 19.582214554900325 ], [ -99.260920302220541, 19.581841305375221 ], [ -99.260792625122789, 19.581456130692686 ], [ -99.260877179686858, 19.581086068304842 ], [ -99.261175709577103, 19.580385383886039 ], [ -99.261353409023968, 19.580047242460314 ], [ -99.261459495967628, 19.580154819865683 ], [ -99.261521576913637, 19.580206147006251 ], [ -99.261728383180127, 19.580296439149425 ], [ -99.262118659982832, 19.580423191058845 ], [ -99.262247933566584, 19.580491559334888 ], [ -99.262369505066999, 19.580589319938031 ], [ -99.262586923052467, 19.580850986080584 ], [ -99.262812095503961, 19.581115089082562 ], [ -99.263252097593409, 19.581635963990248 ], [ -99.263347666777094, 19.581722489327362 ], [ -99.263133313755318, 19.581980861415204 ], [ -99.262606785774452, 19.58293382439151 ], [ -99.262320553561651, 19.583568911330154 ], [ -99.262063937997453, 19.584180008173643 ], [ -99.262154310418865, 19.584229400209654 ], [ -99.262279338067501, 19.584237119769906 ], [ -99.262451994439658, 19.583986513029348 ], [ -99.262479779496331, 19.583946183573129 ], [ -99.262659450748586, 19.583889129373425 ], [ -99.262796938447991, 19.583902292057747 ], [ -99.262973323363028, 19.583992234998231 ], [ -99.263139191124694, 19.584117270902055 ], [ -99.262680583879032, 19.58496648795775 ], [ -99.262615323755185, 19.584934845951437 ], [ -99.262327922147634, 19.585295034732749 ], [ -99.262647670937284, 19.585624743722338 ], [ -99.262589407828358, 19.585893638299815 ], [ -99.262494688356213, 19.586391734220307 ], [ -99.262403659457519, 19.5868887808744 ], [ -99.262369411625343, 19.587075784118628 ], [ -99.262214259209145, 19.587039261637592 ], [ -99.262137183115016, 19.587330018190858 ], [ -99.261798835798373, 19.587353894913733 ], [ -99.260803538413413, 19.586553559151476 ], [ -99.260475600548673, 19.586296189978235 ], [ -99.260008334252859, 19.586820919444271 ], [ -99.259962008392606, 19.586872942888746 ] ] ] ] } },
{ "type": "Feature", "properties": { "ENTIDAD": 15, "MUNICIPIO": 13, "LN": 2532, "DISTRITO_F": 15, "DISTRITO_L": 16, "SECCION": "311" }, "geometry": { "type": "MultiPolygon", "coordinates": [ [ [ [ -99.258332650675186, 19.586295348041556 ], [ -99.257436163382323, 19.58658942723601 ], [ -99.257151937667871, 19.586682662062579 ], [ -99.256735710096081, 19.58661752333558 ], [ -99.256262166318805, 19.586854831333419 ], [ -99.256059299110262, 19.587186331878183 ], [ -99.255906290270204, 19.587436358988629 ], [ -99.255748124087503, 19.587070773933601 ], [ -99.255944689031267, 19.586530456739812 ], [ -99.255789005062141, 19.586047971139408 ], [ -99.255573872235388, 19.585934482224733 ], [ -99.25546607781493, 19.585709377992426 ], [ -99.255445639704149, 19.585666697547595 ], [ -99.255470530700848, 19.585486794451224 ], [ -99.255456880247095, 19.58543605688406 ], [ -99.255405642958493, 19.585421000380528 ], [ -99.255354405679242, 19.585405943862362 ], [ -99.25528652279381, 19.585379564086828 ], [ -99.255181336220559, 19.585316675141343 ], [ -99.255086594934596, 19.585128956483121 ], [ -99.2550889853798, 19.584957490239191 ], [ -99.255221929438534, 19.584908132648966 ], [ -99.255384056645042, 19.584807042627389 ], [ -99.255480477987305, 19.584661463869356 ], [ -99.255546835611852, 19.584742794779057 ], [ -99.255633874153745, 19.584688169998525 ], [ -99.255908416456037, 19.5844088019258 ], [ -99.256205992553362, 19.584000923673294 ], [ -99.256770139112007, 19.583174197510434 ], [ -99.257021439161136, 19.582894860828659 ], [ -99.256514064406446, 19.582884570828718 ], [ -99.256506423100276, 19.582950655610901 ], [ -99.255658245257294, 19.582951859890571 ], [ -99.255510991794665, 19.582900677735555 ], [ -99.25491307213882, 19.581958134988859 ], [ -99.254780584273689, 19.581444413837687 ], [ -99.254752908234309, 19.581084717067554 ], [ -99.25486488786548, 19.580871653974501 ], [ -99.254938253672492, 19.58073206087489 ], [ -99.254949595165272, 19.580555847678287 ], [ -99.255410493551324, 19.580569878744281 ], [ -99.255790043683646, 19.580573011686049 ], [ -99.256064851461119, 19.580466169328695 ], [ -99.256285328018194, 19.580289659048947 ], [ -99.256509642120264, 19.580091118398904 ], [ -99.2568770720261, 19.579778579721516 ], [ -99.256965874733794, 19.579605926850345 ], [ -99.257019897075821, 19.579481043559614 ], [ -99.257019559401144, 19.579268139128065 ], [ -99.256977845186896, 19.578816034302879 ], [ -99.256870575004001, 19.578123069646381 ], [ -99.2569052152853, 19.577987201646224 ], [ -99.257064586398613, 19.577797042600039 ], [ -99.257462006083955, 19.577421108519328 ], [ -99.257686361490826, 19.57725193253837 ], [ -99.257914618452944, 19.577101104577398 ], [ -99.258042234419577, 19.576983457284499 ], [ -99.258134983198957, 19.576858518244457 ], [ -99.258200616325553, 19.576729947191481 ], [ -99.258239051978222, 19.576546353418422 ], [ -99.258219618802599, 19.575510127763962 ], [ -99.258986896406213, 19.576565425778377 ], [ -99.259306786606317, 19.577122783745203 ], [ -99.259672413661178, 19.577879742637073 ], [ -99.259964857717875, 19.578272026508582 ], [ -99.260181420173609, 19.578555159516995 ], [ -99.260663805371166, 19.579185823694246 ], [ -99.261353409023968, 19.580047242460314 ], [ -99.261175709577103, 19.580385383886039 ], [ -99.260877179686858, 19.581086068304842 ], [ -99.260792625122789, 19.581456130692686 ], [ -99.260920302220541, 19.581841305375221 ], [ -99.261044327007596, 19.582214554900325 ], [ -99.26116237221288, 19.582590053045955 ], [ -99.261261392548022, 19.582928238664124 ], [ -99.261478082149509, 19.583668296596283 ], [ -99.261341626226127, 19.583695572483681 ], [ -99.261186222429771, 19.58379448118901 ], [ -99.261078186810863, 19.583989620797656 ], [ -99.261113637364929, 19.584216472677152 ], [ -99.261147794821667, 19.584435049250786 ], [ -99.261178249174563, 19.584629928808493 ], [ -99.261222156880663, 19.584910896448608 ], [ -99.261255683940362, 19.585125437108744 ], [ -99.260881045747766, 19.585213815667348 ], [ -99.260396078708126, 19.585308999109778 ], [ -99.260110996886866, 19.585361165131445 ], [ -99.259943777635883, 19.585391763711549 ], [ -99.259445312121159, 19.585465934531857 ], [ -99.259114359525782, 19.585287674666656 ], [ -99.258729460528329, 19.585734162684965 ], [ -99.258657850495865, 19.585817230925276 ], [ -99.258552963722963, 19.585782017351132 ], [ -99.258248787079424, 19.585772775894849 ], [ -99.258332650675186, 19.586295348041556 ] ] ] ] } },
{ "type": "Feature", "properties": { "ENTIDAD": 15, "MUNICIPIO": 13, "LN": 6801, "DISTRITO_F": 15, "DISTRITO_L": 16, "SECCION": "312" }, "geometry": { "type": "MultiPolygon", "coordinates": [ [ [ [ -99.246007633859037, 19.58254197838059 ], [ -99.246220177960154, 19.582723873314986 ], [ -99.246840171846713, 19.583254459374714 ], [ -99.247038308238103, 19.583424022219976 ], [ -99.247248085136178, 19.583608674708373 ], [ -99.247387365130237, 19.583826370362917 ], [ -99.247489509368393, 19.584126856877997 ], [ -99.24752421440634, 19.584174114833644 ], [ -99.247592475871357, 19.584267067293183 ], [ -99.247663293260544, 19.584477437010214 ], [ -99.247757318108242, 19.584533706629752 ], [ -99.24802657293219, 19.584440797245421 ], [ -99.248300310126055, 19.584346340648835 ], [ -99.248290337407241, 19.584280856249464 ], [ -99.24874418606889, 19.584119057236023 ], [ -99.248889754616016, 19.584067161108763 ], [ -99.249281376686667, 19.583544974419624 ], [ -99.249278757449872, 19.583446730842784 ], [ -99.249917944375127, 19.583417775631208 ], [ -99.249986599163805, 19.58312527811665 ], [ -99.250109283836792, 19.58265960344259 ], [ -99.250212257234168, 19.582211607798389 ], [ -99.250336583892775, 19.581738072522441 ], [ -99.250382999459831, 19.581543340875655 ], [ -99.250488039862915, 19.581325697039613 ], [ -99.250771717314151, 19.580954015218111 ], [ -99.251043923950448, 19.580578739064102 ], [ -99.251824623691391, 19.581094618290468 ], [ -99.252033948147613, 19.580799584300113 ], [ -99.252265969338595, 19.580629200847323 ], [ -99.252286992446912, 19.580612128305503 ], [ -99.252411108479407, 19.580511332940908 ], [ -99.252444779132901, 19.580325852670683 ], [ -99.252504120675852, 19.580015288256103 ], [ -99.252600402044891, 19.579959953715182 ], [ -99.252900059179964, 19.579787733952386 ], [ -99.253071256907205, 19.579689341976341 ], [ -99.253217114546061, 19.579845864985231 ], [ -99.253357923054978, 19.579929879163711 ], [ -99.253575273191018, 19.580034838620037 ], [ -99.25373089748652, 19.580123510112404 ], [ -99.25388163722009, 19.580244937411418 ], [ -99.253965733236029, 19.580361779985786 ], [ -99.25404744569984, 19.580532427914232 ], [ -99.254064835574169, 19.580604919577759 ], [ -99.254082225463307, 19.580677410507715 ], [ -99.254132117970883, 19.581016526973908 ], [ -99.254142964620485, 19.581173253085005 ], [ -99.254144744310096, 19.581198968259233 ], [ -99.254204659749917, 19.581633978530252 ], [ -99.254242043754374, 19.58186550849366 ], [ -99.254333636821357, 19.582040820763197 ], [ -99.254811136270064, 19.582781679071473 ], [ -99.254934281597329, 19.583136277977157 ], [ -99.254525035067246, 19.583287178518184 ], [ -99.254996511859289, 19.584521795372599 ], [ -99.255366296992236, 19.584249922872157 ], [ -99.255467890401974, 19.584504753741104 ], [ -99.255480477986737, 19.584661463504247 ], [ -99.255384056644473, 19.584807042262355 ], [ -99.255221929437951, 19.584908132283967 ], [ -99.255088985379217, 19.584957489874213 ], [ -99.255086594934042, 19.585128956118101 ], [ -99.255181336219991, 19.58531667477634 ], [ -99.255286522793241, 19.585379563721911 ], [ -99.255354405678659, 19.585405943497324 ], [ -99.255405642958493, 19.585421000380528 ], [ -99.255456880246527, 19.585436056519058 ], [ -99.255470530700279, 19.585486794086243 ], [ -99.255445639703581, 19.585666697182699 ], [ -99.255466077814361, 19.585709377627499 ], [ -99.25557387223482, 19.585934481859802 ], [ -99.255789005061573, 19.586047970774494 ], [ -99.255944689030699, 19.586530456374994 ], [ -99.255748124086907, 19.587070773568925 ], [ -99.255503208466862, 19.587174385160395 ], [ -99.25530029181887, 19.58724793482963 ], [ -99.255020976450723, 19.587152125461749 ], [ -99.254686952141455, 19.588221088384973 ], [ -99.254660368144727, 19.588218631377892 ], [ -99.254185030251662, 19.588174697934438 ], [ -99.253756686460989, 19.58812473796565 ], [ -99.252744774191513, 19.587838313378654 ], [ -99.251360510890279, 19.587222235142889 ], [ -99.251303513431239, 19.587553549632307 ], [ -99.251155212102603, 19.587511567713907 ], [ -99.251044506920621, 19.587817558043533 ], [ -99.250955052263009, 19.588151235562318 ], [ -99.250885050631723, 19.588132166265019 ], [ -99.25080798330012, 19.58846994845543 ], [ -99.250753688029647, 19.588456110587661 ], [ -99.250541019886967, 19.588754735948804 ], [ -99.250443520727771, 19.588863975908204 ], [ -99.250273648162619, 19.589095945317677 ], [ -99.249606834500014, 19.588907227764611 ], [ -99.249156636350719, 19.588781641086047 ], [ -99.248702999744182, 19.588655093879954 ], [ -99.248167649033221, 19.588505749844202 ], [ -99.247743885447207, 19.58838753336682 ], [ -99.247675720165944, 19.588310783266085 ], [ -99.247553846890156, 19.588173554992107 ], [ -99.247463519805194, 19.587990441515522 ], [ -99.247418104191894, 19.587898373595326 ], [ -99.247096616822049, 19.587617159770051 ], [ -99.246739039871485, 19.587327870226517 ], [ -99.246470810560552, 19.586995597192381 ], [ -99.24636293794434, 19.586730451355635 ], [ -99.246672517442875, 19.586224394018128 ], [ -99.246483675291671, 19.585973850894277 ], [ -99.246413212503654, 19.585879924816204 ], [ -99.245692505806943, 19.584924169435698 ], [ -99.245418126618176, 19.584560136992742 ], [ -99.245308978969888, 19.584395311368141 ], [ -99.245199414821457, 19.58423076684322 ], [ -99.244635854975911, 19.583383119669179 ], [ -99.244407299742448, 19.583136981557516 ], [ -99.244120448649142, 19.582941217565708 ], [ -99.243877416480728, 19.582256764154842 ], [ -99.243773351765242, 19.581963683959369 ], [ -99.244289806854098, 19.582101633140464 ], [ -99.244664008519251, 19.582254787244377 ], [ -99.244892639827768, 19.582348361455438 ], [ -99.245173149010299, 19.582520969809899 ], [ -99.246007633859037, 19.58254197838059 ] ] ] ] } },
{ "type": "Feature", "properties": { "ENTIDAD": 15, "MUNICIPIO": 13, "LN": 4348, "DISTRITO_F": 15, "DISTRITO_L": 16, "SECCION": "313" }, "geometry": { "type": "MultiPolygon", "coordinates": [ [ [ [ -99.247743885447207, 19.58838753336682 ], [ -99.247546844538505, 19.588798060752861 ], [ -99.247316794210136, 19.589277359145008 ], [ -99.24697889571253, 19.590088853467186 ], [ -99.247283256680646, 19.590400517794599 ], [ -99.246997181618454, 19.590544722487902 ], [ -99.246592375100434, 19.5907488067486 ], [ -99.246188046189602, 19.59095264880418 ], [ -99.245605809489049, 19.591246180421294 ], [ -99.245545707784316, 19.591167334403156 ], [ -99.245489698414303, 19.591093856934535 ], [ -99.245383646085372, 19.590954728967471 ], [ -99.245313941644625, 19.590863284913951 ], [ -99.245051672169637, 19.59051921692738 ], [ -99.245048561628295, 19.59022602243034 ], [ -99.244451876438703, 19.590222524459971 ], [ -99.244009911244675, 19.590219932237282 ], [ -99.243548908666469, 19.590215413609382 ], [ -99.243549706576104, 19.5898661893916 ], [ -99.243552149231505, 19.588797117941048 ], [ -99.243555450330646, 19.587352369350086 ], [ -99.2430914754367, 19.587354717760697 ], [ -99.242649713738473, 19.587356997666571 ], [ -99.242004876564522, 19.587360212913122 ], [ -99.242638639758141, 19.586200154725624 ], [ -99.242743555578542, 19.586009547176594 ], [ -99.242803663173277, 19.585890991918916 ], [ -99.242826273643146, 19.585849403682246 ], [ -99.243100967021007, 19.585177215869042 ], [ -99.243419551657212, 19.584390391993537 ], [ -99.24351243695736, 19.58416098384609 ], [ -99.243035827556255, 19.583140836247779 ], [ -99.243308356001805, 19.583073951125701 ], [ -99.24345061490628, 19.582539062626619 ], [ -99.2436308434891, 19.582124362930163 ], [ -99.243712484361296, 19.58194742568773 ], [ -99.243792247338419, 19.581527909589045 ], [ -99.245230869098151, 19.582092033892842 ], [ -99.245422305861183, 19.582205789140691 ], [ -99.245474403860072, 19.582155268534766 ], [ -99.246007633859037, 19.58254197838059 ], [ -99.245173149010299, 19.582520969809899 ], [ -99.244892639827768, 19.582348361455438 ], [ -99.244664008519251, 19.582254787244377 ], [ -99.244289806854098, 19.582101633140464 ], [ -99.243773351765256, 19.581963683959369 ], [ -99.243877416480728, 19.582256764154842 ], [ -99.244120448649142, 19.582941217565708 ], [ -99.244407299742448, 19.583136981557516 ], [ -99.244635854975911, 19.583383119669179 ], [ -99.245199414821457, 19.58423076684322 ], [ -99.245308978969888, 19.584395311368141 ], [ -99.245418126618176, 19.584560136992742 ], [ -99.245692505806943, 19.584924169435698 ], [ -99.246413212503654, 19.585879924816204 ], [ -99.246483675291671, 19.585973850894277 ], [ -99.246672517442875, 19.586224394018128 ], [ -99.24636293794434, 19.586730451355635 ], [ -99.246470810560552, 19.586995597192381 ], [ -99.246739039871485, 19.587327870226517 ], [ -99.247096616822049, 19.587617159770051 ], [ -99.247418104191894, 19.587898373595326 ], [ -99.247463519805194, 19.587990441515522 ], [ -99.247553846890156, 19.588173554992107 ], [ -99.247675720165944, 19.588310783266085 ], [ -99.247743885447207, 19.58838753336682 ] ] ] ] } },
{ "type": "Feature", "properties": { "ENTIDAD": 15, "MUNICIPIO": 13, "LN": 3310, "DISTRITO_F": 15, "DISTRITO_L": 26, "SECCION": "314" }, "geometry": { "type": "MultiPolygon", "coordinates": [ [ [ [ -99.240495628251878, 19.590562800043827 ], [ -99.240027267290372, 19.590243663286319 ], [ -99.239570427506891, 19.589930392930683 ], [ -99.239130187667911, 19.589619520011635 ], [ -99.23866472035391, 19.589311633805057 ], [ -99.238535406160651, 19.589213867484407 ], [ -99.238209746824722, 19.589111463694088 ], [ -99.237801512740532, 19.589072827570519 ], [ -99.237383074448388, 19.589122347657252 ], [ -99.236995650985733, 19.589181619757539 ], [ -99.236613422642222, 19.589260471700229 ], [ -99.236571068736495, 19.589007971859356 ], [ -99.236403780602402, 19.588109322862639 ], [ -99.236122931209508, 19.586702915965184 ], [ -99.236098848440733, 19.58659442438579 ], [ -99.23600503370416, 19.586258954999501 ], [ -99.235892229214542, 19.58585557874618 ], [ -99.236282296003509, 19.585596728587017 ], [ -99.236669170687762, 19.58543370316066 ], [ -99.237050859270084, 19.585278070912981 ], [ -99.23740653042465, 19.585097848154778 ], [ -99.237525846211327, 19.584964721670779 ], [ -99.237541313286357, 19.584943396577437 ], [ -99.237865504807388, 19.584496418780944 ], [ -99.239693735402383, 19.585748774610977 ], [ -99.240026511921002, 19.585455655907364 ], [ -99.240375238548623, 19.58526000731521 ], [ -99.240590867936334, 19.585139030645795 ], [ -99.240836814404801, 19.585662113162972 ], [ -99.241613855035965, 19.587423996627901 ], [ -99.241840153473746, 19.587465341405132 ], [ -99.241791011588404, 19.587874529234725 ], [ -99.241705990706805, 19.588354810128653 ], [ -99.241626432926864, 19.588826557608137 ], [ -99.240740185054008, 19.588821494694901 ], [ -99.240733445885255, 19.589297180920649 ], [ -99.240736244180738, 19.589758649634287 ], [ -99.240731832232498, 19.590179628027656 ], [ -99.240733873304606, 19.590470908388081 ], [ -99.240730660570264, 19.590709366080713 ], [ -99.240495628251878, 19.590562800043827 ] ] ] ] } },
{ "type": "Feature", "properties": { "ENTIDAD": 15, "MUNICIPIO": 13, "LN": 1281, "DISTRITO_F": 15, "DISTRITO_L": 26, "SECCION": "315" }, "geometry": { "type": "MultiPolygon", "coordinates": [ [ [ [ -99.233035794391597, 19.586414338156974 ], [ -99.233186465853578, 19.586492452815129 ], [ -99.232926651793392, 19.586825960804564 ], [ -99.234336341009481, 19.5866812860545 ], [ -99.234678980430672, 19.586652056074882 ], [ -99.234460772075053, 19.587033815688628 ], [ -99.234248522832203, 19.586925980742251 ], [ -99.234060384256495, 19.587249374158795 ], [ -99.235033500586425, 19.587752911000958 ], [ -99.235213873277559, 19.588437734665003 ], [ -99.235690232027409, 19.588306607275772 ], [ -99.236186876479991, 19.588169293370392 ], [ -99.236403780601862, 19.588109322498045 ], [ -99.236571068735955, 19.58900797149494 ], [ -99.23661342264171, 19.589260471335827 ], [ -99.236482344174391, 19.589345138714187 ], [ -99.235969207515566, 19.589788409103242 ], [ -99.235124578271495, 19.590508355171554 ], [ -99.234726362439446, 19.590662999787781 ], [ -99.233390915956051, 19.590791317566438 ], [ -99.233206137172402, 19.590747117542548 ], [ -99.233021358487591, 19.590702917328073 ], [ -99.232199544039176, 19.590324225075559 ], [ -99.231952455303116, 19.5901211504721 ], [ -99.232110643469269, 19.58923328395252 ], [ -99.232146619016987, 19.589031361786116 ], [ -99.232160608438576, 19.58895450660464 ], [ -99.232166240537097, 19.588921658356202 ], [ -99.232169532780375, 19.588902456906077 ], [ -99.23240180769919, 19.587547741506921 ], [ -99.232482674909804, 19.587320727478449 ], [ -99.23253872560467, 19.587163378718749 ], [ -99.232663020756533, 19.586952332812483 ], [ -99.232813171901896, 19.586697384536603 ], [ -99.233035794391597, 19.586414338156974 ] ] ] ] } },
{ "type": "Feature", "properties": { "ENTIDAD": 15, "MUNICIPIO": 13, "LN": 3375, "DISTRITO_F": 15, "DISTRITO_L": 26, "SECCION": "316" }, "geometry": { "type": "MultiPolygon", "coordinates": [ [ [ [ -99.227111936297305, 19.588689279269342 ], [ -99.226774600579773, 19.588680140307762 ], [ -99.226591739744777, 19.588670967828453 ], [ -99.226183182815916, 19.588647990701027 ], [ -99.226160768955552, 19.588646824960062 ], [ -99.225285875425087, 19.588601319710282 ], [ -99.224570845543695, 19.588562220644576 ], [ -99.224568647640197, 19.588468167649811 ], [ -99.224565861475611, 19.588348941508233 ], [ -99.223863112590777, 19.588714177805208 ], [ -99.223745596665879, 19.588492151424969 ], [ -99.223626381457819, 19.588441108192701 ], [ -99.223293435810021, 19.588298553456298 ], [ -99.222840965597115, 19.588133099096051 ], [ -99.222952221642288, 19.587979021222505 ], [ -99.223015560137412, 19.587719357208801 ], [ -99.222954396837238, 19.587245538015807 ], [ -99.222864708010974, 19.586871362504819 ], [ -99.222663988875297, 19.586727340448871 ], [ -99.222460417275485, 19.586581271168608 ], [ -99.222201606213787, 19.586395565048239 ], [ -99.221991219651031, 19.58624460463054 ], [ -99.221758471748785, 19.58605472933403 ], [ -99.221857880291608, 19.585994402160278 ], [ -99.222218853492848, 19.585737115677908 ], [ -99.222309023955546, 19.585619848526186 ], [ -99.222493722681961, 19.585096924654135 ], [ -99.222592390579905, 19.58491177251075 ], [ -99.222702426821002, 19.584745198973639 ], [ -99.223115400861275, 19.584276064421786 ], [ -99.223300561288639, 19.584091089210244 ], [ -99.223289955217865, 19.584058570443712 ], [ -99.223171509042103, 19.583695407332495 ], [ -99.223408083097652, 19.58359119209512 ], [ -99.224140968506816, 19.583301496488744 ], [ -99.224176737237102, 19.583288962944749 ], [ -99.224753963842929, 19.583086698575698 ], [ -99.224649130964877, 19.58291334812586 ], [ -99.225176630216623, 19.582757233273938 ], [ -99.225409491358505, 19.582689352380896 ], [ -99.225213032138996, 19.581583374367334 ], [ -99.225543134116478, 19.581581313295271 ], [ -99.225873289954322, 19.581559501786543 ], [ -99.226369742107508, 19.581528743808629 ], [ -99.226446127506335, 19.58152401118523 ], [ -99.226491359739043, 19.581504858762695 ], [ -99.226579636208243, 19.581467480322644 ], [ -99.226621213213122, 19.581449875569696 ], [ -99.226719067732617, 19.581422807466858 ], [ -99.227692579371492, 19.581323836079786 ], [ -99.227799241579831, 19.581680183523414 ], [ -99.227893682565224, 19.581973299503812 ], [ -99.227985034075189, 19.582226171349969 ], [ -99.228009643468354, 19.582470502959438 ], [ -99.227972024316728, 19.582644959276294 ], [ -99.227809820505442, 19.582732367304747 ], [ -99.227802524553496, 19.583074608023097 ], [ -99.227789901735676, 19.583666720424524 ], [ -99.227789219256493, 19.583725455709548 ], [ -99.227787195921778, 19.583899587103634 ], [ -99.227715909912604, 19.584974872851774 ], [ -99.227671625054597, 19.585171822172704 ], [ -99.227598192967278, 19.585606470210166 ], [ -99.227349911862831, 19.587110239435596 ], [ -99.227140366466244, 19.588439985656855 ], [ -99.227122972396074, 19.588584886592681 ], [ -99.227111936297305, 19.588689279269342 ] ] ] ] } },
{ "type": "Feature", "properties": { "ENTIDAD": 15, "MUNICIPIO": 13, "LN": 2782, "DISTRITO_F": 15, "DISTRITO_L": 26, "SECCION": "317" }, "geometry": { "type": "MultiPolygon", "coordinates": [ [ [ [ -99.221398499245737, 19.585985747531858 ], [ -99.221198457235801, 19.586423666680219 ], [ -99.221011107947717, 19.586828367210899 ], [ -99.220887272244013, 19.587100178440533 ], [ -99.220807858515059, 19.587251197640018 ], [ -99.21950501699429, 19.587056589709331 ], [ -99.219400021534639, 19.587132178461712 ], [ -99.219344354619636, 19.587175876327684 ], [ -99.219326849262984, 19.587189617816026 ], [ -99.21916460515402, 19.587322626394659 ], [ -99.218983794370814, 19.587409946235098 ], [ -99.218964094384773, 19.587419460029501 ], [ -99.218765683629215, 19.58749877783011 ], [ -99.218744462423075, 19.587507261321345 ], [ -99.21854818698263, 19.587584137606754 ], [ -99.218528010937305, 19.587592040053575 ], [ -99.218419776968148, 19.587628392454491 ], [ -99.218203215359608, 19.587631673076853 ], [ -99.218017669363547, 19.58767258431326 ], [ -99.21793678136585, 19.587310725374227 ], [ -99.217449051567371, 19.587501962126989 ], [ -99.217325588456518, 19.587103162455648 ], [ -99.217265494738783, 19.586736061002053 ], [ -99.217534390281074, 19.586372816791254 ], [ -99.217443011346319, 19.585899900281831 ], [ -99.217332771341304, 19.585459258252111 ], [ -99.217279414686189, 19.585143971370073 ], [ -99.216677430213323, 19.583731928750399 ], [ -99.216964888080398, 19.583748620361543 ], [ -99.217585603947043, 19.583818702436425 ], [ -99.217718764518679, 19.583850083755699 ], [ -99.218110911979977, 19.583793284903628 ], [ -99.218329557518203, 19.583756972330775 ], [ -99.21834230673349, 19.583515885754668 ], [ -99.218819992417934, 19.583431945776944 ], [ -99.219341856554209, 19.582807294107219 ], [ -99.219377708992724, 19.582764379859793 ], [ -99.21943414161106, 19.582717984817645 ], [ -99.219579883678918, 19.582598165444889 ], [ -99.219838345672969, 19.582380808747757 ], [ -99.219929745858835, 19.58229395676441 ], [ -99.219983121740782, 19.582213910119648 ], [ -99.220146944794791, 19.582069518143104 ], [ -99.220334673183558, 19.582024228883377 ], [ -99.220897008207373, 19.581788327711511 ], [ -99.22103844053683, 19.582133764863251 ], [ -99.220544279748836, 19.582334886905588 ], [ -99.220183323104578, 19.582697299762547 ], [ -99.220125058824593, 19.582755798879457 ], [ -99.219943732511609, 19.582937855646392 ], [ -99.219789392590272, 19.583092816844253 ], [ -99.219696081343699, 19.583193087534173 ], [ -99.21953916731961, 19.583361704306494 ], [ -99.219281431238002, 19.583638661453005 ], [ -99.219078368290027, 19.583771835301864 ], [ -99.219581318638149, 19.584789580120034 ], [ -99.219753747794883, 19.584834340976375 ], [ -99.219918173845912, 19.584691931416934 ], [ -99.220158629177945, 19.584545552194534 ], [ -99.220502995824617, 19.584313072391399 ], [ -99.220574198912573, 19.584231877288776 ], [ -99.221317894574582, 19.583980883094991 ], [ -99.221377577904036, 19.584167808916398 ], [ -99.221240129824722, 19.584478891691791 ], [ -99.221297568468941, 19.584762699312755 ], [ -99.221349502648522, 19.584831091595483 ], [ -99.221487734860844, 19.585013129666006 ], [ -99.221509514468053, 19.585041811194142 ], [ -99.221704861361061, 19.585350232225185 ], [ -99.221838375678814, 19.58563845209607 ], [ -99.221852943961878, 19.585861481212877 ], [ -99.221857880291608, 19.585994402160278 ], [ -99.221758471748785, 19.58605472933403 ], [ -99.221398499245737, 19.585985747531858 ] ] ] ] } },
{ "type": "Feature", "properties": { "ENTIDAD": 15, "MUNICIPIO": 13, "LN": 2647, "DISTRITO_F": 15, "DISTRITO_L": 26, "SECCION": "318" }, "geometry": { "type": "MultiPolygon", "coordinates": [ [ [ [ -99.226446127506335, 19.58152401118523 ], [ -99.226369742107508, 19.581528743808629 ], [ -99.225873289954322, 19.581559501786543 ], [ -99.225543134116478, 19.581581313295271 ], [ -99.225213032138996, 19.581583374367334 ], [ -99.224953974597724, 19.581615239658973 ], [ -99.224640882168643, 19.581487934753735 ], [ -99.22460367943701, 19.581472870379837 ], [ -99.224351235065527, 19.58137224641386 ], [ -99.224280249921236, 19.58134395175006 ], [ -99.22377191079741, 19.581141326768531 ], [ -99.223584050750858, 19.581089740699376 ], [ -99.223279798277019, 19.581099129586349 ], [ -99.222630972787073, 19.581183292634559 ], [ -99.222215013168821, 19.581204082577877 ], [ -99.221846588698298, 19.581220307101024 ], [ -99.221701633566951, 19.581254280350436 ], [ -99.221359476753946, 19.58135833865218 ], [ -99.220872431531873, 19.58154593484522 ], [ -99.220820175762697, 19.581575287847485 ], [ -99.220897008207373, 19.581788327711511 ], [ -99.220334673183558, 19.582024228883377 ], [ -99.220146944794791, 19.582069518143104 ], [ -99.219983121740782, 19.582213910119648 ], [ -99.219929745858835, 19.58229395676441 ], [ -99.219838345672969, 19.582380808747757 ], [ -99.219579883678918, 19.582598165444889 ], [ -99.21943414161106, 19.582717984817645 ], [ -99.219377708992724, 19.582764379859793 ], [ -99.219341856554209, 19.582807294107219 ], [ -99.218819992417934, 19.583431945776944 ], [ -99.21834230673349, 19.583515885754668 ], [ -99.218329557518203, 19.583756972330775 ], [ -99.218110911979977, 19.583793284903628 ], [ -99.217718764518679, 19.583850083755699 ], [ -99.217585603947043, 19.583818702436425 ], [ -99.216964888080398, 19.583748620361543 ], [ -99.216677430213323, 19.583731928750399 ], [ -99.216169111025195, 19.58233905973195 ], [ -99.215920978064432, 19.581946459255374 ], [ -99.215702450800563, 19.581579976090584 ], [ -99.215524135401665, 19.581186994066098 ], [ -99.215071517411573, 19.580371721116535 ], [ -99.214291190575238, 19.579289356732136 ], [ -99.21429090761454, 19.579075373230715 ], [ -99.215521783852878, 19.579418955747801 ], [ -99.217065940049721, 19.579780876677539 ], [ -99.217599422617113, 19.579863152638321 ], [ -99.218008630154173, 19.579868008135961 ], [ -99.21803748719168, 19.579864011333623 ], [ -99.218724242753737, 19.579768891825676 ], [ -99.218826879119888, 19.579754675877791 ], [ -99.220093824665426, 19.579632768614502 ], [ -99.220133615316229, 19.57962900256684 ], [ -99.221267654689498, 19.5795216658972 ], [ -99.221302093645861, 19.579521239623283 ], [ -99.221747398361373, 19.579515727196735 ], [ -99.22235704869766, 19.579576497053758 ], [ -99.222769180558913, 19.579656232458568 ], [ -99.22332821149304, 19.579845451764395 ], [ -99.223611378288197, 19.579968340933082 ], [ -99.223641649520331, 19.579981478052233 ], [ -99.224116333201721, 19.580201801307794 ], [ -99.224426345063748, 19.580342424164115 ], [ -99.224477516452325, 19.580365610454312 ], [ -99.224946300853375, 19.580595058920807 ], [ -99.22514116949732, 19.580699132842994 ], [ -99.226621213213122, 19.581449875569696 ], [ -99.226579636208243, 19.581467480322644 ], [ -99.226491359739043, 19.581504858762695 ], [ -99.226446127506335, 19.58152401118523 ] ] ] ] } },
{ "type": "Feature", "properties": { "ENTIDAD": 15, "MUNICIPIO": 13, "LN": 2955, "DISTRITO_F": 15, "DISTRITO_L": 26, "SECCION": "319" }, "geometry": { "type": "MultiPolygon", "coordinates": [ [ [ [ -99.221857880291608, 19.585994402160278 ], [ -99.221852943961878, 19.585861481212877 ], [ -99.221838375678814, 19.58563845209607 ], [ -99.221704861361061, 19.585350232225185 ], [ -99.221509514468053, 19.585041811194142 ], [ -99.221487734860844, 19.585013129666006 ], [ -99.221349502648522, 19.584831091595483 ], [ -99.221297568468941, 19.584762699312755 ], [ -99.221240129824722, 19.584478891691791 ], [ -99.221377577904036, 19.584167808916398 ], [ -99.221317894574582, 19.583980883094991 ], [ -99.220574198912573, 19.584231877288776 ], [ -99.220502995824617, 19.584313072391399 ], [ -99.220158629177945, 19.584545552194534 ], [ -99.219918173845912, 19.584691931416934 ], [ -99.219753747794883, 19.584834340976375 ], [ -99.219581318638149, 19.584789580120034 ], [ -99.219078368290027, 19.583771835301864 ], [ -99.219281431238002, 19.583638661453005 ], [ -99.21953916731961, 19.583361704306494 ], [ -99.219696081343699, 19.583193087534173 ], [ -99.219789392590272, 19.583092816844253 ], [ -99.219943732511609, 19.582937855646392 ], [ -99.220125058824593, 19.582755798879457 ], [ -99.220183323104578, 19.582697299762547 ], [ -99.220544279748836, 19.582334886905588 ], [ -99.22103844053683, 19.582133764863251 ], [ -99.220897008207373, 19.581788327711511 ], [ -99.220820175762697, 19.581575287847485 ], [ -99.220872431531873, 19.58154593484522 ], [ -99.221359476753946, 19.58135833865218 ], [ -99.221701633566951, 19.581254280350436 ], [ -99.221846588698298, 19.581220307101024 ], [ -99.222215013168821, 19.581204082577877 ], [ -99.222630972787073, 19.581183292634559 ], [ -99.223279798277019, 19.581099129586349 ], [ -99.223584050750858, 19.581089740699376 ], [ -99.22377191079741, 19.581141326768531 ], [ -99.224280249921236, 19.58134395175006 ], [ -99.224351235065527, 19.58137224641386 ], [ -99.22460367943701, 19.581472870379837 ], [ -99.224640882168643, 19.581487934753735 ], [ -99.224953974597724, 19.581615239658973 ], [ -99.225213032138996, 19.581583374367334 ], [ -99.225409491358505, 19.582689352380896 ], [ -99.225176630216623, 19.582757233273938 ], [ -99.224649130964877, 19.58291334812586 ], [ -99.224753963842929, 19.583086698575698 ], [ -99.224176737237102, 19.583288962944749 ], [ -99.224140968506816, 19.583301496488744 ], [ -99.223408083097652, 19.58359119209512 ], [ -99.223171509042103, 19.583695407332495 ], [ -99.223289955217865, 19.584058570443712 ], [ -99.223300561288639, 19.584091089210244 ], [ -99.223115400861275, 19.584276064421786 ], [ -99.222702426821002, 19.584745198973639 ], [ -99.222592390579905, 19.58491177251075 ], [ -99.222493722681961, 19.585096924654135 ], [ -99.222309023955546, 19.585619848526186 ], [ -99.222218853492848, 19.585737115677908 ], [ -99.221857880291608, 19.585994402160278 ] ] ] ] } },
{ "type": "Feature", "properties": { "ENTIDAD": 15, "MUNICIPIO": 13, "LN": 2599, "DISTRITO_F": 15, "DISTRITO_L": 26, "SECCION": "320" }, "geometry": { "type": "MultiPolygon", "coordinates": [ [ [ [ -99.227671625054597, 19.585171822172704 ], [ -99.227715909912604, 19.584974872851774 ], [ -99.227787195921778, 19.583899587103634 ], [ -99.227789219256493, 19.583725455709548 ], [ -99.227789901735676, 19.583666720424524 ], [ -99.227802524553496, 19.583074608023097 ], [ -99.227809820505442, 19.582732367304747 ], [ -99.227972024316728, 19.582644959276294 ], [ -99.228009643468354, 19.582470502959438 ], [ -99.227985034075189, 19.582226171349969 ], [ -99.227893682565224, 19.581973299503812 ], [ -99.227799241579831, 19.581680183523414 ], [ -99.227692579371492, 19.581323836079786 ], [ -99.227697631693871, 19.581124598249151 ], [ -99.227762983728965, 19.580912957845449 ], [ -99.227867771803446, 19.580734453152889 ], [ -99.228628284938992, 19.579998940957001 ], [ -99.228752939841243, 19.57988567387584 ], [ -99.228944410782887, 19.579711694244139 ], [ -99.229515652730399, 19.579247310401716 ], [ -99.229760346925147, 19.578969069874962 ], [ -99.229995550343617, 19.579562794692801 ], [ -99.230278550373569, 19.580212866231378 ], [ -99.230629239376896, 19.580606496587439 ], [ -99.230647041051625, 19.580813883499783 ], [ -99.230669030022554, 19.581383905176143 ], [ -99.230669868978737, 19.581477565233318 ], [ -99.230596068332162, 19.581900775290173 ], [ -99.230408615763395, 19.582423687148577 ], [ -99.230719423689663, 19.582468919953818 ], [ -99.231406144960616, 19.58217766671854 ], [ -99.231757333474476, 19.582915594053418 ], [ -99.231096715993175, 19.583098962179946 ], [ -99.230510577352248, 19.583336159222217 ], [ -99.230426052450127, 19.58337466277435 ], [ -99.230594493562492, 19.583735888223313 ], [ -99.230704055292762, 19.583970585232922 ], [ -99.230822411816391, 19.58421649228697 ], [ -99.231141420236483, 19.584879286796607 ], [ -99.231336843911023, 19.585224213921805 ], [ -99.231594737893005, 19.585516719082811 ], [ -99.231831390789807, 19.585732120945128 ], [ -99.232053281762518, 19.585957230260544 ], [ -99.23253615498632, 19.586222571818066 ], [ -99.232873796751775, 19.586245153511221 ], [ -99.23324165448885, 19.586152600562066 ], [ -99.233035794391597, 19.586414338156974 ], [ -99.232813171901896, 19.586697384536603 ], [ -99.232663020756533, 19.586952332812483 ], [ -99.23253872560467, 19.587163378718749 ], [ -99.231085591688043, 19.586537186566265 ], [ -99.231074569220127, 19.586223169678053 ], [ -99.230658529977532, 19.58614686582618 ], [ -99.230242491115376, 19.58607056028012 ], [ -99.229642940199568, 19.585928708251306 ], [ -99.22941934721932, 19.585856960488925 ], [ -99.229149369714023, 19.585771285263853 ], [ -99.228588626383228, 19.585561529759751 ], [ -99.227801860967929, 19.585227169571663 ], [ -99.227757600344063, 19.585208359794787 ], [ -99.22770306591174, 19.585185183857636 ], [ -99.227671625054597, 19.585171822172704 ] ] ] ] } },
{ "type": "Feature", "properties": { "ENTIDAD": 15, "MUNICIPIO": 13, "LN": 2883, "DISTRITO_F": 15, "DISTRITO_L": 26, "SECCION": "321" }, "geometry": { "type": "MultiPolygon", "coordinates": [ [ [ [ -99.233035794391597, 19.586414338156974 ], [ -99.23324165448885, 19.586152600562066 ], [ -99.232873796751775, 19.586245153511221 ], [ -99.23253615498632, 19.586222571818066 ], [ -99.232053281762518, 19.585957230260544 ], [ -99.231831390789807, 19.585732120945128 ], [ -99.231594737893005, 19.585516719082811 ], [ -99.231336843911023, 19.585224213921805 ], [ -99.231141420236483, 19.584879286796607 ], [ -99.230822411816391, 19.58421649228697 ], [ -99.230704055292762, 19.583970585232922 ], [ -99.230594493562492, 19.583735888223313 ], [ -99.230426052450127, 19.58337466277435 ], [ -99.230510577352248, 19.583336159222217 ], [ -99.231096715993175, 19.583098962179946 ], [ -99.231757333474476, 19.582915594053418 ], [ -99.231406144960616, 19.58217766671854 ], [ -99.230719423689663, 19.582468919953818 ], [ -99.230408615763395, 19.582423687148577 ], [ -99.230596068332162, 19.581900775290173 ], [ -99.230669868978737, 19.581477565233318 ], [ -99.230669030022554, 19.581383905176143 ], [ -99.230647041051625, 19.580813883499783 ], [ -99.230629239376896, 19.580606496587439 ], [ -99.230278550373569, 19.580212866231378 ], [ -99.229995550343617, 19.579562794692801 ], [ -99.229760346925147, 19.578969069874962 ], [ -99.22983757726179, 19.578927741738006 ], [ -99.230130276733988, 19.579034272588668 ], [ -99.23065530558209, 19.578930038760298 ], [ -99.231525608023063, 19.57872513808142 ], [ -99.231568857054512, 19.578714431465968 ], [ -99.231747340301098, 19.578670246502618 ], [ -99.231796911721062, 19.578657974663336 ], [ -99.231894249209788, 19.577954716385026 ], [ -99.23190060932707, 19.577908764662102 ], [ -99.231999003678794, 19.577024087791752 ], [ -99.232088660833213, 19.576272468740932 ], [ -99.232169322328318, 19.576132526501105 ], [ -99.232148289836417, 19.575437038910927 ], [ -99.232562980548309, 19.57542332902921 ], [ -99.232779163389395, 19.575416181537936 ], [ -99.232835168176095, 19.575145508401995 ], [ -99.232951585195721, 19.5752188546588 ], [ -99.233120755867546, 19.575211954649156 ], [ -99.233289734194429, 19.575071424672313 ], [ -99.233522466222908, 19.574731606324129 ], [ -99.233759542516225, 19.574385443027605 ], [ -99.233996617801864, 19.574039279416912 ], [ -99.234618710357225, 19.574420106542515 ], [ -99.234650737861159, 19.574438087075677 ], [ -99.235221198608883, 19.574758347312965 ], [ -99.235049551238944, 19.575001261197698 ], [ -99.234883807255969, 19.57527195618367 ], [ -99.234802386394037, 19.575487056309989 ], [ -99.234742952115994, 19.575821208747488 ], [ -99.234917037377755, 19.57662245586662 ], [ -99.235054933924516, 19.577073584031943 ], [ -99.235183131288949, 19.577559656395223 ], [ -99.235223402170703, 19.577693259042579 ], [ -99.235433503333752, 19.578285414071118 ], [ -99.235607141248167, 19.578699808943465 ], [ -99.236218597925898, 19.579858249322697 ], [ -99.237391951536551, 19.582011491757868 ], [ -99.237396374121431, 19.582078918124999 ], [ -99.237431609718328, 19.582616114946351 ], [ -99.237927439265889, 19.584225701845032 ], [ -99.237865504807388, 19.584496418780944 ], [ -99.237541313286357, 19.584943396577437 ], [ -99.237525846211327, 19.584964721670779 ], [ -99.23740653042465, 19.585097848154778 ], [ -99.237050859270084, 19.585278070912981 ], [ -99.236669170687762, 19.58543370316066 ], [ -99.236282296003509, 19.585596728587017 ], [ -99.235892229214542, 19.58585557874618 ], [ -99.23600503370416, 19.586258954999501 ], [ -99.236098848440733, 19.58659442438579 ], [ -99.236122931209508, 19.586702915965184 ], [ -99.236403780602402, 19.588109322862639 ], [ -99.236186876480502, 19.588169293735028 ], [ -99.235690232027935, 19.588306607640323 ], [ -99.235213873278099, 19.588437735029551 ], [ -99.235033500586965, 19.587752911365705 ], [ -99.23406038425702, 19.587249374523555 ], [ -99.234248522832729, 19.586925981107079 ], [ -99.23446077207555, 19.587033816053374 ], [ -99.234678980431212, 19.586652056439718 ], [ -99.234336341010021, 19.586681286419321 ], [ -99.232926651793917, 19.586825961169389 ], [ -99.233186465854104, 19.58649245317994 ], [ -99.233035794391597, 19.586414338156974 ] ] ] ] } },
{ "type": "Feature", "properties": { "ENTIDAD": 15, "MUNICIPIO": 13, "LN": 2263, "DISTRITO_F": 15, "DISTRITO_L": 16, "SECCION": "322" }, "geometry": { "type": "MultiPolygon", "coordinates": [ [ [ [ -99.238616583739031, 19.581063637101465 ], [ -99.238916472522064, 19.581634658319125 ], [ -99.23911958397936, 19.58202105956601 ], [ -99.2392851418562, 19.58236663680804 ], [ -99.23980787398537, 19.583471584177342 ], [ -99.24001810422368, 19.583922918420647 ], [ -99.240309364377353, 19.584541334870767 ], [ -99.240590867936334, 19.585139030645795 ], [ -99.240375238548623, 19.58526000731521 ], [ -99.240026511921002, 19.585455655907364 ], [ -99.239693735402383, 19.585748774610977 ], [ -99.237865504807388, 19.584496418780944 ], [ -99.237927439265889, 19.584225701845032 ], [ -99.237431609718328, 19.582616114946351 ], [ -99.237396374121431, 19.582078918124999 ], [ -99.237391951536551, 19.582011491757868 ], [ -99.236218597925898, 19.579858249322697 ], [ -99.235607141248167, 19.578699808943465 ], [ -99.235433503333752, 19.578285414071118 ], [ -99.235223402170703, 19.577693259042579 ], [ -99.235183131288949, 19.577559656395223 ], [ -99.235054933924516, 19.577073584031943 ], [ -99.234917037377755, 19.57662245586662 ], [ -99.234742952115994, 19.575821208747488 ], [ -99.234802386394037, 19.575487056309989 ], [ -99.234883807255969, 19.57527195618367 ], [ -99.235049551238944, 19.575001261197698 ], [ -99.235221198608883, 19.574758347312965 ], [ -99.234650737861159, 19.574438087075677 ], [ -99.234618710357225, 19.574420106542515 ], [ -99.233996617801864, 19.574039279416912 ], [ -99.234695589589847, 19.573229550407746 ], [ -99.235817130092343, 19.572170845101134 ], [ -99.235930886025386, 19.57206346127413 ], [ -99.236216064068245, 19.572310079984113 ], [ -99.236422191001409, 19.572370121977201 ], [ -99.236694814264666, 19.572318068611157 ], [ -99.237334687030597, 19.572184941782218 ], [ -99.237500546218897, 19.572150434035695 ], [ -99.237588466196499, 19.572184782263804 ], [ -99.237655231063258, 19.572256494280069 ], [ -99.237667143403996, 19.572336601079769 ], [ -99.237673592019831, 19.572379965987704 ], [ -99.237631647932716, 19.572704556937886 ], [ -99.237553503635439, 19.57313833142674 ], [ -99.237506153525388, 19.573392565511735 ], [ -99.237501663219177, 19.573429907385279 ], [ -99.237484432127886, 19.573560605934976 ], [ -99.237496834079565, 19.573753013415214 ], [ -99.237648785185371, 19.574060117017527 ], [ -99.237712815661808, 19.574332872372004 ], [ -99.237758569303608, 19.574539595854048 ], [ -99.23776473888681, 19.574614259639151 ], [ -99.237899552292106, 19.575630768707523 ], [ -99.237952176204601, 19.576388906320648 ], [ -99.237933260009129, 19.576736499571258 ], [ -99.237892819362642, 19.577603740472895 ], [ -99.23788888854186, 19.578553993281574 ], [ -99.237993788287241, 19.579627090171957 ], [ -99.238616583739031, 19.581063637101465 ] ] ] ] } },
{ "type": "Feature", "properties": { "ENTIDAD": 15, "MUNICIPIO": 13, "LN": 2072, "DISTRITO_F": 15, "DISTRITO_L": 16, "SECCION": "323" }, "geometry": { "type": "MultiPolygon", "coordinates": [ [ [ [ -99.242746508734498, 19.581252009342361 ], [ -99.243792247338419, 19.581527909589045 ], [ -99.243712484361296, 19.58194742568773 ], [ -99.2436308434891, 19.582124362930163 ], [ -99.24345061490628, 19.582539062626619 ], [ -99.243308356001805, 19.583073951125701 ], [ -99.243035827556255, 19.583140836247779 ], [ -99.24351243695736, 19.58416098384609 ], [ -99.243419551657212, 19.584390391993537 ], [ -99.243100967021007, 19.585177215869042 ], [ -99.242826273643146, 19.585849403682246 ], [ -99.242803663173277, 19.585890991918916 ], [ -99.242743555578542, 19.586009547176594 ], [ -99.242638639758141, 19.586200154725624 ], [ -99.242004876564522, 19.587360212913122 ], [ -99.241840153473746, 19.587465341405132 ], [ -99.241613855035965, 19.587423996627901 ], [ -99.240836814404801, 19.585662113162972 ], [ -99.240590867936334, 19.585139030645795 ], [ -99.240309364377353, 19.584541334870767 ], [ -99.240018104223665, 19.583922918420559 ], [ -99.23980787398537, 19.583471584177342 ], [ -99.2392851418562, 19.58236663680804 ], [ -99.240109039647052, 19.582014501627754 ], [ -99.240909026084225, 19.581672581139571 ], [ -99.241424711173465, 19.581452170639889 ], [ -99.241981692559278, 19.581214137928871 ], [ -99.242813378293533, 19.580361673078709 ], [ -99.242788235456601, 19.580694132199604 ], [ -99.242790389653777, 19.580902235242249 ], [ -99.242746508734498, 19.581252009342361 ] ] ] ] } },
{ "type": "Feature", "properties": { "ENTIDAD": 15, "MUNICIPIO": 13, "LN": 4754, "DISTRITO_F": 15, "DISTRITO_L": 16, "SECCION": "324" }, "geometry": { "type": "MultiPolygon", "coordinates": [ [ [ [ -99.246007633859037, 19.58254197838059 ], [ -99.245474403860072, 19.582155268534766 ], [ -99.245422305861183, 19.582205789140691 ], [ -99.245230869098151, 19.582092033892842 ], [ -99.243792247338419, 19.581527909589045 ], [ -99.243814109907078, 19.581374928894444 ], [ -99.243844618707655, 19.581161446760895 ], [ -99.243892987234474, 19.580823908501291 ], [ -99.243952341950134, 19.580777856912086 ], [ -99.244129802328075, 19.580878692838247 ], [ -99.24429799362558, 19.580796873634291 ], [ -99.244309718321176, 19.580523257846593 ], [ -99.244215782121898, 19.580451734320683 ], [ -99.244321863029242, 19.580432249853569 ], [ -99.244582546383143, 19.580561772525531 ], [ -99.244904672712764, 19.58066941209756 ], [ -99.245183195147405, 19.580715804182351 ], [ -99.245465196896561, 19.580732124377146 ], [ -99.245750652470974, 19.580701668966867 ], [ -99.245829577476684, 19.580650215370031 ], [ -99.245898722501451, 19.580613914473645 ], [ -99.24619087516183, 19.580460535607919 ], [ -99.24681218287661, 19.580393322127904 ], [ -99.247191726780187, 19.580352262184714 ], [ -99.24773764575626, 19.579892071577401 ], [ -99.24821941336252, 19.579355308361766 ], [ -99.248458456147645, 19.578940726637867 ], [ -99.248471000655101, 19.57892351568503 ], [ -99.248766644744023, 19.578573920590141 ], [ -99.248866573521425, 19.578455755726825 ], [ -99.249137823052024, 19.578358499646814 ], [ -99.249638364976377, 19.578384533646904 ], [ -99.24966687791698, 19.578387544918126 ], [ -99.250075494200431, 19.578430698656629 ], [ -99.250509264255854, 19.578583771169271 ], [ -99.250710257609725, 19.578640284636673 ], [ -99.250810723316263, 19.578648496848228 ], [ -99.250911189032337, 19.578656709003777 ], [ -99.25102046381916, 19.578663238472032 ], [ -99.251084021559791, 19.578736646446163 ], [ -99.251111503394995, 19.578776591470056 ], [ -99.251175869861058, 19.578870148446587 ], [ -99.251227046108482, 19.578914342074089 ], [ -99.251278222383775, 19.578958535686539 ], [ -99.251364576694471, 19.578958415377034 ], [ -99.251422689623084, 19.578929938044769 ], [ -99.251438462499124, 19.578873123369004 ], [ -99.251371278835407, 19.578734576016736 ], [ -99.251435253738549, 19.578681656280953 ], [ -99.25207730486116, 19.579436817915546 ], [ -99.252504120675283, 19.580015287890493 ], [ -99.252444779132333, 19.580325852305059 ], [ -99.252411108478839, 19.580511332575266 ], [ -99.252286992446912, 19.580612128305503 ], [ -99.252265969338026, 19.580629200481702 ], [ -99.252033948147044, 19.580799583934581 ], [ -99.251824623690808, 19.581094617924961 ], [ -99.251043923949879, 19.580578738698524 ], [ -99.250771717313597, 19.580954014852573 ], [ -99.250488039862361, 19.581325696674181 ], [ -99.250382999459831, 19.581543340875655 ], [ -99.250336583892221, 19.581738072157009 ], [ -99.250212257233613, 19.582211607432974 ], [ -99.250109283836238, 19.582659603077325 ], [ -99.24998659916325, 19.583125277751332 ], [ -99.249917944374573, 19.583417775265914 ], [ -99.249278757449304, 19.58344673047759 ], [ -99.249281376686113, 19.583544974054366 ], [ -99.248889754615462, 19.584067160743611 ], [ -99.24874418606889, 19.584119057236023 ], [ -99.248290337406672, 19.584280855884391 ], [ -99.248300310125501, 19.584346340283719 ], [ -99.24802657293219, 19.584440797245421 ], [ -99.247757318107688, 19.58453370626474 ], [ -99.24766329325999, 19.584477436645127 ], [ -99.247592475870817, 19.584267066928103 ], [ -99.24752421440634, 19.584174114833644 ], [ -99.247489509368393, 19.584126856877997 ], [ -99.247387365129669, 19.583826369997809 ], [ -99.247248085136178, 19.583608674708373 ], [ -99.247038308238103, 19.583424022219976 ], [ -99.246840171846713, 19.583254459374714 ], [ -99.246220177960154, 19.582723873314986 ], [ -99.246007633859037, 19.58254197838059 ] ] ] ] } },
{ "type": "Feature", "properties": { "ENTIDAD": 15, "MUNICIPIO": 13, "LN": 952, "DISTRITO_F": 15, "DISTRITO_L": 16, "SECCION": "325" }, "geometry": { "type": "MultiPolygon", "coordinates": [ [ [ [ -99.252764908041925, 19.57890023458198 ], [ -99.253071256907774, 19.579689342342078 ], [ -99.252900059179964, 19.579787733952386 ], [ -99.252600402044891, 19.579959953715182 ], [ -99.252504120676406, 19.580015288621862 ], [ -99.252077304862297, 19.579436818647068 ], [ -99.251435253739672, 19.578681657012677 ], [ -99.251058647665843, 19.578284011306387 ], [ -99.250249573245682, 19.577035696021092 ], [ -99.24973013056966, 19.576177843651291 ], [ -99.249451792521171, 19.575726730823988 ], [ -99.25002444929018, 19.57540177282738 ], [ -99.25010866209152, 19.575353985435044 ], [ -99.250301301534677, 19.575575298017778 ], [ -99.250582518922059, 19.575776831112087 ], [ -99.250850534553578, 19.575974808246873 ], [ -99.251235587569084, 19.576269116416196 ], [ -99.251505697362077, 19.576600662877944 ], [ -99.251775817285335, 19.576938016430145 ], [ -99.252344498508606, 19.577714537633323 ], [ -99.252777733228243, 19.578677087746996 ], [ -99.252880098741088, 19.57880168014696 ], [ -99.252764908041925, 19.57890023458198 ] ] ] ] } },
{ "type": "Feature", "properties": { "ENTIDAD": 15, "MUNICIPIO": 13, "LN": 1428, "DISTRITO_F": 15, "DISTRITO_L": 16, "SECCION": "326" }, "geometry": { "type": "MultiPolygon", "coordinates": [ [ [ [ -99.253102144794667, 19.578806835014735 ], [ -99.252880098741088, 19.57880168014696 ], [ -99.252777733228243, 19.578677087746996 ], [ -99.252344498508606, 19.577714537633323 ], [ -99.251775817285335, 19.576938016430145 ], [ -99.251505697362077, 19.576600662877944 ], [ -99.251235587569084, 19.576269116416196 ], [ -99.251373171717503, 19.576163908355177 ], [ -99.251503896264666, 19.5760539747161 ], [ -99.251566636046647, 19.575390606717573 ], [ -99.251573188103023, 19.575287208526426 ], [ -99.251601195357523, 19.574951552685057 ], [ -99.251606263705455, 19.574868171373272 ], [ -99.25160781732778, 19.574842612128457 ], [ -99.251645749147713, 19.574464766657332 ], [ -99.25249683421373, 19.574641724909974 ], [ -99.252740273681368, 19.574712961098921 ], [ -99.253642319737807, 19.575282720895196 ], [ -99.253864086960419, 19.575444650250407 ], [ -99.253971028500459, 19.575711700494519 ], [ -99.25352234913251, 19.576450279182954 ], [ -99.253473858600628, 19.576789256585375 ], [ -99.253463986460517, 19.576987103240636 ], [ -99.253462674818252, 19.577013389710277 ], [ -99.2535760578088, 19.577603588405811 ], [ -99.253550511780148, 19.577863272507919 ], [ -99.25319716708448, 19.57871924122988 ], [ -99.253102144794667, 19.578806835014735 ] ] ] ] } },
{ "type": "Feature", "properties": { "ENTIDAD": 15, "MUNICIPIO": 13, "LN": 2355, "DISTRITO_F": 15, "DISTRITO_L": 16, "SECCION": "327" }, "geometry": { "type": "MultiPolygon", "coordinates": [ [ [ [ -99.258219618802599, 19.575510127763962 ], [ -99.258239051978222, 19.576546353418422 ], [ -99.258200616325553, 19.576729947191481 ], [ -99.258134983198957, 19.576858518244457 ], [ -99.258042234419577, 19.576983457284499 ], [ -99.257914618452944, 19.577101104577398 ], [ -99.257686361490826, 19.57725193253837 ], [ -99.257462006083955, 19.577421108519328 ], [ -99.257064586398613, 19.577797042600039 ], [ -99.2569052152853, 19.577987201646224 ], [ -99.256870575004001, 19.578123069646381 ], [ -99.256977845186896, 19.578816034302879 ], [ -99.257019559401144, 19.579268139128065 ], [ -99.257019897075821, 19.579481043559614 ], [ -99.256965874733794, 19.579605926850345 ], [ -99.2568770720261, 19.579778579721516 ], [ -99.256509642120264, 19.580091118398904 ], [ -99.256285328018194, 19.580289659048947 ], [ -99.256064851461119, 19.580466169328695 ], [ -99.255790043683646, 19.580573011686049 ], [ -99.255410493551324, 19.580569878744281 ], [ -99.254949595165272, 19.580555847678287 ], [ -99.254938253672492, 19.58073206087489 ], [ -99.25486488786548, 19.580871653974501 ], [ -99.254752908234309, 19.581084717067554 ], [ -99.254780584273689, 19.581444413837687 ], [ -99.25491307213882, 19.581958134988859 ], [ -99.255510991794665, 19.582900677735555 ], [ -99.255658245257294, 19.582951859890571 ], [ -99.256506423100276, 19.582950655610901 ], [ -99.256514064406446, 19.582884570828718 ], [ -99.257021439161136, 19.582894860828659 ], [ -99.256770139112007, 19.583174197510434 ], [ -99.256205992553362, 19.584000923673294 ], [ -99.255908416456037, 19.5844088019258 ], [ -99.255633874153745, 19.584688169998525 ], [ -99.255546835611852, 19.584742794779057 ], [ -99.255480477987305, 19.584661463869356 ], [ -99.255467890402542, 19.584504754106213 ], [ -99.255366296992804, 19.584249923237351 ], [ -99.254996511859858, 19.584521795737665 ], [ -99.254525035067815, 19.583287178883396 ], [ -99.254934281597897, 19.583136278342419 ], [ -99.254811136270632, 19.582781679436831 ], [ -99.25433363682194, 19.582040821128665 ], [ -99.254242043754942, 19.581865508859135 ], [ -99.254204659750485, 19.581633978895681 ], [ -99.254144744310665, 19.581198968624776 ], [ -99.254142964620485, 19.581173253085005 ], [ -99.254132117971437, 19.581016527339461 ], [ -99.254082225463875, 19.580677410873346 ], [ -99.254064835574169, 19.580604919577759 ], [ -99.254047445700408, 19.580532428279856 ], [ -99.253965733236598, 19.580361780351424 ], [ -99.253881637220672, 19.580244937777056 ], [ -99.253730897487088, 19.580123510478021 ], [ -99.253575273191586, 19.580034838985764 ], [ -99.25335792305556, 19.579929879529338 ], [ -99.253217114546629, 19.579845865350975 ], [ -99.253071256907774, 19.579689342342078 ], [ -99.252764908041925, 19.57890023458198 ], [ -99.252880098741088, 19.57880168014696 ], [ -99.253102144794667, 19.578806835014735 ], [ -99.25319716708448, 19.57871924122988 ], [ -99.253550511780148, 19.577863272507919 ], [ -99.2535760578088, 19.577603588405811 ], [ -99.253462674818252, 19.577013389710277 ], [ -99.253463986460517, 19.576987103240636 ], [ -99.253473858600628, 19.576789256585375 ], [ -99.25352234913251, 19.576450279182954 ], [ -99.253971028500459, 19.575711700494519 ], [ -99.254109550255194, 19.575782567068927 ], [ -99.254250771327335, 19.575735904738018 ], [ -99.254343422325263, 19.575976290407429 ], [ -99.254883774085613, 19.575652523539478 ], [ -99.25555049356889, 19.575253035911139 ], [ -99.256126200891458, 19.574911136358889 ], [ -99.256927532628097, 19.574435238123584 ], [ -99.256976031579711, 19.574405428137947 ], [ -99.257163751907498, 19.574290045206077 ], [ -99.258144990260803, 19.575423893298311 ], [ -99.258219618802599, 19.575510127763962 ] ] ] ] } },
{ "type": "Feature", "properties": { "ENTIDAD": 15, "MUNICIPIO": 13, "LN": 963, "DISTRITO_F": 15, "DISTRITO_L": 16, "SECCION": "328" }, "geometry": { "type": "MultiPolygon", "coordinates": [ [ [ [ -99.268075523222635, 19.58295801976962 ], [ -99.267757308882324, 19.582920051044631 ], [ -99.266935862859754, 19.582804626250677 ], [ -99.26650044968612, 19.582740125672533 ], [ -99.26641052477467, 19.582713532586173 ], [ -99.266310009191045, 19.582676932866139 ], [ -99.266165376756561, 19.582605320406795 ], [ -99.266015410717728, 19.582505319387405 ], [ -99.265951874939589, 19.582450290837503 ], [ -99.26589007964354, 19.58238189672937 ], [ -99.265743545566906, 19.582225097797849 ], [ -99.265611165456647, 19.582101685323483 ], [ -99.265499904860519, 19.582017591504069 ], [ -99.265452355565046, 19.581981652390319 ], [ -99.265223256098565, 19.581877518159576 ], [ -99.264990348527562, 19.581818635360133 ], [ -99.264785911795443, 19.581817265223812 ], [ -99.264521769093633, 19.581842383012653 ], [ -99.264328439107985, 19.58185854911223 ], [ -99.263806174411101, 19.581902219419494 ], [ -99.263585819233782, 19.581865793404457 ], [ -99.263347666777094, 19.581722489327362 ], [ -99.263252097593409, 19.581635963990248 ], [ -99.262812095503961, 19.581115089082562 ], [ -99.262586923052467, 19.580850986080584 ], [ -99.262369505066999, 19.580589319938031 ], [ -99.262247933566584, 19.580491559334888 ], [ -99.262118659982832, 19.580423191058845 ], [ -99.261728383180127, 19.580296439149425 ], [ -99.261521576913637, 19.580206147006251 ], [ -99.261459495967628, 19.580154819865683 ], [ -99.261353409023968, 19.580047242460314 ], [ -99.260663805371166, 19.579185823694246 ], [ -99.260181420173609, 19.578555159516995 ], [ -99.259964857717875, 19.578272026508582 ], [ -99.259672413661178, 19.577879742637073 ], [ -99.259306786606317, 19.577122783745203 ], [ -99.258986896406213, 19.576565425778377 ], [ -99.258219618802599, 19.575510127763962 ], [ -99.258144990260803, 19.575423893298311 ], [ -99.257163751907498, 19.574290045206077 ], [ -99.256988699218695, 19.574011488775589 ], [ -99.256778937853397, 19.573677699889192 ], [ -99.256643936458445, 19.573462874112241 ], [ -99.256577435415281, 19.573357051708104 ], [ -99.256431496078378, 19.573124819409198 ], [ -99.256370877227269, 19.573028356798762 ], [ -99.256258402460261, 19.572849375647529 ], [ -99.256167299469467, 19.57270440306652 ], [ -99.255958596528515, 19.572372292006381 ], [ -99.255738594082743, 19.572022198164351 ], [ -99.253934343942831, 19.569496219371249 ], [ -99.253623902408492, 19.569131359106418 ], [ -99.254149218363736, 19.568696213029533 ], [ -99.25429186184958, 19.568504849551072 ], [ -99.254543896654965, 19.568136521880547 ], [ -99.254637665609891, 19.567999485924116 ], [ -99.255506295848505, 19.567312092547613 ], [ -99.255849802369625, 19.567178321928072 ], [ -99.259135174997652, 19.566694799696933 ], [ -99.259346995966951, 19.568074231248175 ], [ -99.259584012634235, 19.569737471459753 ], [ -99.259683389804948, 19.570003896323801 ], [ -99.259891975449264, 19.570171435050206 ], [ -99.260079523936938, 19.570210656378944 ], [ -99.261782506253482, 19.570203257530789 ], [ -99.262339769741487, 19.570212321153367 ], [ -99.26284503408796, 19.570270823204098 ], [ -99.263449337573988, 19.570383480116412 ], [ -99.263699438447603, 19.570457161418926 ], [ -99.263988651267823, 19.570562872017767 ], [ -99.264452559751774, 19.570809014746128 ], [ -99.265098689828363, 19.571171996528271 ], [ -99.265250109360409, 19.571257060143108 ], [ -99.266017014949597, 19.572070443569782 ], [ -99.266659277174384, 19.57309133821261 ], [ -99.267013617096993, 19.573209288696678 ], [ -99.267284498996929, 19.573248379131115 ], [ -99.267721964205975, 19.573242794129261 ], [ -99.269721267207771, 19.572894265996737 ], [ -99.269750603166159, 19.575384116891502 ], [ -99.269737528457028, 19.577152942913163 ], [ -99.269635516996871, 19.578420866369321 ], [ -99.26950822593578, 19.57893727465477 ], [ -99.269221477624043, 19.579894224491362 ], [ -99.268615542847158, 19.581572836267778 ], [ -99.268075523222635, 19.58295801976962 ] ] ] ] } },
{ "type": "Feature", "properties": { "ENTIDAD": 15, "MUNICIPIO": 13, "LN": 2235, "DISTRITO_F": 15, "DISTRITO_L": 16, "SECCION": "329" }, "geometry": { "type": "MultiPolygon", "coordinates": [ [ [ [ -99.286324076248349, 19.569015798454611 ], [ -99.285392081391677, 19.572097608844061 ], [ -99.2837488507475, 19.573521892799405 ], [ -99.279345508129495, 19.575061526197651 ], [ -99.279325024632641, 19.575263951638764 ], [ -99.279184814712707, 19.575501117408646 ], [ -99.278950850248151, 19.575733491619623 ], [ -99.278693651213644, 19.575046428755961 ], [ -99.278453155697889, 19.57450872890346 ], [ -99.278108479928576, 19.573958848208733 ], [ -99.277993750787488, 19.573870169209943 ], [ -99.277670548411834, 19.573692955277032 ], [ -99.276914794314791, 19.573348566363183 ], [ -99.27673244635956, 19.573309354650142 ], [ -99.276524125790544, 19.573309674032462 ], [ -99.276227462441085, 19.573423666430969 ], [ -99.275117902260661, 19.574327557188841 ], [ -99.274613332133612, 19.574688685565924 ], [ -99.274550835420371, 19.574688780678311 ], [ -99.273972031606689, 19.57427006358672 ], [ -99.273596302401131, 19.573826354592676 ], [ -99.273142396762907, 19.573348208086678 ], [ -99.27274588979671, 19.572934147296213 ], [ -99.272297669784166, 19.57273736682626 ], [ -99.272203776625318, 19.572648652646468 ], [ -99.270561222477411, 19.572814648010521 ], [ -99.269721267207771, 19.572894265996737 ], [ -99.267721964205975, 19.573242794129261 ], [ -99.267284498996929, 19.573248379131115 ], [ -99.267013617096993, 19.573209288696678 ], [ -99.266659277174384, 19.57309133821261 ], [ -99.266017014949597, 19.572070443569782 ], [ -99.265250109360409, 19.571257060143108 ], [ -99.265098689828363, 19.571171996528271 ], [ -99.264452559751774, 19.570809014746128 ], [ -99.263988651267823, 19.570562872017767 ], [ -99.263699438447603, 19.570457161418926 ], [ -99.263449337573988, 19.570383480116412 ], [ -99.26284503408796, 19.570270823204098 ], [ -99.262339769741487, 19.570212321153367 ], [ -99.261782506253482, 19.570203257530789 ], [ -99.260079523936938, 19.570210656378944 ], [ -99.259891975449264, 19.570171435050206 ], [ -99.259683389804948, 19.570003896323801 ], [ -99.259584012634235, 19.569737471459753 ], [ -99.259346995966951, 19.568074231248175 ], [ -99.259135174997652, 19.566694799696933 ], [ -99.259567312535751, 19.566625068523471 ], [ -99.260016313467631, 19.566482706742377 ], [ -99.260446052674666, 19.566293330278992 ], [ -99.260674018187686, 19.566192870378995 ], [ -99.261252549518034, 19.56599940459207 ], [ -99.261846911500157, 19.56566349190107 ], [ -99.263238550335373, 19.564178330689899 ], [ -99.263626642208749, 19.563741397529444 ], [ -99.263765078286724, 19.563585538528248 ], [ -99.26411866380694, 19.563254279788964 ], [ -99.264702699225353, 19.563727322870722 ], [ -99.265276241849918, 19.564151014995524 ], [ -99.265630884578499, 19.564466425782864 ], [ -99.265854615149962, 19.564591655169401 ], [ -99.265912361258046, 19.564623977495295 ], [ -99.267037980794072, 19.565076468392714 ], [ -99.26723541993448, 19.564799735439621 ], [ -99.267568169955865, 19.564468500878956 ], [ -99.26828643304512, 19.564223080859325 ], [ -99.268963429219326, 19.564217136916657 ], [ -99.269275818984212, 19.564172243189986 ], [ -99.270015751941372, 19.564530457843976 ], [ -99.272452387997831, 19.565710019758264 ], [ -99.273540909152658, 19.566731631003211 ], [ -99.273848750514205, 19.567616143651339 ], [ -99.274505902176784, 19.5680230655021 ], [ -99.27470945736367, 19.568409392828826 ], [ -99.27508320965444, 19.56865826534391 ], [ -99.275126563414958, 19.568416212738438 ], [ -99.275219069141386, 19.567961868795319 ], [ -99.275457724273011, 19.56742836942286 ], [ -99.2754464659251, 19.566932274586982 ], [ -99.275596980656076, 19.566630922086336 ], [ -99.276090729957005, 19.566047667754297 ], [ -99.276496423483621, 19.565745923979861 ], [ -99.276616143284159, 19.565711185472306 ], [ -99.276699661324443, 19.565824595538551 ], [ -99.27744163816304, 19.565746941747733 ], [ -99.278558013937342, 19.565342902583623 ], [ -99.27993195012165, 19.564812578130265 ], [ -99.28042582332219, 19.5643132313017 ], [ -99.280617526882367, 19.5637452430007 ], [ -99.280590361095364, 19.563093675366222 ], [ -99.283622766447834, 19.562476818025424 ], [ -99.283967958548743, 19.566299545580314 ], [ -99.286324076248349, 19.569015798454611 ] ] ] ] } },
{ "type": "Feature", "properties": { "ENTIDAD": 15, "MUNICIPIO": 13, "LN": 3318, "DISTRITO_F": 15, "DISTRITO_L": 16, "SECCION": "330" }, "geometry": { "type": "MultiPolygon", "coordinates": [ [ [ [ -99.269596632522763, 19.551998382918672 ], [ -99.269831152488734, 19.551908651396403 ], [ -99.27011299658362, 19.55188008616879 ], [ -99.270350589375056, 19.551865040009744 ], [ -99.270712254330377, 19.551908570192989 ], [ -99.271012022282179, 19.552006058251841 ], [ -99.272294018489674, 19.552557477551144 ], [ -99.272635212206794, 19.552713662999437 ], [ -99.273069288913462, 19.552810944794853 ], [ -99.273492886338062, 19.552820097549123 ], [ -99.273875043133543, 19.552760755824789 ], [ -99.274246719455789, 19.55261328535088 ], [ -99.275288960780173, 19.551896754994836 ], [ -99.275804721004874, 19.551425867495119 ], [ -99.276020958993684, 19.551004405351662 ], [ -99.276125517163962, 19.55065080016076 ], [ -99.276164194983068, 19.550181510283508 ], [ -99.276011147043064, 19.54827196011642 ], [ -99.275912762666337, 19.547391192865337 ], [ -99.275895750543825, 19.54723889406069 ], [ -99.275666932773461, 19.546333319902956 ], [ -99.275676930995175, 19.546137429281874 ], [ -99.275818750920493, 19.546002548484424 ], [ -99.276025292117595, 19.545958161051022 ], [ -99.27629922508136, 19.546055679955181 ], [ -99.276557753904811, 19.546207087745081 ], [ -99.276867945699479, 19.546363312865257 ], [ -99.277105638335016, 19.546411917235872 ], [ -99.277075548452871, 19.546940826797634 ], [ -99.277084091694931, 19.547643916000503 ], [ -99.277087567678421, 19.547929978722646 ], [ -99.277155855761407, 19.548595849976465 ], [ -99.277191918118319, 19.549179268888292 ], [ -99.277372393644058, 19.551376946280815 ], [ -99.277678783671377, 19.555342947927592 ], [ -99.277661813988388, 19.555991810402602 ], [ -99.277616101682199, 19.556447290348824 ], [ -99.277503360022379, 19.556976326458674 ], [ -99.277369937832475, 19.557495600490881 ], [ -99.277205361133426, 19.557921881570973 ], [ -99.27704078358272, 19.558348162491566 ], [ -99.276639104002257, 19.559083309948345 ], [ -99.275835417613138, 19.560367521317374 ], [ -99.275165517014315, 19.561347918875359 ], [ -99.274650337321788, 19.562181172320773 ], [ -99.272452387997831, 19.565710019758264 ], [ -99.270015751941372, 19.564530457843976 ], [ -99.270483431470353, 19.564211384368903 ], [ -99.270542561315224, 19.563871776982236 ], [ -99.270549934830669, 19.563818716121531 ], [ -99.270303735812462, 19.563847378196588 ], [ -99.26961692547323, 19.563664499349638 ], [ -99.269310619441029, 19.563445684035695 ], [ -99.269011905257557, 19.563304663273595 ], [ -99.268212443822094, 19.562683401677162 ], [ -99.267831989263044, 19.562747626349378 ], [ -99.267204905160298, 19.562578796220905 ], [ -99.266839083418617, 19.562466164377906 ], [ -99.266607518968726, 19.562317966998183 ], [ -99.26639677482332, 19.562238420526025 ], [ -99.266264037573293, 19.56217700773604 ], [ -99.266819519459176, 19.561807340831923 ], [ -99.266843030123269, 19.561821076684961 ], [ -99.267053741046354, 19.561944182036704 ], [ -99.267129312985489, 19.561988286658273 ], [ -99.268129444465188, 19.562128270135592 ], [ -99.268816082561855, 19.562212128675874 ], [ -99.269681125713788, 19.561885466201325 ], [ -99.270460689590124, 19.561760517015195 ], [ -99.271170139075309, 19.55986734230164 ], [ -99.270671013055818, 19.559785829028574 ], [ -99.270483462648016, 19.559755199415868 ], [ -99.269759525116015, 19.559671402831857 ], [ -99.26904305010541, 19.559587592215738 ], [ -99.268923625946755, 19.559566550207766 ], [ -99.268937341827453, 19.558837978615124 ], [ -99.270362906551995, 19.559055122160228 ], [ -99.27064625381982, 19.558934451330362 ], [ -99.271264351597893, 19.55819789929625 ], [ -99.270092092010728, 19.557739891401333 ], [ -99.269972633779176, 19.557697630182474 ], [ -99.269838134526353, 19.55758465823223 ], [ -99.269653851847252, 19.557103277454605 ], [ -99.269643283462813, 19.557075670765727 ], [ -99.269423235894607, 19.55641995688265 ], [ -99.269223351175626, 19.555824320769354 ], [ -99.268529723148674, 19.556009259806757 ], [ -99.267783873589011, 19.556201346960648 ], [ -99.267752130719529, 19.55548338821967 ], [ -99.267749761534049, 19.555126577492221 ], [ -99.267704819212625, 19.554926555567604 ], [ -99.267493009353601, 19.554717433040487 ], [ -99.266966515775664, 19.554639261488141 ], [ -99.266805642949876, 19.554191434505114 ], [ -99.267100474998131, 19.554084070637177 ], [ -99.267507753977384, 19.553935757899559 ], [ -99.267424714884342, 19.553693774586339 ], [ -99.267336480529224, 19.553446323265316 ], [ -99.268039460988305, 19.553719506646797 ], [ -99.268215182187845, 19.553773111447939 ], [ -99.268416626484438, 19.553763018374191 ], [ -99.268922560257536, 19.553581081017896 ], [ -99.269980890630976, 19.553202441974754 ], [ -99.270011721492423, 19.553104458237172 ], [ -99.269892374477976, 19.552781442409611 ], [ -99.26883407095923, 19.55317477153265 ], [ -99.268249949538884, 19.552930796000915 ], [ -99.269747077803686, 19.552385012009132 ], [ -99.269596632522763, 19.551998382918672 ] ] ] ] } },
{ "type": "Feature", "properties": { "ENTIDAD": 15, "MUNICIPIO": 13, "LN": 2317, "DISTRITO_F": 15, "DISTRITO_L": 16, "SECCION": "331" }, "geometry": { "type": "MultiPolygon", "coordinates": [ [ [ [ -99.270460689590124, 19.561760517015195 ], [ -99.269681125713788, 19.561885466201325 ], [ -99.268816082561855, 19.562212128675874 ], [ -99.268129444465188, 19.562128270135592 ], [ -99.267129312985489, 19.561988286658273 ], [ -99.267053741046354, 19.561944182036704 ], [ -99.266843030123269, 19.561821076684961 ], [ -99.266819519459176, 19.561807340831923 ], [ -99.266964667564139, 19.561694987810203 ], [ -99.267180561967535, 19.561390516026648 ], [ -99.267351311233114, 19.560859764875335 ], [ -99.267522059402054, 19.56032901354455 ], [ -99.267662912505031, 19.559770013107567 ], [ -99.267692117851084, 19.559380937617298 ], [ -99.267693339580731, 19.559335126701679 ], [ -99.267720225880979, 19.558326972291415 ], [ -99.266996237811313, 19.558207798038293 ], [ -99.266272215942266, 19.558067400976277 ], [ -99.265555657027079, 19.557926990019521 ], [ -99.265130314884118, 19.557913468478414 ], [ -99.26476480520472, 19.557984737986857 ], [ -99.263638944413813, 19.558516884108691 ], [ -99.26329472748462, 19.557916154589169 ], [ -99.26292071213075, 19.557343761006969 ], [ -99.262646744737239, 19.556892213177047 ], [ -99.263371665220404, 19.556725906451327 ], [ -99.26523200862934, 19.555844049184792 ], [ -99.266008866344407, 19.55546282961101 ], [ -99.266594416620535, 19.555356205560162 ], [ -99.267049788701186, 19.555406232148648 ], [ -99.267752130719529, 19.55548338821967 ], [ -99.267783873589011, 19.556201346960648 ], [ -99.268529723148674, 19.556009259806757 ], [ -99.269223351175626, 19.555824320769354 ], [ -99.269423235894607, 19.55641995688265 ], [ -99.269643283462813, 19.557075670765727 ], [ -99.269653851847252, 19.557103277454605 ], [ -99.269838134526353, 19.55758465823223 ], [ -99.269972633779176, 19.557697630182474 ], [ -99.270092092010728, 19.557739891401333 ], [ -99.271264351597893, 19.55819789929625 ], [ -99.27064625381982, 19.558934451330362 ], [ -99.270362906551995, 19.559055122160228 ], [ -99.268937341827453, 19.558837978615124 ], [ -99.268923625946755, 19.559566550207766 ], [ -99.26904305010541, 19.559587592215738 ], [ -99.269759525116015, 19.559671402831857 ], [ -99.270483462648016, 19.559755199415868 ], [ -99.270671013055818, 19.559785829028574 ], [ -99.271170139075309, 19.55986734230164 ], [ -99.270460689590124, 19.561760517015195 ] ] ] ] } },
{ "type": "Feature", "properties": { "ENTIDAD": 15, "MUNICIPIO": 13, "LN": 3347, "DISTRITO_F": 15, "DISTRITO_L": 16, "SECCION": "332" }, "geometry": { "type": "MultiPolygon", "coordinates": [ [ [ [ -99.270542561315224, 19.563871776982236 ], [ -99.270483431470353, 19.564211384368903 ], [ -99.270015751941372, 19.564530457843976 ], [ -99.269275818984212, 19.564172243189986 ], [ -99.268963429219326, 19.564217136916657 ], [ -99.26828643304512, 19.564223080859325 ], [ -99.267568169955865, 19.564468500878956 ], [ -99.26723541993448, 19.564799735439621 ], [ -99.267037980794072, 19.565076468392714 ], [ -99.265912361258046, 19.564623977495295 ], [ -99.265854615149962, 19.564591655169401 ], [ -99.265630884578499, 19.564466425782864 ], [ -99.265276241849918, 19.564151014995524 ], [ -99.264702699225353, 19.563727322870722 ], [ -99.26411866380694, 19.563254279788964 ], [ -99.263765078286724, 19.563585538528248 ], [ -99.263626642208749, 19.563741397529444 ], [ -99.263238550335373, 19.564178330689899 ], [ -99.261846911500157, 19.56566349190107 ], [ -99.261391113059446, 19.565240093987953 ], [ -99.260917286314907, 19.564678567531512 ], [ -99.260477520904359, 19.564173954834565 ], [ -99.25991737472404, 19.563548155821547 ], [ -99.259376033341439, 19.563241822998236 ], [ -99.259356351392938, 19.563232381437082 ], [ -99.258228135527958, 19.562691163339782 ], [ -99.257898612928187, 19.562495974643372 ], [ -99.257712739119782, 19.562265906428159 ], [ -99.257628634420485, 19.561953961494297 ], [ -99.257641667012251, 19.561875997775793 ], [ -99.257690750905724, 19.56158236688945 ], [ -99.257742590890189, 19.561524114412929 ], [ -99.257920265281228, 19.561324461661219 ], [ -99.258249056056115, 19.561061460739076 ], [ -99.258692732120167, 19.560751237209825 ], [ -99.259722207952123, 19.559751023852666 ], [ -99.259744863399405, 19.559729012173847 ], [ -99.259767518840562, 19.559707000492306 ], [ -99.260354431683751, 19.559111745492306 ], [ -99.261804132886866, 19.557264502662175 ], [ -99.262242514318302, 19.556922080938776 ], [ -99.262646744737239, 19.556892213177047 ], [ -99.26292071213075, 19.557343761006969 ], [ -99.26329472748462, 19.557916154589169 ], [ -99.263638944413813, 19.558516884108691 ], [ -99.26476480520472, 19.557984737986857 ], [ -99.265130314884118, 19.557913468478414 ], [ -99.265555657027079, 19.557926990019521 ], [ -99.266272215942266, 19.558067400976277 ], [ -99.266996237811313, 19.558207798038293 ], [ -99.267720225880979, 19.558326972291415 ], [ -99.267693339580731, 19.559335126701679 ], [ -99.267692117851084, 19.559380937617298 ], [ -99.267662912505031, 19.559770013107567 ], [ -99.267522059402054, 19.56032901354455 ], [ -99.267351311233114, 19.560859764875335 ], [ -99.267180561967535, 19.561390516026648 ], [ -99.266964667564139, 19.561694987810203 ], [ -99.266819519459176, 19.561807340831923 ], [ -99.266264037573293, 19.56217700773604 ], [ -99.26639677482332, 19.562238420526025 ], [ -99.266607518968726, 19.562317966998183 ], [ -99.266839083418617, 19.562466164377906 ], [ -99.267204905160298, 19.562578796220905 ], [ -99.267831989263044, 19.562747626349378 ], [ -99.268212443822094, 19.562683401677162 ], [ -99.269011905257557, 19.563304663273595 ], [ -99.269310619441029, 19.563445684035695 ], [ -99.26961692547323, 19.563664499349638 ], [ -99.270303735812462, 19.563847378196588 ], [ -99.270549934830669, 19.563818716121531 ], [ -99.270542561315224, 19.563871776982236 ] ] ] ] } },
{ "type": "Feature", "properties": { "ENTIDAD": 15, "MUNICIPIO": 13, "LN": 4002, "DISTRITO_F": 15, "DISTRITO_L": 16, "SECCION": "333" }, "geometry": { "type": "MultiPolygon", "coordinates": [ [ [ [ -99.261846911500157, 19.56566349190107 ], [ -99.261252549518034, 19.56599940459207 ], [ -99.260674018187686, 19.566192870378995 ], [ -99.259015712815582, 19.565336105313026 ], [ -99.258961135982318, 19.565313154267088 ], [ -99.25890655916433, 19.565290203204501 ], [ -99.258557088294864, 19.565130022910203 ], [ -99.258532437724313, 19.565118724260795 ], [ -99.25822877704293, 19.564980982797952 ], [ -99.258008529316214, 19.564915499590761 ], [ -99.25771098434943, 19.564849222897692 ], [ -99.257660593305189, 19.564838699740566 ], [ -99.257417359696717, 19.564818586368048 ], [ -99.257193958556172, 19.564798078786339 ], [ -99.256814347713956, 19.564757407060128 ], [ -99.256459184180997, 19.564741428905162 ], [ -99.256308925348478, 19.564734668824858 ], [ -99.256287751376263, 19.564733716206824 ], [ -99.255949568577421, 19.564711636691676 ], [ -99.255537870189485, 19.564604122998894 ], [ -99.254944932442015, 19.564604684217663 ], [ -99.254701351545577, 19.564580697269925 ], [ -99.254257900019866, 19.56452598121675 ], [ -99.254077513415723, 19.564493387643548 ], [ -99.254058954890681, 19.564489053785429 ], [ -99.253837450031469, 19.564437326953051 ], [ -99.25359713401194, 19.564219590740567 ], [ -99.253136858747752, 19.564118719597982 ], [ -99.25321222343959, 19.56355576068691 ], [ -99.253282011267672, 19.563088304202545 ], [ -99.253718294427131, 19.563159662814257 ], [ -99.253738706970054, 19.56316300146873 ], [ -99.25435324243729, 19.56326351311062 ], [ -99.254811582942551, 19.563396343030863 ], [ -99.254895036539111, 19.56286513978004 ], [ -99.254938334044382, 19.562652644457703 ], [ -99.254942067099606, 19.562504123252211 ], [ -99.254956902050083, 19.56237519314524 ], [ -99.25496183087283, 19.562332356851993 ], [ -99.254971736978248, 19.562246263035469 ], [ -99.255032066575055, 19.561721937502934 ], [ -99.255035494268697, 19.561691179135529 ], [ -99.255038148075784, 19.561667365222405 ], [ -99.25505553428242, 19.561511350092228 ], [ -99.255136570193798, 19.56133546037486 ], [ -99.255217605931364, 19.561159570619669 ], [ -99.255245500714651, 19.560953923672177 ], [ -99.255331572828496, 19.56031937647926 ], [ -99.255323047159422, 19.560160271038566 ], [ -99.25531748658176, 19.560056499737389 ], [ -99.255337570529719, 19.559269989541363 ], [ -99.255317740664537, 19.558841811372851 ], [ -99.257153932632505, 19.558446139835549 ], [ -99.25756825311305, 19.5581608326398 ], [ -99.258314752325404, 19.558044625406438 ], [ -99.258612077050842, 19.557998340081028 ], [ -99.259008283652022, 19.557776644850769 ], [ -99.259067561995835, 19.557743475852043 ], [ -99.259086720265145, 19.557727849822264 ], [ -99.259285963279979, 19.55756534124934 ], [ -99.259309655712585, 19.557554961662976 ], [ -99.259779419874988, 19.557349158426124 ], [ -99.260033781393531, 19.557225861644678 ], [ -99.260255702243796, 19.55712241348175 ], [ -99.260576827370045, 19.557679888125765 ], [ -99.260843184269518, 19.557592818779455 ], [ -99.261157462567311, 19.557086661184254 ], [ -99.261369845916079, 19.556906009325903 ], [ -99.261921020777933, 19.556840816252382 ], [ -99.262242514318302, 19.556922080938776 ], [ -99.261804132886866, 19.557264502662175 ], [ -99.260354431683751, 19.559111745492306 ], [ -99.259767518840562, 19.559707000492306 ], [ -99.259744863399405, 19.559729012173847 ], [ -99.259722207952123, 19.559751023852666 ], [ -99.258692732120167, 19.560751237209825 ], [ -99.258249056056115, 19.561061460739076 ], [ -99.257920265281228, 19.561324461661219 ], [ -99.257742590890189, 19.561524114412929 ], [ -99.257690750905724, 19.56158236688945 ], [ -99.257641667012251, 19.561875997775793 ], [ -99.257628634420485, 19.561953961494297 ], [ -99.257712739119782, 19.562265906428159 ], [ -99.257898612928187, 19.562495974643372 ], [ -99.258228135527958, 19.562691163339782 ], [ -99.259356351392938, 19.563232381437082 ], [ -99.259376033341439, 19.563241822998236 ], [ -99.25991737472404, 19.563548155821547 ], [ -99.260477520904359, 19.564173954834565 ], [ -99.260917286314907, 19.564678567531512 ], [ -99.261391113059446, 19.565240093987953 ], [ -99.261846911500157, 19.56566349190107 ] ] ] ] } },
{ "type": "Feature", "properties": { "ENTIDAD": 15, "MUNICIPIO": 13, "LN": 1103, "DISTRITO_F": 15, "DISTRITO_L": 16, "SECCION": "334" }, "geometry": { "type": "MultiPolygon", "coordinates": [ [ [ [ -99.260674018187686, 19.566192870378995 ], [ -99.260446052674666, 19.566293330278992 ], [ -99.260016313467631, 19.566482706742377 ], [ -99.259567312535751, 19.566625068523471 ], [ -99.259135174997652, 19.566694799696933 ], [ -99.255849802369625, 19.567178321928072 ], [ -99.255506295848505, 19.567312092547613 ], [ -99.254637665609891, 19.567999485924116 ], [ -99.254543896654965, 19.568136521880547 ], [ -99.25429186184958, 19.568504849551072 ], [ -99.254149218363736, 19.568696213029533 ], [ -99.253623902408492, 19.569131359106418 ], [ -99.253151391982925, 19.568707667044688 ], [ -99.252675188559991, 19.56829491802899 ], [ -99.252651185133303, 19.568272592844242 ], [ -99.252177891011982, 19.567832387983312 ], [ -99.251980349524899, 19.567518865884551 ], [ -99.251877444586484, 19.567237587489647 ], [ -99.251911943964231, 19.566897873685644 ], [ -99.252064804685659, 19.566518901558542 ], [ -99.252203746106147, 19.566201831676246 ], [ -99.252439915458396, 19.565872661140833 ], [ -99.253609053655524, 19.566078468184873 ], [ -99.253978142904899, 19.565744498936279 ], [ -99.254609942213008, 19.565187291723269 ], [ -99.254701351545577, 19.564580697269925 ], [ -99.254944932442015, 19.564604684217663 ], [ -99.255537870189485, 19.564604122998894 ], [ -99.255949568577421, 19.564711636691676 ], [ -99.256287751376263, 19.564733716206824 ], [ -99.256308925348478, 19.564734668824858 ], [ -99.256459184180997, 19.564741428905162 ], [ -99.256814347713956, 19.564757407060128 ], [ -99.257193958556172, 19.564798078786339 ], [ -99.257417359696717, 19.564818586368048 ], [ -99.257660593305189, 19.564838699740566 ], [ -99.25771098434943, 19.564849222897692 ], [ -99.258008529316214, 19.564915499590761 ], [ -99.25822877704293, 19.564980982797952 ], [ -99.258532437724313, 19.565118724260795 ], [ -99.258557088294864, 19.565130022910203 ], [ -99.25890655916433, 19.565290203204501 ], [ -99.258961135982318, 19.565313154267088 ], [ -99.259015712815582, 19.565336105313026 ], [ -99.260674018187686, 19.566192870378995 ] ] ] ] } },
{ "type": "Feature", "properties": { "ENTIDAD": 15, "MUNICIPIO": 13, "LN": 1307, "DISTRITO_F": 15, "DISTRITO_L": 16, "SECCION": "335" }, "geometry": { "type": "MultiPolygon", "coordinates": [ [ [ [ -99.254250771327335, 19.575735904738018 ], [ -99.254109550255194, 19.575782567068927 ], [ -99.253971028500459, 19.575711700494519 ], [ -99.253864086960419, 19.575444650250407 ], [ -99.253834807112966, 19.575294280053086 ], [ -99.253879751222399, 19.575101228047945 ], [ -99.253877343102758, 19.575004547175247 ], [ -99.253565394159949, 19.574204629675052 ], [ -99.25341770185959, 19.573793842514174 ], [ -99.253292789606007, 19.573483091501682 ], [ -99.253031509311072, 19.573195981190885 ], [ -99.253134124241555, 19.573136731037067 ], [ -99.253310801735523, 19.573034716709554 ], [ -99.253216587928137, 19.572692641216495 ], [ -99.253170036247724, 19.572493759693074 ], [ -99.253354395549934, 19.572408332392286 ], [ -99.253683031996175, 19.57225605013009 ], [ -99.253860244500174, 19.572177906395787 ], [ -99.253918599776128, 19.572155275878483 ], [ -99.253976955035611, 19.572132645342478 ], [ -99.254237816150905, 19.572072148896357 ], [ -99.254533334648031, 19.572047134016476 ], [ -99.255480813095303, 19.57220705029561 ], [ -99.255534569999938, 19.572168501829672 ], [ -99.255738594082743, 19.572022198164351 ], [ -99.255958596528515, 19.572372292006381 ], [ -99.256167299469467, 19.57270440306652 ], [ -99.256258402460261, 19.572849375647529 ], [ -99.256370877227269, 19.573028356798762 ], [ -99.256431496078378, 19.573124819409198 ], [ -99.256577435415281, 19.573357051708104 ], [ -99.256643936458445, 19.573462874112241 ], [ -99.256778937853397, 19.573677699889192 ], [ -99.256988699218695, 19.574011488775589 ], [ -99.257163751907498, 19.574290045206077 ], [ -99.256976031579711, 19.574405428137947 ], [ -99.256927532628097, 19.574435238123584 ], [ -99.256126200891458, 19.574911136358889 ], [ -99.25555049356889, 19.575253035911139 ], [ -99.254883774085613, 19.575652523539478 ], [ -99.254343422325263, 19.575976290407429 ], [ -99.254250771327335, 19.575735904738018 ] ] ] ] } },
{ "type": "Feature", "properties": { "ENTIDAD": 15, "MUNICIPIO": 13, "LN": 2103, "DISTRITO_F": 15, "DISTRITO_L": 16, "SECCION": "336" }, "geometry": { "type": "MultiPolygon", "coordinates": [ [ [ [ -99.24781050401478, 19.56223987959353 ], [ -99.248209239710079, 19.562720710588767 ], [ -99.248534181668546, 19.563003456640057 ], [ -99.248863011591453, 19.563274463975144 ], [ -99.248883055774826, 19.563294451639479 ], [ -99.249074481765263, 19.563485337496381 ], [ -99.24914982850909, 19.563560471458036 ], [ -99.24934720649641, 19.56377437864229 ], [ -99.24967351936111, 19.564115120855789 ], [ -99.250323048787052, 19.56485979040195 ], [ -99.250963017534744, 19.565593489751514 ], [ -99.251745100543289, 19.566597184720706 ], [ -99.251877444586484, 19.567237587489647 ], [ -99.251980349524899, 19.567518865884551 ], [ -99.252177891011982, 19.567832387983312 ], [ -99.252651185133303, 19.568272592844242 ], [ -99.252675188559991, 19.56829491802899 ], [ -99.253151391982925, 19.568707667044688 ], [ -99.253623902408492, 19.569131359106418 ], [ -99.253934343942831, 19.569496219371249 ], [ -99.255738594082743, 19.572022198164351 ], [ -99.255534569999938, 19.572168501829672 ], [ -99.255480813095303, 19.57220705029561 ], [ -99.254533334648031, 19.572047134016476 ], [ -99.254237816150905, 19.572072148896357 ], [ -99.253976955035611, 19.572132645342478 ], [ -99.253918599776128, 19.572155275878483 ], [ -99.253860244500174, 19.572177906395787 ], [ -99.253683031996175, 19.57225605013009 ], [ -99.253354395549934, 19.572408332392286 ], [ -99.253170036247724, 19.572493759693074 ], [ -99.253216587928137, 19.572692641216495 ], [ -99.253310801735523, 19.573034716709554 ], [ -99.253134124241555, 19.573136731037067 ], [ -99.253031509311072, 19.573195981190885 ], [ -99.252311837910483, 19.572654438202672 ], [ -99.252168615906214, 19.572575779287991 ], [ -99.252275514349392, 19.572478270080808 ], [ -99.252151401128458, 19.572287972594374 ], [ -99.251992345295562, 19.571816827222538 ], [ -99.25185974020674, 19.571386047698354 ], [ -99.251843890694914, 19.571340081732185 ], [ -99.251778181790044, 19.571149515732149 ], [ -99.25169877883107, 19.570993786594062 ], [ -99.251584899861712, 19.57085734498175 ], [ -99.251347181593701, 19.57070568422991 ], [ -99.250577297300921, 19.570316193129138 ], [ -99.249969975027639, 19.570041910582255 ], [ -99.249783190037206, 19.570011386018788 ], [ -99.249369128726556, 19.570017730516984 ], [ -99.249101319177214, 19.570095058393147 ], [ -99.24887420198398, 19.570235820108717 ], [ -99.248718108304388, 19.570364939964517 ], [ -99.248517896089908, 19.570602932729916 ], [ -99.248415986476033, 19.570569294817272 ], [ -99.248399651099092, 19.570505826954214 ], [ -99.248277765195795, 19.57044058038996 ], [ -99.248338463540946, 19.570313516166834 ], [ -99.248472040434862, 19.570249281616398 ], [ -99.248673052258354, 19.570103344854999 ], [ -99.248776879484723, 19.569672824185158 ], [ -99.248782073294123, 19.569608144220062 ], [ -99.24880507918094, 19.56932294128784 ], [ -99.24881297161501, 19.569232725095574 ], [ -99.248843706597711, 19.568881401258849 ], [ -99.248139324624475, 19.568662838286645 ], [ -99.247650454767012, 19.568528656800467 ], [ -99.247388201161741, 19.568456674674952 ], [ -99.2469468908767, 19.568331434625168 ], [ -99.2465865040989, 19.568239182277015 ], [ -99.245867471263466, 19.568169142947816 ], [ -99.245164124357316, 19.56810062871465 ], [ -99.244780963870653, 19.568062205321432 ], [ -99.244152200931211, 19.567947605645191 ], [ -99.243523438855235, 19.567833003767223 ], [ -99.243512939161917, 19.567569108155567 ], [ -99.243544739231183, 19.567223326542369 ], [ -99.243569047429517, 19.567120235044936 ], [ -99.243627319900099, 19.566873099932643 ], [ -99.243686841440265, 19.56654041016877 ], [ -99.243684060390862, 19.566024291060362 ], [ -99.243661002560884, 19.565672004790553 ], [ -99.243613622353038, 19.564948106711935 ], [ -99.243576445850763, 19.564380100868096 ], [ -99.244585086535835, 19.56318061077307 ], [ -99.244869850423328, 19.56284207338113 ], [ -99.244941941248328, 19.56275636896115 ], [ -99.244964580954971, 19.562730671015483 ], [ -99.245124694994402, 19.562548927982455 ], [ -99.245815436276359, 19.561746457506395 ], [ -99.246604640900202, 19.560919793000238 ], [ -99.247210459706594, 19.5615707678432 ], [ -99.247301049294137, 19.561671042127777 ], [ -99.247616209634444, 19.562019894099784 ], [ -99.24781050401478, 19.56223987959353 ] ] ] ] } },
{ "type": "Feature", "properties": { "ENTIDAD": 15, "MUNICIPIO": 13, "LN": 1744, "DISTRITO_F": 15, "DISTRITO_L": 16, "SECCION": "337" }, "geometry": { "type": "MultiPolygon", "coordinates": [ [ [ [ -99.252168615906214, 19.572575779287991 ], [ -99.251928953903871, 19.572541416044874 ], [ -99.251759275635095, 19.572570042155675 ], [ -99.251418254438377, 19.572547431534577 ], [ -99.250937891573059, 19.572492521288044 ], [ -99.250800716406701, 19.572489363542299 ], [ -99.250731377162722, 19.57284274882883 ], [ -99.250694970309596, 19.572972128392678 ], [ -99.250518552691275, 19.572947138494865 ], [ -99.2502142301622, 19.573064272278057 ], [ -99.249763433285793, 19.57315164189291 ], [ -99.249573873968018, 19.573237072052663 ], [ -99.24945414950723, 19.573289284643021 ], [ -99.24919274407354, 19.573182397426184 ], [ -99.249112922870495, 19.573214051301875 ], [ -99.248650855517326, 19.572835384105424 ], [ -99.248402911426894, 19.572633710912694 ], [ -99.248177325055437, 19.572451246115641 ], [ -99.248033012984749, 19.572322539918257 ], [ -99.247963797243216, 19.572189882520561 ], [ -99.247951418445822, 19.572059070951227 ], [ -99.248010002503747, 19.571876215215699 ], [ -99.248239478060128, 19.571285247086148 ], [ -99.248289007113655, 19.571154350353293 ], [ -99.248353700409425, 19.57098495373808 ], [ -99.248517896089908, 19.570602932729916 ], [ -99.248718108304388, 19.570364939964517 ], [ -99.24887420198398, 19.570235820108717 ], [ -99.249101319177214, 19.570095058393147 ], [ -99.249369128726556, 19.570017730516984 ], [ -99.249783190037206, 19.570011386018788 ], [ -99.249969975027639, 19.570041910582255 ], [ -99.250577297300921, 19.570316193129138 ], [ -99.251347181593701, 19.57070568422991 ], [ -99.251584899861712, 19.57085734498175 ], [ -99.25169877883107, 19.570993786594062 ], [ -99.251778181790044, 19.571149515732149 ], [ -99.251843890694914, 19.571340081732185 ], [ -99.25185974020674, 19.571386047698354 ], [ -99.251992345295562, 19.571816827222538 ], [ -99.252151401128458, 19.572287972594374 ], [ -99.252275514349392, 19.572478270080808 ], [ -99.252168615906214, 19.572575779287991 ] ] ] ] } },
{ "type": "Feature", "properties": { "ENTIDAD": 15, "MUNICIPIO": 13, "LN": 1440, "DISTRITO_F": 15, "DISTRITO_L": 16, "SECCION": "338" }, "geometry": { "type": "MultiPolygon", "coordinates": [ [ [ [ -99.251503896264666, 19.5760539747161 ], [ -99.251373171717503, 19.576163908355177 ], [ -99.251235587569084, 19.576269116416196 ], [ -99.250850534553578, 19.575974808246873 ], [ -99.250582518922059, 19.575776831112087 ], [ -99.250301301534677, 19.575575298017778 ], [ -99.25010866209152, 19.575353985435044 ], [ -99.25002444929018, 19.57540177282738 ], [ -99.249718038429279, 19.575008048572894 ], [ -99.249637852083382, 19.574803125827447 ], [ -99.24932010191489, 19.573765779084024 ], [ -99.249190216243804, 19.573702871208233 ], [ -99.249106916601789, 19.573636744560662 ], [ -99.249091829512835, 19.573564214986142 ], [ -99.249076742437779, 19.573491685409639 ], [ -99.249112922870495, 19.573214051301875 ], [ -99.24919274407354, 19.573182397426184 ], [ -99.24945414950723, 19.573289284643021 ], [ -99.249573873968018, 19.573237072052663 ], [ -99.249763433285793, 19.57315164189291 ], [ -99.2502142301622, 19.573064272278057 ], [ -99.250518552691275, 19.572947138494865 ], [ -99.250694970309596, 19.572972128392678 ], [ -99.250731377162722, 19.57284274882883 ], [ -99.250800716406701, 19.572489363542299 ], [ -99.250937891573059, 19.572492521288044 ], [ -99.251418254438377, 19.572547431534577 ], [ -99.251759275635095, 19.572570042155675 ], [ -99.251928953903871, 19.572541416044874 ], [ -99.252168615906214, 19.572575779287991 ], [ -99.252311837910483, 19.572654438202672 ], [ -99.253031509311072, 19.573195981190885 ], [ -99.253292789606007, 19.573483091501682 ], [ -99.25341770185959, 19.573793842514174 ], [ -99.253565394159949, 19.574204629675052 ], [ -99.253877343102758, 19.575004547175247 ], [ -99.253879751222399, 19.575101228047945 ], [ -99.253834807112966, 19.575294280053086 ], [ -99.253864086960419, 19.575444650250407 ], [ -99.253642319737807, 19.575282720895196 ], [ -99.252740273681368, 19.574712961098921 ], [ -99.25249683421373, 19.574641724909974 ], [ -99.251645749147713, 19.574464766657332 ], [ -99.25160781732778, 19.574842612128457 ], [ -99.251606263705455, 19.574868171373272 ], [ -99.251601195357523, 19.574951552685057 ], [ -99.251573188103023, 19.575287208526426 ], [ -99.251566636046647, 19.575390606717573 ], [ -99.251503896264666, 19.5760539747161 ] ] ] ] } },
{ "type": "Feature", "properties": { "ENTIDAD": 15, "MUNICIPIO": 13, "LN": 1252, "DISTRITO_F": 15, "DISTRITO_L": 16, "SECCION": "339" }, "geometry": { "type": "MultiPolygon", "coordinates": [ [ [ [ -99.25002444929018, 19.57540177282738 ], [ -99.249451792521171, 19.575726730823988 ], [ -99.248406176150894, 19.574035529692509 ], [ -99.247818372632693, 19.573230470400159 ], [ -99.247067982742365, 19.572202717168565 ], [ -99.246971120483082, 19.572047503365425 ], [ -99.24686651524884, 19.571873892418399 ], [ -99.246603393806851, 19.571483742638353 ], [ -99.246463469265748, 19.571277961677762 ], [ -99.24608403156833, 19.570719935862986 ], [ -99.245895864495822, 19.570443203347303 ], [ -99.245566282761587, 19.569958493096365 ], [ -99.247203505085693, 19.570103439963521 ], [ -99.247484272566354, 19.570155409601714 ], [ -99.248338463540946, 19.570313516166834 ], [ -99.248277765195795, 19.57044058038996 ], [ -99.248399651099092, 19.570505826954214 ], [ -99.248415986476033, 19.570569294817272 ], [ -99.248517896089908, 19.570602932729916 ], [ -99.248353700409425, 19.57098495373808 ], [ -99.248289007113655, 19.571154350353293 ], [ -99.248239478060128, 19.571285247086148 ], [ -99.248010002503747, 19.571876215215699 ], [ -99.247951418445822, 19.572059070951227 ], [ -99.247963797243216, 19.572189882520561 ], [ -99.248033012984749, 19.572322539918257 ], [ -99.248177325055437, 19.572451246115641 ], [ -99.248402911426894, 19.572633710912694 ], [ -99.248650855517326, 19.572835384105424 ], [ -99.249112922870495, 19.573214051301875 ], [ -99.249076742437779, 19.573491685409639 ], [ -99.249091829512835, 19.573564214986142 ], [ -99.249106916601789, 19.573636744560662 ], [ -99.249190216243804, 19.573702871208233 ], [ -99.24932010191489, 19.573765779084024 ], [ -99.249637852083382, 19.574803125827447 ], [ -99.249718038429279, 19.575008048572894 ], [ -99.25002444929018, 19.57540177282738 ] ] ] ] } },
{ "type": "Feature", "properties": { "ENTIDAD": 15, "MUNICIPIO": 13, "LN": 2286, "DISTRITO_F": 15, "DISTRITO_L": 16, "SECCION": "340" }, "geometry": { "type": "MultiPolygon", "coordinates": [ [ [ [ -99.251435253739672, 19.578681657012677 ], [ -99.251371278836544, 19.578734576748509 ], [ -99.251438462500261, 19.578873124100728 ], [ -99.251422689624235, 19.578929938776387 ], [ -99.251364576695607, 19.578958416108659 ], [ -99.251278222384897, 19.57895853641817 ], [ -99.251227046109605, 19.578914342805717 ], [ -99.251175869862195, 19.578870149178208 ], [ -99.251111503396118, 19.578776592201748 ], [ -99.251084021560942, 19.578736647177895 ], [ -99.251020463820296, 19.578663239203873 ], [ -99.250911189033474, 19.578656709735501 ], [ -99.2508107233174, 19.578648497580019 ], [ -99.250710257610848, 19.578640285368412 ], [ -99.250509264256962, 19.57858377190097 ], [ -99.250075494201539, 19.578430699388417 ], [ -99.249666877918102, 19.578387545649971 ], [ -99.2496383649775, 19.578384534378738 ], [ -99.249137823053147, 19.578358500378634 ], [ -99.248866573522548, 19.578455756458641 ], [ -99.248766644744023, 19.578573920590141 ], [ -99.248471001009591, 19.578923515931887 ], [ -99.248458456148754, 19.578940727369581 ], [ -99.248219413363628, 19.579355309093287 ], [ -99.247737645757383, 19.57989207230878 ], [ -99.247191726781296, 19.580352262915962 ], [ -99.24681218287661, 19.580393322127904 ], [ -99.246721831846344, 19.580068766411031 ], [ -99.246612646883733, 19.579676554269533 ], [ -99.246140499244731, 19.579782432686287 ], [ -99.246017568815532, 19.578907324553931 ], [ -99.246252091751003, 19.578890610111404 ], [ -99.246592757818235, 19.578866330302244 ], [ -99.24677719955433, 19.578010745797052 ], [ -99.246866368964504, 19.577597105342548 ], [ -99.246962977090405, 19.577126995757155 ], [ -99.246987709855063, 19.577006641989012 ], [ -99.247164166396047, 19.57614796978374 ], [ -99.247810039811824, 19.576270132162392 ], [ -99.248454998295145, 19.576393833872419 ], [ -99.249092695480655, 19.576516140420548 ], [ -99.24936738401135, 19.576365427292536 ], [ -99.24973013056966, 19.576177843651291 ], [ -99.250249573245682, 19.577035696021092 ], [ -99.251058647665843, 19.578284011306387 ], [ -99.251435253739672, 19.578681657012677 ] ] ] ] } },
{ "type": "Feature", "properties": { "ENTIDAD": 15, "MUNICIPIO": 13, "LN": 2024, "DISTRITO_F": 15, "DISTRITO_L": 16, "SECCION": "341" }, "geometry": { "type": "MultiPolygon", "coordinates": [ [ [ [ -99.246592757818235, 19.578866330302244 ], [ -99.246252091751003, 19.578890610111404 ], [ -99.246017568815532, 19.578907324553931 ], [ -99.246140499244731, 19.579782432686287 ], [ -99.246612646883733, 19.579676554269533 ], [ -99.246721831846344, 19.580068766411031 ], [ -99.24681218287661, 19.580393322127904 ], [ -99.24619087516183, 19.580460535607919 ], [ -99.245898722501451, 19.580613914473645 ], [ -99.245829577477778, 19.580650216101333 ], [ -99.245750652472069, 19.58070166969814 ], [ -99.245465196897669, 19.58073212510833 ], [ -99.245183195148513, 19.580715804913506 ], [ -99.244904672713844, 19.580669412828712 ], [ -99.244582546384237, 19.580561773256719 ], [ -99.244321863030336, 19.580432250584824 ], [ -99.244215782122993, 19.580451735051984 ], [ -99.243949867187709, 19.580217855256542 ], [ -99.243617696287956, 19.579929034740193 ], [ -99.24338295509115, 19.579719736071489 ], [ -99.243474977285729, 19.579635687001165 ], [ -99.243522176482983, 19.579570871230462 ], [ -99.243679071013432, 19.579266670351473 ], [ -99.243846467939179, 19.579097896662415 ], [ -99.243984523065194, 19.579002520656676 ], [ -99.243901357668264, 19.578844939014974 ], [ -99.24362696732409, 19.578740502016394 ], [ -99.243432193197918, 19.578635957174964 ], [ -99.243175351221382, 19.578435072631923 ], [ -99.243126558772374, 19.578342907541643 ], [ -99.243524621186253, 19.578327920132431 ], [ -99.243913806718624, 19.578299921700129 ], [ -99.243823913083347, 19.577348388451171 ], [ -99.244257316926308, 19.577310071355662 ], [ -99.245243603807239, 19.57727100246932 ], [ -99.245248553420524, 19.577618957603537 ], [ -99.245513925241923, 19.577610212021824 ], [ -99.245766053235187, 19.577618253338567 ], [ -99.246128783600355, 19.577642912682027 ], [ -99.246511357332139, 19.577627717224466 ], [ -99.246528940564247, 19.57753373669723 ], [ -99.246866368964504, 19.577597105342548 ], [ -99.24677719955433, 19.578010745797052 ], [ -99.246592757818235, 19.578866330302244 ] ] ] ] } },
{ "type": "Feature", "properties": { "ENTIDAD": 15, "MUNICIPIO": 13, "LN": 2524, "DISTRITO_F": 15, "DISTRITO_L": 16, "SECCION": "342" }, "geometry": { "type": "MultiPolygon", "coordinates": [ [ [ [ -99.238616583739031, 19.581063637101465 ], [ -99.237993788287241, 19.579627090171957 ], [ -99.237888888540795, 19.578553992549878 ], [ -99.237892819361576, 19.577603739740891 ], [ -99.238002250927309, 19.577772970797909 ], [ -99.238221672096614, 19.578112295335629 ], [ -99.238556064541527, 19.578705535738827 ], [ -99.238886785611854, 19.57864598678696 ], [ -99.23908469402555, 19.578622594090511 ], [ -99.239294119234756, 19.578652669824354 ], [ -99.239374942817804, 19.578699310860436 ], [ -99.239554041383641, 19.578791595134561 ], [ -99.239599952282262, 19.578833970245938 ], [ -99.23973057307893, 19.578981544769711 ], [ -99.239830968783991, 19.579027672328895 ], [ -99.240555486667546, 19.579097249988415 ], [ -99.241018798686198, 19.579141741694272 ], [ -99.241220340895239, 19.579737725221708 ], [ -99.241505977803612, 19.579741238354263 ], [ -99.241597255315213, 19.579742360907886 ], [ -99.242266968215247, 19.579713192808569 ], [ -99.242692767620881, 19.579769160920268 ], [ -99.242826163267154, 19.579831262778189 ], [ -99.243111140342435, 19.579963930763945 ], [ -99.243477053218214, 19.580197303240702 ], [ -99.243603787880986, 19.580342087173157 ], [ -99.243767755321173, 19.580572139387172 ], [ -99.243892987234474, 19.580823908501291 ], [ -99.243844618707655, 19.581161446760895 ], [ -99.243814109907078, 19.581374928894444 ], [ -99.243792247338419, 19.581527909589045 ], [ -99.242746508734498, 19.581252009342361 ], [ -99.242790389653777, 19.580902235242249 ], [ -99.242788235456601, 19.580694132199604 ], [ -99.242813378293533, 19.580361673078709 ], [ -99.241981692559278, 19.581214137928871 ], [ -99.241424711173465, 19.581452170639889 ], [ -99.240909026084225, 19.581672581139571 ], [ -99.240109039647052, 19.582014501627754 ], [ -99.2392851418562, 19.58236663680804 ], [ -99.23911958397828, 19.582021058835185 ], [ -99.238916472833566, 19.581634658182789 ], [ -99.238616583739031, 19.581063637101465 ] ] ] ] } },
{ "type": "Feature", "properties": { "ENTIDAD": 15, "MUNICIPIO": 13, "LN": 2675, "DISTRITO_F": 15, "DISTRITO_L": 16, "SECCION": "343" }, "geometry": { "type": "MultiPolygon", "coordinates": [ [ [ [ -99.24338295509115, 19.579719736071489 ], [ -99.243617696287956, 19.579929034740193 ], [ -99.243949867187709, 19.580217855256542 ], [ -99.244215782122993, 19.580451735051984 ], [ -99.244309718321176, 19.580523257846593 ], [ -99.24429799362558, 19.580796873634291 ], [ -99.244129802329184, 19.580878693569389 ], [ -99.243952341950134, 19.580777856912086 ], [ -99.243892987234474, 19.580823908501291 ], [ -99.243767755321173, 19.580572139387172 ], [ -99.243603787317326, 19.580342087112065 ], [ -99.243477053219294, 19.580197303971943 ], [ -99.243111140342435, 19.579963930763945 ], [ -99.242826163267154, 19.579831262778189 ], [ -99.242692767621975, 19.579769161651612 ], [ -99.242266968215247, 19.579713192808569 ], [ -99.241597255316307, 19.579742361639322 ], [ -99.241505977793622, 19.579741239085546 ], [ -99.241220340896319, 19.57973772595318 ], [ -99.241018798687264, 19.579141742425858 ], [ -99.240555486668612, 19.579097250720103 ], [ -99.239830968785071, 19.579027673060526 ], [ -99.239730573080024, 19.578981545501311 ], [ -99.239599952283342, 19.578833970977669 ], [ -99.239554041384707, 19.578791595866292 ], [ -99.23937494281887, 19.578699311592167 ], [ -99.239294119235851, 19.578652670556188 ], [ -99.23908469402663, 19.578622594822345 ], [ -99.23888678561292, 19.578645987518822 ], [ -99.238556064542607, 19.578705536470554 ], [ -99.238221672096614, 19.578112295335629 ], [ -99.239079401397163, 19.577284375701492 ], [ -99.239445799215545, 19.576930707917576 ], [ -99.239621256750638, 19.577168041607397 ], [ -99.239810785746997, 19.577633160036161 ], [ -99.240290467362172, 19.577253476203367 ], [ -99.240421629883343, 19.577420815062879 ], [ -99.240497238594173, 19.577469529344665 ], [ -99.240572799043235, 19.577485700284655 ], [ -99.240593090664007, 19.577277395629757 ], [ -99.240664980776714, 19.577134108891705 ], [ -99.2406796437282, 19.577114895010286 ], [ -99.240852345809969, 19.576888591072549 ], [ -99.240867578370398, 19.576869324094826 ], [ -99.241388979165237, 19.576209824249222 ], [ -99.241559333975019, 19.575938571707056 ], [ -99.24164462645976, 19.575573971653885 ], [ -99.242032914776004, 19.575781728790606 ], [ -99.242199599127261, 19.575890525412593 ], [ -99.242366283701315, 19.575999321877031 ], [ -99.242847101311227, 19.576089796757731 ], [ -99.242943354649839, 19.576167771266949 ], [ -99.243152749230106, 19.576246111120373 ], [ -99.243192313433099, 19.576482424115344 ], [ -99.24284773032187, 19.576509605432584 ], [ -99.242911162448166, 19.57725665124152 ], [ -99.242917633299825, 19.57733285861967 ], [ -99.242983659543654, 19.577859972276748 ], [ -99.242994360085802, 19.578126813476178 ], [ -99.24300151982807, 19.578322064031276 ], [ -99.243126558772374, 19.578342907541643 ], [ -99.243175351221382, 19.578435072631923 ], [ -99.243432193197918, 19.578635957174964 ], [ -99.24362696732409, 19.578740502016394 ], [ -99.243901357668264, 19.578844939014974 ], [ -99.243984523065194, 19.579002520656676 ], [ -99.243846467939179, 19.579097896662415 ], [ -99.243679071013432, 19.579266670351473 ], [ -99.243522176482983, 19.579570871230462 ], [ -99.243474977285729, 19.579635687001165 ], [ -99.24338295509115, 19.579719736071489 ] ] ] ] } },
{ "type": "Feature", "properties": { "ENTIDAD": 15, "MUNICIPIO": 13, "LN": 1107, "DISTRITO_F": 15, "DISTRITO_L": 16, "SECCION": "344" }, "geometry": { "type": "MultiPolygon", "coordinates": [ [ [ [ -99.24164462645976, 19.575573971653885 ], [ -99.241559333975019, 19.575938571707056 ], [ -99.241388979165237, 19.576209824249222 ], [ -99.240867578370398, 19.576869324094826 ], [ -99.240852345809969, 19.576888591072549 ], [ -99.2406796437282, 19.577114895010286 ], [ -99.240664980776714, 19.577134108891705 ], [ -99.240593090664007, 19.577277395629757 ], [ -99.240572799043235, 19.577485700284655 ], [ -99.240497238594173, 19.577469529344665 ], [ -99.240421629883343, 19.577420815062879 ], [ -99.240290467362172, 19.577253476203367 ], [ -99.239810785746997, 19.577633160036161 ], [ -99.239621256750638, 19.577168041607397 ], [ -99.239445799215545, 19.576930707917576 ], [ -99.239079401397163, 19.577284375701492 ], [ -99.238221672096614, 19.578112295335629 ], [ -99.238002250928361, 19.577772971529914 ], [ -99.237892819362642, 19.577603740472895 ], [ -99.237933260009129, 19.576736499571258 ], [ -99.237952176204601, 19.576388906320648 ], [ -99.238033474634989, 19.576356237475871 ], [ -99.238471934959307, 19.575963859483373 ], [ -99.238790236177564, 19.575679009978117 ], [ -99.239070898347236, 19.575427842569024 ], [ -99.23914990836748, 19.575644413942531 ], [ -99.238982964722382, 19.576087157355367 ], [ -99.238839639346338, 19.57631049936726 ], [ -99.238983589329408, 19.57651076750124 ], [ -99.239365880623126, 19.575976964736036 ], [ -99.239621005197321, 19.575657429097991 ], [ -99.240018894421382, 19.57565114229174 ], [ -99.240097158891601, 19.575659412226681 ], [ -99.240207242295398, 19.575671044298733 ], [ -99.240581509785898, 19.575618300306324 ], [ -99.240788785284778, 19.575617091842847 ], [ -99.240931779465399, 19.575616258015366 ], [ -99.241127489322949, 19.575615116608446 ], [ -99.24164462645976, 19.575573971653885 ] ] ] ] } },
{ "type": "Feature", "properties": { "ENTIDAD": 15, "MUNICIPIO": 13, "LN": 2495, "DISTRITO_F": 15, "DISTRITO_L": 26, "SECCION": "345" }, "geometry": { "type": "MultiPolygon", "coordinates": [ [ [ [ -99.22983757726179, 19.578927741738006 ], [ -99.229760346925147, 19.578969069874962 ], [ -99.229515652730399, 19.579247310401716 ], [ -99.228944410782887, 19.579711694244139 ], [ -99.228752939841243, 19.57988567387584 ], [ -99.228628284938992, 19.579998940957001 ], [ -99.227867771803446, 19.580734453152889 ], [ -99.227762983728965, 19.580912957845449 ], [ -99.227697631693871, 19.581124598249151 ], [ -99.227692579371492, 19.581323836079786 ], [ -99.226719067732617, 19.581422807466858 ], [ -99.226621213213122, 19.581449875569696 ], [ -99.22514116949732, 19.580699132842994 ], [ -99.224946300853375, 19.580595058920807 ], [ -99.224477516452325, 19.580365610454312 ], [ -99.224426345063748, 19.580342424164115 ], [ -99.224207921759316, 19.580076744398074 ], [ -99.223984644293253, 19.579805159068059 ], [ -99.223646826680849, 19.579394249625768 ], [ -99.223525677810755, 19.579248386197545 ], [ -99.223369712092548, 19.579058371156687 ], [ -99.223303814380117, 19.578980962885684 ], [ -99.223049663807117, 19.578676080299683 ], [ -99.223037117451142, 19.5786610151346 ], [ -99.222910862647325, 19.578514867718827 ], [ -99.222784101340878, 19.578358734343052 ], [ -99.222771736570451, 19.578343504490348 ], [ -99.222581973845223, 19.578076463113543 ], [ -99.221991656543452, 19.577283341961738 ], [ -99.221727750108201, 19.57693254998923 ], [ -99.22144859084635, 19.576544083580472 ], [ -99.221085025362257, 19.576003925549287 ], [ -99.22107854358751, 19.575880268613908 ], [ -99.22118351955254, 19.575702621006403 ], [ -99.221313886499445, 19.575626666529757 ], [ -99.221734753217859, 19.575622160578845 ], [ -99.222555385433708, 19.575571285273828 ], [ -99.222902371825782, 19.575547600111722 ], [ -99.222972010296346, 19.57554284653439 ], [ -99.223058275314585, 19.575532766927989 ], [ -99.223144540321655, 19.575522687280341 ], [ -99.223449562428229, 19.575442525976957 ], [ -99.223733557175692, 19.575374357804652 ], [ -99.224533284759929, 19.575425223763009 ], [ -99.226347723034095, 19.575515433327119 ], [ -99.227668965264172, 19.575554931916692 ], [ -99.228296109198865, 19.575586052936778 ], [ -99.228733804682008, 19.575577520177333 ], [ -99.228892506472889, 19.575549376114356 ], [ -99.229028341688704, 19.575525287075216 ], [ -99.22931445542558, 19.575469075011871 ], [ -99.229534260406624, 19.575446406567234 ], [ -99.229781554964447, 19.575420610458245 ], [ -99.230265523063764, 19.575396058296661 ], [ -99.230555711530954, 19.575370098227971 ], [ -99.230627426988121, 19.575363682537382 ], [ -99.23093664544713, 19.575304653210541 ], [ -99.231149170767765, 19.575267274336127 ], [ -99.231582798940792, 19.575358469575537 ], [ -99.231843813251274, 19.575409993790245 ], [ -99.232148289836417, 19.575437038910927 ], [ -99.232169322328318, 19.576132526501105 ], [ -99.232088660833213, 19.576272468740932 ], [ -99.231999003678794, 19.577024087791752 ], [ -99.23190060932707, 19.577908764662102 ], [ -99.231894249209788, 19.577954716385026 ], [ -99.231796911721062, 19.578657974663336 ], [ -99.231747340301098, 19.578670246502618 ], [ -99.231568857054512, 19.578714431465968 ], [ -99.231525608023063, 19.57872513808142 ], [ -99.23065530558209, 19.578930038760298 ], [ -99.230130276733988, 19.579034272588668 ], [ -99.22983757726179, 19.578927741738006 ] ] ] ] } },
{ "type": "Feature", "properties": { "ENTIDAD": 15, "MUNICIPIO": 13, "LN": 1941, "DISTRITO_F": 15, "DISTRITO_L": 26, "SECCION": "346" }, "geometry": { "type": "MultiPolygon", "coordinates": [ [ [ [ -99.224426345063748, 19.580342424164115 ], [ -99.224116333201721, 19.580201801307794 ], [ -99.223641649520331, 19.579981478052233 ], [ -99.223611378288197, 19.579968340933082 ], [ -99.22332821149304, 19.579845451764395 ], [ -99.222769180558913, 19.579656232458568 ], [ -99.22235704869766, 19.579576497053758 ], [ -99.221747398361373, 19.579515727196735 ], [ -99.221302093645861, 19.579521239623283 ], [ -99.221267654689498, 19.5795216658972 ], [ -99.220133615316229, 19.57962900256684 ], [ -99.220093824665426, 19.579632768614502 ], [ -99.219854829611577, 19.579120187779207 ], [ -99.219461526528988, 19.578346655552458 ], [ -99.219302086457105, 19.577968490036945 ], [ -99.219293048219498, 19.577947052771798 ], [ -99.219122059308077, 19.577565348595318 ], [ -99.219114266393746, 19.577547952168459 ], [ -99.219056197083034, 19.577401021061352 ], [ -99.219364536365333, 19.576998809914226 ], [ -99.21930218794644, 19.576147917193996 ], [ -99.219324798618686, 19.575750765844798 ], [ -99.219428367555281, 19.575309634938968 ], [ -99.219917026968417, 19.575484564326381 ], [ -99.220321705429072, 19.575568210302745 ], [ -99.220829947939009, 19.575598155060284 ], [ -99.221076388767685, 19.575612674401913 ], [ -99.221313886499445, 19.575626666529757 ], [ -99.22118351955254, 19.575702621006403 ], [ -99.22107854358751, 19.575880268613908 ], [ -99.221085025362257, 19.576003925549287 ], [ -99.22144859084635, 19.576544083580472 ], [ -99.221727750108201, 19.57693254998923 ], [ -99.221991656543452, 19.577283341961738 ], [ -99.222581973845223, 19.578076463113543 ], [ -99.222771736570451, 19.578343504490348 ], [ -99.222784101340878, 19.578358734343052 ], [ -99.222910862647325, 19.578514867718827 ], [ -99.223037117451142, 19.5786610151346 ], [ -99.223049663807117, 19.578676080299683 ], [ -99.223303814380117, 19.578980962885684 ], [ -99.223369712092548, 19.579058371156687 ], [ -99.223525677810755, 19.579248386197545 ], [ -99.223646826680849, 19.579394249625768 ], [ -99.223984644293253, 19.579805159068059 ], [ -99.224207921759316, 19.580076744398074 ], [ -99.224426345063748, 19.580342424164115 ] ] ] ] } },
{ "type": "Feature", "properties": { "ENTIDAD": 15, "MUNICIPIO": 13, "LN": 2032, "DISTRITO_F": 15, "DISTRITO_L": 26, "SECCION": "347" }, "geometry": { "type": "MultiPolygon", "coordinates": [ [ [ [ -99.220093824665426, 19.579632768614502 ], [ -99.218826879119888, 19.579754675877791 ], [ -99.218724242753737, 19.579768891825676 ], [ -99.21803748719168, 19.579864011333623 ], [ -99.218008630154173, 19.579868008135961 ], [ -99.217599422617113, 19.579863152638321 ], [ -99.217065940049721, 19.579780876677539 ], [ -99.215521783852878, 19.579418955747801 ], [ -99.21429090761454, 19.579075373230715 ], [ -99.214250551979717, 19.57902314119082 ], [ -99.21408001324815, 19.57880241352354 ], [ -99.213931480946627, 19.578512974546303 ], [ -99.213644230520828, 19.578237820862984 ], [ -99.213475990415361, 19.578120787874244 ], [ -99.213345827418905, 19.578018739461921 ], [ -99.213209341515395, 19.577931728190556 ], [ -99.213123491753976, 19.577763496270109 ], [ -99.213122320656268, 19.57771223844302 ], [ -99.213120126644753, 19.577616208549514 ], [ -99.213148523113276, 19.577504954738842 ], [ -99.213126157194537, 19.577378731134608 ], [ -99.213132314225618, 19.577237444064565 ], [ -99.21317334880257, 19.577090103876749 ], [ -99.213192187441365, 19.576945795861981 ], [ -99.213150836654364, 19.576852660172477 ], [ -99.21312847873476, 19.576732448455765 ], [ -99.213108064576062, 19.576674641208992 ], [ -99.213083873652053, 19.576576191572105 ], [ -99.213023467005499, 19.576462036680521 ], [ -99.212959857456781, 19.576323837919684 ], [ -99.212953372494852, 19.576215631249255 ], [ -99.212940572413856, 19.576128473705715 ], [ -99.212915039422299, 19.576005259744807 ], [ -99.212898989029597, 19.575857986959587 ], [ -99.212854419944534, 19.575728783540914 ], [ -99.212794076922748, 19.575662723742237 ], [ -99.212765443768873, 19.575593620576036 ], [ -99.212727272843921, 19.575506492928209 ], [ -99.212527164868987, 19.575269258408134 ], [ -99.212492161577529, 19.575179121020373 ], [ -99.21254585804833, 19.575013730304441 ], [ -99.212507608562831, 19.574866483614823 ], [ -99.212402792113139, 19.574743362924721 ], [ -99.212388448128962, 19.574687769660066 ], [ -99.212374104154804, 19.574632176393798 ], [ -99.212230637415558, 19.574055201996856 ], [ -99.212430254970258, 19.573919699140397 ], [ -99.212411140252499, 19.573853590648458 ], [ -99.213990071872402, 19.573551129527761 ], [ -99.214358320508509, 19.573833252102357 ], [ -99.214092384370062, 19.574179252565624 ], [ -99.214006869081317, 19.574263520728323 ], [ -99.213778864877739, 19.574516291157252 ], [ -99.213680691559532, 19.574621615840083 ], [ -99.213598382832359, 19.574732933596188 ], [ -99.213855421573896, 19.574852867265111 ], [ -99.214084072715025, 19.574946413575297 ], [ -99.214104508459855, 19.574954774277302 ], [ -99.214217163374613, 19.575008747722567 ], [ -99.214938876015026, 19.575179228730914 ], [ -99.215006822792859, 19.575198032284472 ], [ -99.215176816390183, 19.575245076086386 ], [ -99.21571299201355, 19.575287785496243 ], [ -99.215846047298612, 19.57529838384897 ], [ -99.216428739356942, 19.575262365847696 ], [ -99.216902020940339, 19.575227980510448 ], [ -99.218674450368198, 19.575169542888588 ], [ -99.2187001096258, 19.575168696765655 ], [ -99.218812740178976, 19.575170085259366 ], [ -99.218922109361927, 19.575171433479984 ], [ -99.219068596868453, 19.575211422706765 ], [ -99.219428367555281, 19.575309634938968 ], [ -99.219324798618686, 19.575750765844798 ], [ -99.21930218794644, 19.576147917193996 ], [ -99.219364536365333, 19.576998809914226 ], [ -99.219056197083034, 19.577401021061352 ], [ -99.219114266393746, 19.577547952168459 ], [ -99.219122059308077, 19.577565348595318 ], [ -99.219293048219498, 19.577947052771798 ], [ -99.219302086457105, 19.577968490036945 ], [ -99.219461526528988, 19.578346655552458 ], [ -99.219854829611577, 19.579120187779207 ], [ -99.220093824665426, 19.579632768614502 ] ] ] ] } },
{ "type": "Feature", "properties": { "ENTIDAD": 15, "MUNICIPIO": 13, "LN": 2322, "DISTRITO_F": 15, "DISTRITO_L": 26, "SECCION": "348" }, "geometry": { "type": "MultiPolygon", "coordinates": [ [ [ [ -99.218007050852052, 19.570367524242712 ], [ -99.218546102430508, 19.570318776945303 ], [ -99.218625651750756, 19.570517073588451 ], [ -99.21865400982611, 19.571080127596115 ], [ -99.218642001638017, 19.571411373255813 ], [ -99.218631723449349, 19.571703665711848 ], [ -99.218623064896107, 19.571928737840274 ], [ -99.218628932465393, 19.572064771239368 ], [ -99.218625411215342, 19.572690378733963 ], [ -99.218617928831691, 19.57302104271108 ], [ -99.218615095995915, 19.573272043272677 ], [ -99.218614616916653, 19.573791222745658 ], [ -99.218622342695966, 19.573942362120555 ], [ -99.218648804139121, 19.574750931477396 ], [ -99.218694562886881, 19.574811317354605 ], [ -99.218809243821852, 19.574962656664308 ], [ -99.218883277385387, 19.575017910023323 ], [ -99.218929877407263, 19.575052688912876 ], [ -99.218922109361927, 19.575171433479984 ], [ -99.218812740178976, 19.575170085259366 ], [ -99.2187001096258, 19.575168696765655 ], [ -99.218674450368198, 19.575169542888588 ], [ -99.216902020940339, 19.575227980510448 ], [ -99.216428739356942, 19.575262365847696 ], [ -99.215846047298612, 19.57529838384897 ], [ -99.21571299201355, 19.575287785496243 ], [ -99.215176816390183, 19.575245076086386 ], [ -99.215006822792859, 19.575198032284472 ], [ -99.214938876015026, 19.575179228730914 ], [ -99.214217163374613, 19.575008747722567 ], [ -99.214104508459855, 19.574954774277302 ], [ -99.214084072715025, 19.574946413575297 ], [ -99.213855421573896, 19.574852867265111 ], [ -99.213598382832359, 19.574732933596188 ], [ -99.213680691559532, 19.574621615840083 ], [ -99.213778864877739, 19.574516291157252 ], [ -99.214006869081317, 19.574263520728323 ], [ -99.214092384370062, 19.574179252565624 ], [ -99.214358320508509, 19.573833252102357 ], [ -99.214637002545714, 19.57353382837076 ], [ -99.214819113348838, 19.573351751420464 ], [ -99.214838771887841, 19.573332411854576 ], [ -99.214953719582581, 19.573219329128996 ], [ -99.215417472525445, 19.57258151376546 ], [ -99.215468115711516, 19.572507807417036 ], [ -99.215551916590542, 19.572345396129293 ], [ -99.215675302996047, 19.572106264981461 ], [ -99.215828717718111, 19.572098950770862 ], [ -99.216742381636152, 19.572055388154574 ], [ -99.217869677979351, 19.571977378738129 ], [ -99.217918683698713, 19.571866099257754 ], [ -99.217966207457948, 19.571521233659734 ], [ -99.217995600014319, 19.571109427214957 ], [ -99.218007050852052, 19.570367524242712 ] ] ] ] } },
{ "type": "Feature", "properties": { "ENTIDAD": 15, "MUNICIPIO": 13, "LN": 1962, "DISTRITO_F": 15, "DISTRITO_L": 16, "SECCION": "349" }, "geometry": { "type": "MultiPolygon", "coordinates": [ [ [ [ -99.232835168176095, 19.575145508401995 ], [ -99.232779163389395, 19.575416181537936 ], [ -99.232562980548309, 19.57542332902921 ], [ -99.232148289836417, 19.575437038910927 ], [ -99.231843813251274, 19.575409993790245 ], [ -99.231582798940792, 19.575358469575537 ], [ -99.231149170767765, 19.575267274336127 ], [ -99.23093664544713, 19.575304653210541 ], [ -99.230627426988121, 19.575363682537382 ], [ -99.230555711530954, 19.575370098227971 ], [ -99.230265523063764, 19.575396058296661 ], [ -99.229781554964447, 19.575420610458245 ], [ -99.229534260406624, 19.575446406567234 ], [ -99.22931445542558, 19.575469075011871 ], [ -99.229028341688704, 19.575525287075216 ], [ -99.228892506472889, 19.575549376114356 ], [ -99.228733804682008, 19.575577520177333 ], [ -99.228296109198865, 19.575586052936778 ], [ -99.227668965264172, 19.575554931916692 ], [ -99.226347723034095, 19.575515433327119 ], [ -99.224533284759929, 19.575425223763009 ], [ -99.223733557175692, 19.575374357804652 ], [ -99.223449562428229, 19.575442525976957 ], [ -99.223144540321655, 19.575522687280341 ], [ -99.223058275314585, 19.575532766927989 ], [ -99.222972010296346, 19.57554284653439 ], [ -99.222902371825782, 19.575547600111722 ], [ -99.222555385433708, 19.575571285273828 ], [ -99.221734753217859, 19.575622160578845 ], [ -99.221313886499445, 19.575626666529757 ], [ -99.221076388767685, 19.575612674401913 ], [ -99.220829947939009, 19.575598155060284 ], [ -99.220321705429072, 19.575568210302745 ], [ -99.219917026968417, 19.575484564326381 ], [ -99.219428367555281, 19.575309634938968 ], [ -99.219068596868453, 19.575211422706765 ], [ -99.218922109361927, 19.575171433479984 ], [ -99.218929877407263, 19.575052688912876 ], [ -99.218883277385387, 19.575017910023323 ], [ -99.218809243821852, 19.574962656664308 ], [ -99.218694562886881, 19.574811317354605 ], [ -99.218648804139121, 19.574750931477396 ], [ -99.218622342695966, 19.573942362120555 ], [ -99.218614616916653, 19.573791222745658 ], [ -99.218615095995915, 19.573272043272677 ], [ -99.218617928831691, 19.57302104271108 ], [ -99.218625411215342, 19.572690378733963 ], [ -99.218628932465393, 19.572064771239368 ], [ -99.218623064896107, 19.571928737840274 ], [ -99.218631723449349, 19.571703665711848 ], [ -99.218642001638017, 19.571411373255813 ], [ -99.21865400982611, 19.571080127596115 ], [ -99.218625651750756, 19.570517073588451 ], [ -99.218546102430508, 19.570318776945303 ], [ -99.218468497826436, 19.570065084587451 ], [ -99.218401218382581, 19.569880082966758 ], [ -99.218384252917232, 19.569834397616258 ], [ -99.218346910112984, 19.56973383917359 ], [ -99.219109598904296, 19.569612524568281 ], [ -99.219539653052976, 19.571106846734793 ], [ -99.219773695865058, 19.571075847605773 ], [ -99.219778497302173, 19.571164583581339 ], [ -99.220122269814468, 19.572102022179351 ], [ -99.220129272541143, 19.57212025581785 ], [ -99.22051124218568, 19.573114818252431 ], [ -99.220593242942698, 19.573291804606299 ], [ -99.220790135596772, 19.573489956697021 ], [ -99.221078403684928, 19.573561754455845 ], [ -99.22148787002827, 19.573519161082771 ], [ -99.221809718466815, 19.573145336162384 ], [ -99.222393477662905, 19.572502034997175 ], [ -99.223058336858628, 19.571689606942716 ], [ -99.222478842396058, 19.571579920748352 ], [ -99.222555189348668, 19.571188951374165 ], [ -99.223078559575967, 19.570846537607856 ], [ -99.223111713957294, 19.570826017870687 ], [ -99.2235360444392, 19.570563392461299 ], [ -99.223566349408941, 19.570544636125341 ], [ -99.224062661842297, 19.570237457354953 ], [ -99.225044482129988, 19.57173782089556 ], [ -99.225860198894281, 19.571955907565133 ], [ -99.226663621225129, 19.57218649332636 ], [ -99.226743026421573, 19.572213932548809 ], [ -99.226963965129826, 19.572103498844758 ], [ -99.227012459563824, 19.572157785750559 ], [ -99.22706095403035, 19.572212072642689 ], [ -99.22721935836654, 19.57230736892005 ], [ -99.227497305179128, 19.572370537301211 ], [ -99.227701382545007, 19.572416917225272 ], [ -99.228215316411948, 19.572536439021164 ], [ -99.229896034834283, 19.572927299774815 ], [ -99.229929122965501, 19.572936620581828 ], [ -99.229962211100442, 19.572945941382692 ], [ -99.230741067061885, 19.573165340052434 ], [ -99.231182286077072, 19.57327560358501 ], [ -99.231586063347393, 19.573376509098427 ], [ -99.23180441928875, 19.573443396935481 ], [ -99.231937777458498, 19.573537261077785 ], [ -99.232338157110192, 19.574031104089471 ], [ -99.232568060618149, 19.574243059471673 ], [ -99.232673054997576, 19.574323525967042 ], [ -99.23296397144577, 19.574420197049957 ], [ -99.233277106346449, 19.57452425063352 ], [ -99.233339501558831, 19.574548350507111 ], [ -99.233464388780902, 19.57466371827671 ], [ -99.233522466222908, 19.574731606324129 ], [ -99.233289734194429, 19.575071424672313 ], [ -99.233120755867546, 19.575211954649156 ], [ -99.232951585195721, 19.5752188546588 ], [ -99.232835168176095, 19.575145508401995 ] ] ] ] } },
{ "type": "Feature", "properties": { "ENTIDAD": 15, "MUNICIPIO": 13, "LN": 1997, "DISTRITO_F": 15, "DISTRITO_L": 16, "SECCION": "350" }, "geometry": { "type": "MultiPolygon", "coordinates": [ [ [ [ -99.24164462645976, 19.575573971653885 ], [ -99.241127489322949, 19.575615116608446 ], [ -99.240931779465399, 19.575616258015366 ], [ -99.240788785284778, 19.575617091842847 ], [ -99.240581509785898, 19.575618300306324 ], [ -99.240207242295398, 19.575671044298733 ], [ -99.240097158891601, 19.575659412226681 ], [ -99.240018894421382, 19.57565114229174 ], [ -99.239621005197321, 19.575657429097991 ], [ -99.239365880623126, 19.575976964736036 ], [ -99.238983589329408, 19.57651076750124 ], [ -99.238839639346338, 19.57631049936726 ], [ -99.238982964722382, 19.576087157355367 ], [ -99.23914990836748, 19.575644413942531 ], [ -99.239070898347236, 19.575427842569024 ], [ -99.238790236177564, 19.575679009978117 ], [ -99.238471934959307, 19.575963859483373 ], [ -99.238033474634989, 19.576356237475871 ], [ -99.237952176204601, 19.576388906320648 ], [ -99.237899552292106, 19.575630768707523 ], [ -99.23776473888681, 19.574614259639151 ], [ -99.237758569303608, 19.574539595854048 ], [ -99.237712815661808, 19.574332872372004 ], [ -99.237648785185371, 19.574060117017527 ], [ -99.237496834079565, 19.573753013415214 ], [ -99.237484432127886, 19.573560605934976 ], [ -99.237501663219177, 19.573429907385279 ], [ -99.237506153525388, 19.573392565511735 ], [ -99.237553503635439, 19.57313833142674 ], [ -99.237631647932716, 19.572704556937886 ], [ -99.237673592019831, 19.572379965987704 ], [ -99.237667143403996, 19.572336601079769 ], [ -99.237655231063258, 19.572256494280069 ], [ -99.237588466196499, 19.572184782263804 ], [ -99.237500546218897, 19.572150434035695 ], [ -99.237334687030597, 19.572184941782218 ], [ -99.236694814264666, 19.572318068611157 ], [ -99.236422191001409, 19.572370121977201 ], [ -99.236216064068245, 19.572310079984113 ], [ -99.235930886025386, 19.57206346127413 ], [ -99.236415271669372, 19.571514445593607 ], [ -99.236432558745392, 19.571494851865371 ], [ -99.236552497005476, 19.57136863599769 ], [ -99.237705137321626, 19.570242376460101 ], [ -99.238262946738104, 19.569685255620477 ], [ -99.23874146351524, 19.570196416429251 ], [ -99.239216701789559, 19.570701376705092 ], [ -99.239284618072489, 19.570781939248501 ], [ -99.2394952977575, 19.571001879511211 ], [ -99.24009513031713, 19.571667964346137 ], [ -99.241136777754633, 19.572820762851272 ], [ -99.241380027023439, 19.573089965243117 ], [ -99.241334545639049, 19.573313353920053 ], [ -99.241338141311047, 19.573530473393724 ], [ -99.24160617901363, 19.574577769686158 ], [ -99.241739870734122, 19.575201792377939 ], [ -99.24164462645976, 19.575573971653885 ] ] ] ] } },
{ "type": "Feature", "properties": { "ENTIDAD": 15, "MUNICIPIO": 13, "LN": 2765, "DISTRITO_F": 15, "DISTRITO_L": 16, "SECCION": "351" }, "geometry": { "type": "MultiPolygon", "coordinates": [ [ [ [ -99.243802011951516, 19.576364313938729 ], [ -99.243723901114464, 19.576379741824017 ], [ -99.243152749230106, 19.576246111120373 ], [ -99.242943354649839, 19.576167771266949 ], [ -99.242847101311227, 19.576089796757731 ], [ -99.242366283701315, 19.575999321877031 ], [ -99.242199599127261, 19.575890525412593 ], [ -99.242032914776004, 19.575781728790606 ], [ -99.24164462645976, 19.575573971653885 ], [ -99.241739870734122, 19.575201792377939 ], [ -99.24160617901363, 19.574577769686158 ], [ -99.241338141311047, 19.573530473393724 ], [ -99.241334545639049, 19.573313353920053 ], [ -99.241380027023439, 19.573089965243117 ], [ -99.241136777754633, 19.572820762851272 ], [ -99.24009513031713, 19.571667964346137 ], [ -99.2394952977575, 19.571001879511211 ], [ -99.239284618072489, 19.570781939248501 ], [ -99.239216701789559, 19.570701376705092 ], [ -99.23874146351524, 19.570196416429251 ], [ -99.238262946738104, 19.569685255620477 ], [ -99.238527782642379, 19.56941871503194 ], [ -99.238717211950771, 19.569228065638352 ], [ -99.2389295189611, 19.56901439042306 ], [ -99.239112167538607, 19.568849177624987 ], [ -99.239268800663766, 19.568691675606516 ], [ -99.239721025791653, 19.568230266087067 ], [ -99.239832367699194, 19.568116662323593 ], [ -99.240148308970518, 19.567803079505204 ], [ -99.241226648483789, 19.568977214974314 ], [ -99.241244251354843, 19.569028309274305 ], [ -99.241312098508075, 19.569225242891665 ], [ -99.241412101168834, 19.569356934661229 ], [ -99.241653036761363, 19.56963732299171 ], [ -99.241516644371558, 19.569906175084309 ], [ -99.241480921971714, 19.569976589714098 ], [ -99.241416636645923, 19.57020526452304 ], [ -99.241839865795669, 19.570597585222103 ], [ -99.242081776224524, 19.570793743626044 ], [ -99.242411277093325, 19.57103807945656 ], [ -99.242762753013039, 19.571310326840301 ], [ -99.242930269981272, 19.571469158618289 ], [ -99.243013541138311, 19.571541078062168 ], [ -99.243160304511292, 19.571667834067036 ], [ -99.24275673877446, 19.572086099394888 ], [ -99.242715348753521, 19.572308610545736 ], [ -99.242482948081218, 19.572311381446234 ], [ -99.242358255369965, 19.572312868027264 ], [ -99.242097564903858, 19.57231597568914 ], [ -99.241996016524467, 19.57245142276949 ], [ -99.242422043041685, 19.57298633641259 ], [ -99.242587119979405, 19.573203121706236 ], [ -99.242544454009561, 19.573599389138646 ], [ -99.242636238174342, 19.574181745362537 ], [ -99.24275640260845, 19.574616509751117 ], [ -99.242903259433433, 19.574946948818386 ], [ -99.243802011951516, 19.576364313938729 ] ] ] ] } },
{ "type": "Feature", "properties": { "ENTIDAD": 15, "MUNICIPIO": 13, "LN": 2605, "DISTRITO_F": 15, "DISTRITO_L": 16, "SECCION": "352" }, "geometry": { "type": "MultiPolygon", "coordinates": [ [ [ [ -99.246866368964504, 19.577597105342548 ], [ -99.246528940564247, 19.57753373669723 ], [ -99.246511357332139, 19.577627717224466 ], [ -99.246128783600355, 19.577642912682027 ], [ -99.245766053235187, 19.577618253338567 ], [ -99.245513925241923, 19.577610212021824 ], [ -99.245248553420524, 19.577618957603537 ], [ -99.245243603807239, 19.57727100246932 ], [ -99.244257316926308, 19.577310071355662 ], [ -99.243823913083347, 19.577348388451171 ], [ -99.243913806718624, 19.578299921700129 ], [ -99.243524621186253, 19.578327920132431 ], [ -99.243126558772374, 19.578342907541643 ], [ -99.24300151982807, 19.578322064031276 ], [ -99.242994360085802, 19.578126813476178 ], [ -99.242983659543654, 19.577859972276748 ], [ -99.242917633299825, 19.57733285861967 ], [ -99.242911162448166, 19.57725665124152 ], [ -99.24284773032187, 19.576509605432584 ], [ -99.243192313433099, 19.576482424115344 ], [ -99.243152749230106, 19.576246111120373 ], [ -99.243723901114464, 19.576379741824017 ], [ -99.243802011951516, 19.576364313938729 ], [ -99.242903259433433, 19.574946948818386 ], [ -99.24275640260845, 19.574616509751117 ], [ -99.242636238174342, 19.574181745362537 ], [ -99.243215494226632, 19.574477589768357 ], [ -99.244620267833312, 19.574610738311602 ], [ -99.246024541882107, 19.574818741028011 ], [ -99.246189533406536, 19.574942180785328 ], [ -99.247033797835087, 19.575036249018261 ], [ -99.247052208889144, 19.57471572307168 ], [ -99.247407066137839, 19.574808901051309 ], [ -99.247164166396047, 19.57614796978374 ], [ -99.246987709855063, 19.577006641989012 ], [ -99.246962977090405, 19.577126995757155 ], [ -99.246866368964504, 19.577597105342548 ] ] ] ] } },
{ "type": "Feature", "properties": { "ENTIDAD": 15, "MUNICIPIO": 13, "LN": 2456, "DISTRITO_F": 15, "DISTRITO_L": 16, "SECCION": "353" }, "geometry": { "type": "MultiPolygon", "coordinates": [ [ [ [ -99.249451792521171, 19.575726730823988 ], [ -99.24973013056966, 19.576177843651291 ], [ -99.24936738401135, 19.576365427292536 ], [ -99.249092695480655, 19.576516140420548 ], [ -99.248454998295145, 19.576393833872419 ], [ -99.247810039811824, 19.576270132162392 ], [ -99.247164166396047, 19.57614796978374 ], [ -99.247407066137839, 19.574808901051309 ], [ -99.247052208889144, 19.57471572307168 ], [ -99.247033797835087, 19.575036249018261 ], [ -99.246189533406536, 19.574942180785328 ], [ -99.246024541882107, 19.574818741028011 ], [ -99.244620267833312, 19.574610738311602 ], [ -99.243215494226632, 19.574477589768357 ], [ -99.242636238174342, 19.574181745362537 ], [ -99.242544454009561, 19.573599389138646 ], [ -99.242587119979405, 19.573203121706236 ], [ -99.242711085731557, 19.57331702757083 ], [ -99.243543066796875, 19.573148927181229 ], [ -99.243573163346298, 19.572964633497431 ], [ -99.244624259714769, 19.573081248660735 ], [ -99.244642036241373, 19.572784692307927 ], [ -99.245198477714368, 19.573186990544762 ], [ -99.245389579920328, 19.573310010997726 ], [ -99.245804224880345, 19.57342207918186 ], [ -99.246311932748469, 19.573559298432382 ], [ -99.246538618822598, 19.573628523238849 ], [ -99.246613720357615, 19.573081419453644 ], [ -99.24711199731523, 19.573181501106944 ], [ -99.246979957450137, 19.572240264072704 ], [ -99.247067982742365, 19.572202717168565 ], [ -99.247818372632693, 19.573230470400159 ], [ -99.248406176150894, 19.574035529692509 ], [ -99.249451792521171, 19.575726730823988 ] ] ] ] } },
{ "type": "Feature", "properties": { "ENTIDAD": 15, "MUNICIPIO": 13, "LN": 2817, "DISTRITO_F": 15, "DISTRITO_L": 16, "SECCION": "354" }, "geometry": { "type": "MultiPolygon", "coordinates": [ [ [ [ -99.247067982742365, 19.572202717168565 ], [ -99.246979957450137, 19.572240264072704 ], [ -99.24711199731523, 19.573181501106944 ], [ -99.246613720357615, 19.573081419453644 ], [ -99.246538618822598, 19.573628523238849 ], [ -99.246311932748469, 19.573559298432382 ], [ -99.245804224880345, 19.57342207918186 ], [ -99.245389579920328, 19.573310010997726 ], [ -99.245198477714368, 19.573186990544762 ], [ -99.244642036241373, 19.572784692307927 ], [ -99.244624259714769, 19.573081248660735 ], [ -99.243573163346298, 19.572964633497431 ], [ -99.243543066796875, 19.573148927181229 ], [ -99.242711085731557, 19.57331702757083 ], [ -99.242587119979405, 19.573203121706236 ], [ -99.242422043041685, 19.57298633641259 ], [ -99.241996016524467, 19.57245142276949 ], [ -99.242097564903858, 19.57231597568914 ], [ -99.242358255369965, 19.572312868027264 ], [ -99.242482948081218, 19.572311381446234 ], [ -99.242715348753521, 19.572308610545736 ], [ -99.24275673877446, 19.572086099394888 ], [ -99.243160304511292, 19.571667834067036 ], [ -99.243013541138311, 19.571541078062168 ], [ -99.242930269981272, 19.571469158618289 ], [ -99.242762753013039, 19.571310326840301 ], [ -99.242411277093325, 19.57103807945656 ], [ -99.242081776224524, 19.570793743626044 ], [ -99.241839865795669, 19.570597585222103 ], [ -99.24226807746976, 19.570186427834088 ], [ -99.242564740575773, 19.569902784134577 ], [ -99.243805976421072, 19.571248462307576 ], [ -99.244047405743743, 19.57126709855217 ], [ -99.244355793503459, 19.571290902929501 ], [ -99.244512938767201, 19.570763841384647 ], [ -99.244663109450173, 19.570489255077351 ], [ -99.245124796520969, 19.569654613733384 ], [ -99.245254770632968, 19.569699323722102 ], [ -99.24543324104647, 19.569760715832118 ], [ -99.245566282761587, 19.569958493096365 ], [ -99.245895864495822, 19.570443203347303 ], [ -99.24608403156833, 19.570719935862986 ], [ -99.246463469265748, 19.571277961677762 ], [ -99.246603393806851, 19.571483742638353 ], [ -99.24686651524884, 19.571873892418399 ], [ -99.246971120483082, 19.572047503365425 ], [ -99.247067982742365, 19.572202717168565 ] ] ] ] } },
{ "type": "Feature", "properties": { "ENTIDAD": 15, "MUNICIPIO": 13, "LN": 1447, "DISTRITO_F": 15, "DISTRITO_L": 16, "SECCION": "355" }, "geometry": { "type": "MultiPolygon", "coordinates": [ [ [ [ -99.266966515775664, 19.554639261488141 ], [ -99.266773353658181, 19.554594347457758 ], [ -99.26647865868955, 19.554401274390532 ], [ -99.266297897440936, 19.554238586778126 ], [ -99.265936309270202, 19.553872472517448 ], [ -99.265708037030464, 19.553563195395828 ], [ -99.265475438088743, 19.553331879172685 ], [ -99.265436903816578, 19.553219565250174 ], [ -99.264942887404274, 19.551729728012162 ], [ -99.265322739943031, 19.551630019848208 ], [ -99.26579297778369, 19.55137153706384 ], [ -99.265956203296085, 19.550984609747708 ], [ -99.265975778620032, 19.550825142627605 ], [ -99.266450830293934, 19.550599095651108 ], [ -99.266481578634071, 19.550442287321406 ], [ -99.267039181222813, 19.55013773550689 ], [ -99.267958238317632, 19.549666085447459 ], [ -99.268386309481755, 19.549365156270202 ], [ -99.268433105562323, 19.549332259026954 ], [ -99.268639720305345, 19.548938978888661 ], [ -99.268659765473359, 19.548900823867601 ], [ -99.268730975976695, 19.548214879914529 ], [ -99.270249336126128, 19.547673741864205 ], [ -99.270258725135193, 19.547105462011199 ], [ -99.270702934597807, 19.546987224625965 ], [ -99.271478748032834, 19.547397563128918 ], [ -99.272119470584272, 19.547367205982894 ], [ -99.271992938757151, 19.545868350590077 ], [ -99.272043858226766, 19.545417580310204 ], [ -99.274898835643953, 19.545469337414559 ], [ -99.275237492314133, 19.545500921890863 ], [ -99.275609748499562, 19.545617926554687 ], [ -99.276002824957757, 19.545823077794481 ], [ -99.27614769722932, 19.545930630917631 ], [ -99.276025292117595, 19.545958161051022 ], [ -99.275818750920493, 19.546002548484424 ], [ -99.275676930995175, 19.546137429281874 ], [ -99.275666932773461, 19.546333319902956 ], [ -99.275895750543825, 19.54723889406069 ], [ -99.275912762666337, 19.547391192865337 ], [ -99.276011147043064, 19.54827196011642 ], [ -99.276164194983068, 19.550181510283508 ], [ -99.276125517163962, 19.55065080016076 ], [ -99.276020958993684, 19.551004405351662 ], [ -99.275804721004874, 19.551425867495119 ], [ -99.275288960780173, 19.551896754994836 ], [ -99.274246719455789, 19.55261328535088 ], [ -99.273875043133543, 19.552760755824789 ], [ -99.273492886338062, 19.552820097549123 ], [ -99.273069288913462, 19.552810944794853 ], [ -99.272635212206794, 19.552713662999437 ], [ -99.272294018489674, 19.552557477551144 ], [ -99.271012022282179, 19.552006058251841 ], [ -99.270712254330377, 19.551908570192989 ], [ -99.270350589375056, 19.551865040009744 ], [ -99.27011299658362, 19.55188008616879 ], [ -99.269831152488734, 19.551908651396403 ], [ -99.269596632522763, 19.551998382918672 ], [ -99.269747077803686, 19.552385012009132 ], [ -99.268249949538884, 19.552930796000915 ], [ -99.26883407095923, 19.55317477153265 ], [ -99.269892374477976, 19.552781442409611 ], [ -99.270011721492423, 19.553104458237172 ], [ -99.269980890630976, 19.553202441974754 ], [ -99.268922560257536, 19.553581081017896 ], [ -99.268416626484438, 19.553763018374191 ], [ -99.268215182187845, 19.553773111447939 ], [ -99.268039460988305, 19.553719506646797 ], [ -99.267336480529224, 19.553446323265316 ], [ -99.267424714884342, 19.553693774586339 ], [ -99.267507753977384, 19.553935757899559 ], [ -99.267100474998131, 19.554084070637177 ], [ -99.266805642949876, 19.554191434505114 ], [ -99.266966515775664, 19.554639261488141 ] ] ] ] } },
{ "type": "Feature", "properties": { "ENTIDAD": 15, "MUNICIPIO": 13, "LN": 1868, "DISTRITO_F": 15, "DISTRITO_L": 16, "SECCION": "356" }, "geometry": { "type": "MultiPolygon", "coordinates": [ [ [ [ -99.266966515775664, 19.554639261488141 ], [ -99.267493009353601, 19.554717433040487 ], [ -99.267704819212625, 19.554926555567604 ], [ -99.267749761534049, 19.555126577492221 ], [ -99.267752130719529, 19.55548338821967 ], [ -99.267049788701186, 19.555406232148648 ], [ -99.266594416620535, 19.555356205560162 ], [ -99.266008866344407, 19.55546282961101 ], [ -99.26523200862934, 19.555844049184792 ], [ -99.263371665220404, 19.556725906451327 ], [ -99.262646744737239, 19.556892213177047 ], [ -99.262242514318302, 19.556922080938776 ], [ -99.261921020777933, 19.556840816252382 ], [ -99.261369845916079, 19.556906009325903 ], [ -99.261157462567311, 19.557086661184254 ], [ -99.260843184269518, 19.557592818779455 ], [ -99.260576827370045, 19.557679888125765 ], [ -99.260255702243796, 19.55712241348175 ], [ -99.260033781393531, 19.557225861644678 ], [ -99.259779419874988, 19.557349158426124 ], [ -99.259309655712585, 19.557554961662976 ], [ -99.259285963279979, 19.55756534124934 ], [ -99.259086720265145, 19.557727849822264 ], [ -99.259067561995835, 19.557743475852043 ], [ -99.259008283652022, 19.557776644850769 ], [ -99.258612077050842, 19.557998340081028 ], [ -99.258314752325404, 19.558044625406438 ], [ -99.25756825311305, 19.5581608326398 ], [ -99.257153932632505, 19.558446139835549 ], [ -99.255317740664537, 19.558841811372851 ], [ -99.255337570529719, 19.559269989541363 ], [ -99.255133828793248, 19.55930309394682 ], [ -99.254591732474864, 19.559499890590057 ], [ -99.254451702512597, 19.559654812601448 ], [ -99.253938052102157, 19.559655535807504 ], [ -99.253503844491917, 19.559729464042555 ], [ -99.253006085853059, 19.559747081828231 ], [ -99.252698741320387, 19.559549199897628 ], [ -99.252277345808579, 19.559522064138019 ], [ -99.251755126493819, 19.55953891689397 ], [ -99.251407305834064, 19.559546280720383 ], [ -99.251046446827374, 19.559601301403486 ], [ -99.250404166620299, 19.559782668536464 ], [ -99.249773422406477, 19.559729023725641 ], [ -99.248956112852994, 19.559581636578269 ], [ -99.248968923004242, 19.559531445328105 ], [ -99.249011310782393, 19.559365366223336 ], [ -99.249354538930348, 19.558161724535907 ], [ -99.249361422380503, 19.558135783569597 ], [ -99.249516223661445, 19.557552397327051 ], [ -99.250403419106661, 19.557696201762429 ], [ -99.250797746604462, 19.557749127851611 ], [ -99.251173967378307, 19.557714961586374 ], [ -99.251421452905362, 19.557678261936861 ], [ -99.252361086592231, 19.557300994491342 ], [ -99.253372317352756, 19.556860357945599 ], [ -99.253842992742619, 19.557776291020996 ], [ -99.253852228192642, 19.557794951265791 ], [ -99.254327993461459, 19.558756229332122 ], [ -99.254800391961368, 19.558709795181397 ], [ -99.255246703194132, 19.558639368158172 ], [ -99.2557283574629, 19.558567350769014 ], [ -99.25617103983781, 19.558495113708574 ], [ -99.256602617677359, 19.558429507117154 ], [ -99.257089520444438, 19.558354678188081 ], [ -99.257416121256597, 19.558071147081684 ], [ -99.256652934600694, 19.556528850999378 ], [ -99.256237277821555, 19.556694563066323 ], [ -99.255773327449077, 19.55576976193478 ], [ -99.2561385254767, 19.55560258382301 ], [ -99.256935370194057, 19.55525691211502 ], [ -99.256969658006582, 19.555242049625058 ], [ -99.257377890896507, 19.555157972990667 ], [ -99.257407860606975, 19.555151800610492 ], [ -99.257609813781656, 19.555133180250973 ], [ -99.257811766907125, 19.555114559665963 ], [ -99.257968103531951, 19.555109090056114 ], [ -99.258260544678706, 19.555098858314551 ], [ -99.258297357801936, 19.555097570287096 ], [ -99.258392324858406, 19.555093053278775 ], [ -99.258822020066319, 19.555072614649983 ], [ -99.259251314539128, 19.555052194056739 ], [ -99.259721371012148, 19.555029833328984 ], [ -99.259932025376031, 19.555018904594391 ], [ -99.26015215835838, 19.555003270378112 ], [ -99.26066273832447, 19.554929110443684 ], [ -99.261714477390314, 19.554634219263583 ], [ -99.262537757670188, 19.554387950507401 ], [ -99.26301278750141, 19.554218040718808 ], [ -99.263166120643561, 19.554673791064001 ], [ -99.263522041857073, 19.5557190921262 ], [ -99.26388896854327, 19.555383314682864 ], [ -99.264265015503852, 19.555082008263614 ], [ -99.264602591680713, 19.554708047082968 ], [ -99.264992748777274, 19.554509173984673 ], [ -99.265330191055881, 19.554197643923281 ], [ -99.265587603496698, 19.553698571082837 ], [ -99.265475438088743, 19.553331879172685 ], [ -99.265708037030464, 19.553563195395828 ], [ -99.265936309270202, 19.553872472517448 ], [ -99.266297897440936, 19.554238586778126 ], [ -99.26647865868955, 19.554401274390532 ], [ -99.266773353658181, 19.554594347457758 ], [ -99.266966515775664, 19.554639261488141 ] ] ] ] } },
{ "type": "Feature", "properties": { "ENTIDAD": 15, "MUNICIPIO": 13, "LN": 1478, "DISTRITO_F": 15, "DISTRITO_L": 16, "SECCION": "357" }, "geometry": { "type": "MultiPolygon", "coordinates": [ [ [ [ -99.257416121256597, 19.558071147081684 ], [ -99.257089520444438, 19.558354678188081 ], [ -99.256602617677359, 19.558429507117154 ], [ -99.25617103983781, 19.558495113708574 ], [ -99.2557283574629, 19.558567350769014 ], [ -99.255246703194132, 19.558639368158172 ], [ -99.254800391961368, 19.558709795181397 ], [ -99.254327993461459, 19.558756229332122 ], [ -99.253852228192642, 19.557794951265791 ], [ -99.253842992742619, 19.557776291020996 ], [ -99.253372317352756, 19.556860357945599 ], [ -99.253630335506514, 19.556746130357965 ], [ -99.25418936999688, 19.556498637582095 ], [ -99.254587227755621, 19.556316106148365 ], [ -99.255390060847091, 19.555957770262989 ], [ -99.255773327449077, 19.55576976193478 ], [ -99.256237277821555, 19.556694563066323 ], [ -99.256652934600694, 19.556528850999378 ], [ -99.257416121256597, 19.558071147081684 ] ] ] ] } },
{ "type": "Feature", "properties": { "ENTIDAD": 15, "MUNICIPIO": 13, "LN": 1347, "DISTRITO_F": 15, "DISTRITO_L": 16, "SECCION": "358" }, "geometry": { "type": "MultiPolygon", "coordinates": [ [ [ [ -99.254701351545577, 19.564580697269925 ], [ -99.254609942213008, 19.565187291723269 ], [ -99.253978142904899, 19.565744498936279 ], [ -99.253609053655524, 19.566078468184873 ], [ -99.252439915458396, 19.565872661140833 ], [ -99.252203746106147, 19.566201831676246 ], [ -99.252064804685659, 19.566518901558542 ], [ -99.251911943964231, 19.566897873685644 ], [ -99.251877444586484, 19.567237587489647 ], [ -99.251745100543289, 19.566597184720706 ], [ -99.250963017534744, 19.565593489751514 ], [ -99.250323048787052, 19.56485979040195 ], [ -99.24967351936111, 19.564115120855789 ], [ -99.24934720649641, 19.56377437864229 ], [ -99.24914982850909, 19.563560471458036 ], [ -99.249074481765263, 19.563485337496381 ], [ -99.248883055774826, 19.563294451639479 ], [ -99.248863011591453, 19.563274463975144 ], [ -99.248534181668546, 19.563003456640057 ], [ -99.248209239710079, 19.562720710588767 ], [ -99.24781050401478, 19.56223987959353 ], [ -99.247616209634444, 19.562019894099784 ], [ -99.248282735220727, 19.562122375830128 ], [ -99.248302406437972, 19.562017071608821 ], [ -99.24909394852881, 19.562166377070699 ], [ -99.249717273367537, 19.562262960384128 ], [ -99.249815480178114, 19.562278177185046 ], [ -99.25002022771325, 19.56230990191635 ], [ -99.250062001790781, 19.562316374595991 ], [ -99.250392286596963, 19.562364795446697 ], [ -99.250552179886526, 19.562521549337969 ], [ -99.251254502276353, 19.562685068703669 ], [ -99.251292507199395, 19.562893690129059 ], [ -99.251324792602645, 19.563250835459826 ], [ -99.251295710849263, 19.563681384212067 ], [ -99.251488194522537, 19.563750674243522 ], [ -99.252829312628535, 19.564028913107027 ], [ -99.253136858747752, 19.564118719597982 ], [ -99.25359713401194, 19.564219590740567 ], [ -99.253837450031469, 19.564437326953051 ], [ -99.254058954890681, 19.564489053785429 ], [ -99.254077513415723, 19.564493387643548 ], [ -99.254257900019866, 19.56452598121675 ], [ -99.254701351545577, 19.564580697269925 ] ] ] ] } },
{ "type": "Feature", "properties": { "ENTIDAD": 15, "MUNICIPIO": 13, "LN": 2357, "DISTRITO_F": 15, "DISTRITO_L": 16, "SECCION": "359" }, "geometry": { "type": "MultiPolygon", "coordinates": [ [ [ [ -99.254811582942551, 19.563396343030863 ], [ -99.25435324243729, 19.56326351311062 ], [ -99.253738706970054, 19.56316300146873 ], [ -99.253718294427131, 19.563159662814257 ], [ -99.253282011267672, 19.563088304202545 ], [ -99.25321222343959, 19.56355576068691 ], [ -99.253136858747752, 19.564118719597982 ], [ -99.252829312628535, 19.564028913107027 ], [ -99.251488194522537, 19.563750674243522 ], [ -99.251295710849263, 19.563681384212067 ], [ -99.251324792602645, 19.563250835459826 ], [ -99.251292507199395, 19.562893690129059 ], [ -99.251254502276353, 19.562685068703669 ], [ -99.250552179886526, 19.562521549337969 ], [ -99.250392286596963, 19.562364795446697 ], [ -99.250062001790781, 19.562316374595991 ], [ -99.25002022771325, 19.56230990191635 ], [ -99.249815480178114, 19.562278177185046 ], [ -99.249717273367537, 19.562262960384128 ], [ -99.24909394852881, 19.562166377070699 ], [ -99.248302406437972, 19.562017071608821 ], [ -99.248349885199772, 19.561817539733919 ], [ -99.248474426539644, 19.561294146164169 ], [ -99.24849255610583, 19.561212191597953 ], [ -99.248528043918029, 19.561074906429422 ], [ -99.248772764290493, 19.560221230653429 ], [ -99.248956112852994, 19.559581636578269 ], [ -99.249773422406477, 19.559729023725641 ], [ -99.250404166620299, 19.559782668536464 ], [ -99.251046446827374, 19.559601301403486 ], [ -99.251407305834064, 19.559546280720383 ], [ -99.251755126493819, 19.55953891689397 ], [ -99.252277345808579, 19.559522064138019 ], [ -99.252698741320387, 19.559549199897628 ], [ -99.253006085853059, 19.559747081828231 ], [ -99.253503844491917, 19.559729464042555 ], [ -99.253938052102157, 19.559655535807504 ], [ -99.254451702512597, 19.559654812601448 ], [ -99.254591732474864, 19.559499890590057 ], [ -99.255133828793248, 19.55930309394682 ], [ -99.255337570529719, 19.559269989541363 ], [ -99.25531748658176, 19.560056499737389 ], [ -99.255323047159422, 19.560160271038566 ], [ -99.255331572828496, 19.56031937647926 ], [ -99.255245500714651, 19.560953923672177 ], [ -99.255217605931364, 19.561159570619669 ], [ -99.255136570193798, 19.56133546037486 ], [ -99.25505553428242, 19.561511350092228 ], [ -99.255038148075784, 19.561667365222405 ], [ -99.255035494268697, 19.561691179135529 ], [ -99.255032066575055, 19.561721937502934 ], [ -99.254971736978248, 19.562246263035469 ], [ -99.25496183087283, 19.562332356851993 ], [ -99.254956902050083, 19.56237519314524 ], [ -99.254942067099606, 19.562504123252211 ], [ -99.254938334044382, 19.562652644457703 ], [ -99.254895036539111, 19.56286513978004 ], [ -99.254811582942551, 19.563396343030863 ] ] ] ] } },
{ "type": "Feature", "properties": { "ENTIDAD": 15, "MUNICIPIO": 13, "LN": 2482, "DISTRITO_F": 15, "DISTRITO_L": 16, "SECCION": "360" }, "geometry": { "type": "MultiPolygon", "coordinates": [ [ [ [ -99.244355793503459, 19.571290902929501 ], [ -99.244047405743743, 19.57126709855217 ], [ -99.243805976421072, 19.571248462307576 ], [ -99.242564740575773, 19.569902784134577 ], [ -99.242993106531813, 19.569514240091966 ], [ -99.243032045211379, 19.569473263373141 ], [ -99.243086799775838, 19.569416346634643 ], [ -99.24332565720259, 19.569213406339173 ], [ -99.243418688157675, 19.569134364280703 ], [ -99.243587482454259, 19.568991292629214 ], [ -99.243563383298294, 19.568803809656352 ], [ -99.243523438855235, 19.567833003767223 ], [ -99.244152200931211, 19.567947605645191 ], [ -99.244780963870653, 19.568062205321432 ], [ -99.245164124357316, 19.56810062871465 ], [ -99.245867471263466, 19.568169142947816 ], [ -99.2465865040989, 19.568239182277015 ], [ -99.2469468908767, 19.568331434625168 ], [ -99.247388201161741, 19.568456674674952 ], [ -99.247650454767012, 19.568528656800467 ], [ -99.248139324624475, 19.568662838286645 ], [ -99.248843706597711, 19.568881401258849 ], [ -99.24881297161501, 19.569232725095574 ], [ -99.24880507918094, 19.56932294128784 ], [ -99.248782073294123, 19.569608144220062 ], [ -99.248776879484723, 19.569672824185158 ], [ -99.248673052258354, 19.570103344854999 ], [ -99.248472040434862, 19.570249281616398 ], [ -99.248338463540946, 19.570313516166834 ], [ -99.247484272566354, 19.570155409601714 ], [ -99.247203505085693, 19.570103439963521 ], [ -99.245566282761587, 19.569958493096365 ], [ -99.24543324104647, 19.569760715832118 ], [ -99.245254770632968, 19.569699323722102 ], [ -99.245124796520969, 19.569654613733384 ], [ -99.244663109450173, 19.570489255077351 ], [ -99.244512938767201, 19.570763841384647 ], [ -99.244355793503459, 19.571290902929501 ] ] ] ] } },
{ "type": "Feature", "properties": { "ENTIDAD": 15, "MUNICIPIO": 13, "LN": 2258, "DISTRITO_F": 15, "DISTRITO_L": 16, "SECCION": "361" }, "geometry": { "type": "MultiPolygon", "coordinates": [ [ [ [ -99.243587482454259, 19.568991292629214 ], [ -99.243418688157675, 19.569134364280703 ], [ -99.24332565720259, 19.569213406339173 ], [ -99.243086799775838, 19.569416346634643 ], [ -99.243032045211379, 19.569473263373141 ], [ -99.242993106531813, 19.569514240091966 ], [ -99.242564740575773, 19.569902784134577 ], [ -99.24226807746976, 19.570186427834088 ], [ -99.241839865795669, 19.570597585222103 ], [ -99.241416636645923, 19.57020526452304 ], [ -99.241480921971714, 19.569976589714098 ], [ -99.241516644371558, 19.569906175084309 ], [ -99.241653036761363, 19.56963732299171 ], [ -99.241412101168834, 19.569356934661229 ], [ -99.241312098508075, 19.569225242891665 ], [ -99.241244251354843, 19.569028309274305 ], [ -99.241226648483789, 19.568977214974314 ], [ -99.240148308970518, 19.567803079505204 ], [ -99.240382480626863, 19.567561814873912 ], [ -99.240566964078084, 19.567371742767257 ], [ -99.240261214893323, 19.567103684882216 ], [ -99.24005844799504, 19.566939152278536 ], [ -99.239180140689427, 19.566213829196204 ], [ -99.23933218553961, 19.565999182037967 ], [ -99.23959192750911, 19.565643948741332 ], [ -99.239843611398868, 19.565311466583569 ], [ -99.240167176203883, 19.565534170163328 ], [ -99.240421441557004, 19.56575703014358 ], [ -99.240749644623463, 19.566023555552743 ], [ -99.241045497160712, 19.566268241352688 ], [ -99.241392215959181, 19.566565375911672 ], [ -99.241675180708839, 19.566282280566746 ], [ -99.242217812332996, 19.565739394504956 ], [ -99.243576445850763, 19.564380100868096 ], [ -99.243613622353038, 19.564948106711935 ], [ -99.243661002560884, 19.565672004790553 ], [ -99.243684060390862, 19.566024291060362 ], [ -99.243686841440265, 19.56654041016877 ], [ -99.243627319900099, 19.566873099932643 ], [ -99.243569047429517, 19.567120235044936 ], [ -99.243544739231183, 19.567223326542369 ], [ -99.243512939161917, 19.567569108155567 ], [ -99.243523438855235, 19.567833003767223 ], [ -99.243563383298294, 19.568803809656352 ], [ -99.243587482454259, 19.568991292629214 ] ] ] ] } },
{ "type": "Feature", "properties": { "ENTIDAD": 15, "MUNICIPIO": 13, "LN": 1691, "DISTRITO_F": 15, "DISTRITO_L": 16, "SECCION": "362" }, "geometry": { "type": "MultiPolygon", "coordinates": [ [ [ [ -99.245815436276359, 19.561746457506395 ], [ -99.245124694994402, 19.562548927982455 ], [ -99.244964580954971, 19.562730671015483 ], [ -99.244941941248328, 19.56275636896115 ], [ -99.244869850423328, 19.56284207338113 ], [ -99.244585086535835, 19.56318061077307 ], [ -99.243576445850763, 19.564380100868096 ], [ -99.242217812332996, 19.565739394504956 ], [ -99.241675180708839, 19.566282280566746 ], [ -99.241392215959181, 19.566565375911672 ], [ -99.241045497160712, 19.566268241352688 ], [ -99.240749644623463, 19.566023555552743 ], [ -99.240421441557004, 19.56575703014358 ], [ -99.240167176203883, 19.565534170163328 ], [ -99.239843611398868, 19.565311466583569 ], [ -99.23959192750911, 19.565643948741332 ], [ -99.23933218553961, 19.565999182037967 ], [ -99.239180140689427, 19.566213829196204 ], [ -99.24005844799504, 19.566939152278536 ], [ -99.240261214893323, 19.567103684882216 ], [ -99.240566964078084, 19.567371742767257 ], [ -99.240382480626863, 19.567561814873912 ], [ -99.240148308970518, 19.567803079505204 ], [ -99.239832367699194, 19.568116662323593 ], [ -99.239721025791653, 19.568230266087067 ], [ -99.239268800663766, 19.568691675606516 ], [ -99.239112167538607, 19.568849177624987 ], [ -99.2389295189611, 19.56901439042306 ], [ -99.238717211950771, 19.569228065638352 ], [ -99.238527782642379, 19.56941871503194 ], [ -99.238262946738104, 19.569685255620477 ], [ -99.237705137321626, 19.570242376460101 ], [ -99.236552497005476, 19.57136863599769 ], [ -99.236432558745392, 19.571494851865371 ], [ -99.236415271669372, 19.571514445593607 ], [ -99.235930886025386, 19.57206346127413 ], [ -99.235817130092343, 19.572170845101134 ], [ -99.234695589589847, 19.573229550407746 ], [ -99.233996617801864, 19.574039279416912 ], [ -99.233759542516225, 19.574385443027605 ], [ -99.233522466222908, 19.574731606324129 ], [ -99.233464388780902, 19.57466371827671 ], [ -99.233339501558831, 19.574548350507111 ], [ -99.233277106346449, 19.57452425063352 ], [ -99.23296397144577, 19.574420197049957 ], [ -99.232673054997576, 19.574323525967042 ], [ -99.232568060618149, 19.574243059471673 ], [ -99.232338157110192, 19.574031104089471 ], [ -99.231937777458498, 19.573537261077785 ], [ -99.232300667788763, 19.573584483673756 ], [ -99.23293644808102, 19.574169370891056 ], [ -99.233245619762044, 19.5743113680976 ], [ -99.233384517074825, 19.574313875213804 ], [ -99.233611065048308, 19.574163125225361 ], [ -99.233816054508026, 19.573902205592869 ], [ -99.234270305459319, 19.573324011115997 ], [ -99.234317444204791, 19.573285285724957 ], [ -99.234833709995939, 19.572861161378814 ], [ -99.235167444530646, 19.572350248239879 ], [ -99.235144631930751, 19.572256242456032 ], [ -99.235447321161061, 19.571839404756332 ], [ -99.235921557818287, 19.571314406928995 ], [ -99.236261779396273, 19.570799789145845 ], [ -99.236442053960317, 19.570427389950488 ], [ -99.236914746713353, 19.568649201439239 ], [ -99.23692704000041, 19.568600351118388 ], [ -99.23700720041586, 19.56828181377486 ], [ -99.237243509724522, 19.567370682881936 ], [ -99.23726895331113, 19.567106217687289 ], [ -99.237222186282025, 19.566920197558233 ], [ -99.237139328418792, 19.566783193680596 ], [ -99.236916857865481, 19.566558229156399 ], [ -99.236032333177064, 19.56578568021855 ], [ -99.23571677712664, 19.565492279470043 ], [ -99.236239084946988, 19.565442003913027 ], [ -99.236584296173305, 19.565393262720406 ], [ -99.236609676214854, 19.565389679224946 ], [ -99.236929507184598, 19.565344520869434 ], [ -99.237034607949781, 19.565607289843662 ], [ -99.237201788706955, 19.565743889142095 ], [ -99.237561728858182, 19.566089487140939 ], [ -99.237697644760971, 19.566134914502239 ], [ -99.237822153425569, 19.566121336867091 ], [ -99.238364954326201, 19.565715529533747 ], [ -99.238361911221148, 19.565570666462161 ], [ -99.238350361821077, 19.565415083725377 ], [ -99.238333175751578, 19.565275604771983 ], [ -99.238327326169966, 19.565146841742404 ], [ -99.239862522465685, 19.564071718561483 ], [ -99.24026111304228, 19.563759992461591 ], [ -99.24035141537864, 19.563582812448448 ], [ -99.240226169848015, 19.563097406074501 ], [ -99.240629544423456, 19.562974546169993 ], [ -99.240712734245108, 19.562949208063348 ], [ -99.240786676139493, 19.563190554633781 ], [ -99.241307161990349, 19.563015482530815 ], [ -99.241674703702543, 19.562762814758827 ], [ -99.24164911263189, 19.562682367290719 ], [ -99.241994095017986, 19.562440347806909 ], [ -99.241789875032694, 19.562157823673321 ], [ -99.240967410911139, 19.561019989302071 ], [ -99.241329973456644, 19.560627132439642 ], [ -99.241448904222324, 19.560498263709416 ], [ -99.242103702588309, 19.56001940321725 ], [ -99.242157332945325, 19.559980182579046 ], [ -99.242816287411401, 19.560302235402229 ], [ -99.242890862178115, 19.560338682321181 ], [ -99.243567452227097, 19.560663036297306 ], [ -99.24414123720436, 19.560938102995586 ], [ -99.245815436276359, 19.561746457506395 ] ] ] ] } },
{ "type": "Feature", "properties": { "ENTIDAD": 15, "MUNICIPIO": 13, "LN": 1266, "DISTRITO_F": 15, "DISTRITO_L": 16, "SECCION": "363" }, "geometry": { "type": "MultiPolygon", "coordinates": [ [ [ [ -99.235447321161061, 19.571839404756332 ], [ -99.235144631930751, 19.572256242456032 ], [ -99.235167444530646, 19.572350248239879 ], [ -99.234833709995939, 19.572861161378814 ], [ -99.234317444204791, 19.573285285724957 ], [ -99.234270305459319, 19.573324011115997 ], [ -99.233816054508026, 19.573902205592869 ], [ -99.233611065048308, 19.574163125225361 ], [ -99.233384517074825, 19.574313875213804 ], [ -99.233245619762044, 19.5743113680976 ], [ -99.23293644808102, 19.574169370891056 ], [ -99.232300667788763, 19.573584483673756 ], [ -99.231937777458498, 19.573537261077785 ], [ -99.23180441928875, 19.573443396935481 ], [ -99.231586063347393, 19.573376509098427 ], [ -99.231182286077072, 19.57327560358501 ], [ -99.230741067061885, 19.573165340052434 ], [ -99.229962211100442, 19.572945941382692 ], [ -99.229929122965501, 19.572936620581828 ], [ -99.229896034834283, 19.572927299774815 ], [ -99.228215316411948, 19.572536439021164 ], [ -99.227701382545007, 19.572416917225272 ], [ -99.227497305179128, 19.572370537301211 ], [ -99.22721935836654, 19.57230736892005 ], [ -99.22706095403035, 19.572212072642689 ], [ -99.227012459563824, 19.572157785750559 ], [ -99.226963965129826, 19.572103498844758 ], [ -99.226743026421573, 19.572213932548809 ], [ -99.226663621225129, 19.57218649332636 ], [ -99.225860198894281, 19.571955907565133 ], [ -99.225044482129988, 19.57173782089556 ], [ -99.224062661842297, 19.570237457354953 ], [ -99.22280118790168, 19.56847746788063 ], [ -99.221788034816043, 19.56691020223953 ], [ -99.22203553352017, 19.566879842140779 ], [ -99.222067041207225, 19.566876074252701 ], [ -99.222389829523735, 19.566837472862318 ], [ -99.222431364433319, 19.566833961335984 ], [ -99.222637988912624, 19.566816492337214 ], [ -99.223164950630363, 19.566771939444468 ], [ -99.222824140267377, 19.566220191644781 ], [ -99.222811734712849, 19.566181800972863 ], [ -99.222749900551293, 19.565990446478494 ], [ -99.222749071099798, 19.565959137778801 ], [ -99.222737425987972, 19.565519576695177 ], [ -99.223094210102317, 19.563001729144911 ], [ -99.223145390829742, 19.562739057419968 ], [ -99.223455945998012, 19.562992925306229 ], [ -99.223574317117368, 19.563089689163512 ], [ -99.223539033471042, 19.563199661979418 ], [ -99.224361127236733, 19.563662787194833 ], [ -99.224606181101976, 19.563827376100118 ], [ -99.224935220414523, 19.564156753676905 ], [ -99.225958313777952, 19.565526535821807 ], [ -99.226064731475532, 19.56560579578824 ], [ -99.226390304434346, 19.565755013401748 ], [ -99.226722197051387, 19.565815668511227 ], [ -99.22721496897735, 19.565738709222675 ], [ -99.227244273828887, 19.565732111577379 ], [ -99.227910578770604, 19.565582099368878 ], [ -99.228564450717897, 19.565526308007275 ], [ -99.229717880674912, 19.56563782634295 ], [ -99.230132766217864, 19.565837370730566 ], [ -99.230639422433697, 19.566106052785585 ], [ -99.230797426137016, 19.566160286292497 ], [ -99.232181164926828, 19.565967600799798 ], [ -99.232200599340516, 19.565964808588948 ], [ -99.232220033753507, 19.56596201637597 ], [ -99.233553370787064, 19.565769044366487 ], [ -99.233619745672357, 19.565759437752821 ], [ -99.234100068070589, 19.565675568350315 ], [ -99.234445504083993, 19.565565924055029 ], [ -99.234471853484862, 19.565557560500565 ], [ -99.234701962043516, 19.565544238295086 ], [ -99.234817949963002, 19.56553752302699 ], [ -99.23571677712664, 19.565492279470043 ], [ -99.236032333177064, 19.56578568021855 ], [ -99.236916857865481, 19.566558229156399 ], [ -99.237139328418792, 19.566783193680596 ], [ -99.237222186282025, 19.566920197558233 ], [ -99.23726895331113, 19.567106217687289 ], [ -99.237243509724522, 19.567370682881936 ], [ -99.23700720041586, 19.56828181377486 ], [ -99.23692704000041, 19.568600351118388 ], [ -99.236914746713353, 19.568649201439239 ], [ -99.236442053960317, 19.570427389950488 ], [ -99.236261779396273, 19.570799789145845 ], [ -99.235921557818287, 19.571314406928995 ], [ -99.235447321161061, 19.571839404756332 ] ] ] ] } },
{ "type": "Feature", "properties": { "ENTIDAD": 15, "MUNICIPIO": 13, "LN": 1378, "DISTRITO_F": 15, "DISTRITO_L": 16, "SECCION": "364" }, "geometry": { "type": "MultiPolygon", "coordinates": [ [ [ [ -99.223058336858628, 19.571689606942716 ], [ -99.222393477662905, 19.572502034997175 ], [ -99.221809718466815, 19.573145336162384 ], [ -99.22148787002827, 19.573519161082771 ], [ -99.221078403684928, 19.573561754455845 ], [ -99.220790135596772, 19.573489956697021 ], [ -99.220593242942698, 19.573291804606299 ], [ -99.22051124218568, 19.573114818252431 ], [ -99.220129272541143, 19.57212025581785 ], [ -99.220122269814468, 19.572102022179351 ], [ -99.219778497302173, 19.571164583581339 ], [ -99.219773695865058, 19.571075847605773 ], [ -99.219821860130764, 19.570401018385695 ], [ -99.219595010267909, 19.57032464274069 ], [ -99.219422956111472, 19.569729673026298 ], [ -99.219669341089869, 19.569010950098235 ], [ -99.219403358100863, 19.568655589583543 ], [ -99.219152926977415, 19.568321004974496 ], [ -99.218954519910113, 19.568055925050402 ], [ -99.218921372805255, 19.567996217395827 ], [ -99.218852793147477, 19.567872685162996 ], [ -99.218841228551227, 19.567831012831064 ], [ -99.218781353325141, 19.567615255665441 ], [ -99.218763564955523, 19.5675511561119 ], [ -99.21910086374055, 19.567413247288275 ], [ -99.219358743243035, 19.567328452368049 ], [ -99.219694639827665, 19.567220765333822 ], [ -99.220180724049271, 19.567151073218369 ], [ -99.22036500975598, 19.56712465097722 ], [ -99.220626739500915, 19.56708712474245 ], [ -99.22104897569929, 19.567026413361791 ], [ -99.221662361744734, 19.566929963547768 ], [ -99.221788034816043, 19.56691020223953 ], [ -99.22280118790168, 19.56847746788063 ], [ -99.224062661842297, 19.570237457354953 ], [ -99.223566349408941, 19.570544636125341 ], [ -99.2235360444392, 19.570563392461299 ], [ -99.223111713957294, 19.570826017870687 ], [ -99.223078559575967, 19.570846537607856 ], [ -99.222555189348668, 19.571188951374165 ], [ -99.222478842396058, 19.571579920748352 ], [ -99.223058336858628, 19.571689606942716 ] ] ] ] } },
{ "type": "Feature", "properties": { "ENTIDAD": 15, "MUNICIPIO": 13, "LN": 2225, "DISTRITO_F": 15, "DISTRITO_L": 26, "SECCION": "365" }, "geometry": { "type": "MultiPolygon", "coordinates": [ [ [ [ -99.217188944214357, 19.566526727559687 ], [ -99.217134832959502, 19.566728363853574 ], [ -99.217183420196164, 19.566855861822194 ], [ -99.21723959067117, 19.56700325872546 ], [ -99.217374057368929, 19.567307239211043 ], [ -99.217508868978385, 19.567648976325057 ], [ -99.217662715152386, 19.568045173980963 ], [ -99.217815739358699, 19.568416890455769 ], [ -99.217964187913267, 19.56876446038018 ], [ -99.218089359069396, 19.569080876107254 ], [ -99.218129857666682, 19.569190788715044 ], [ -99.218140285062219, 19.569219088489572 ], [ -99.218233955157601, 19.569433123242298 ], [ -99.218289827558522, 19.569585634168931 ], [ -99.218346910112984, 19.56973383917359 ], [ -99.218384252917232, 19.569834397616258 ], [ -99.218401218382581, 19.569880082966758 ], [ -99.218468497826436, 19.570065084587451 ], [ -99.218546102430508, 19.570318776945303 ], [ -99.218007050852052, 19.570367524242712 ], [ -99.217995600014319, 19.571109427214957 ], [ -99.217966207457948, 19.571521233659734 ], [ -99.217918683698713, 19.571866099257754 ], [ -99.217869677979351, 19.571977378738129 ], [ -99.216742381636152, 19.572055388154574 ], [ -99.215828717718111, 19.572098950770862 ], [ -99.215888253191679, 19.571865533970776 ], [ -99.216172347771916, 19.570873228828503 ], [ -99.216244898387998, 19.570581564285291 ], [ -99.216153334759881, 19.570586934406432 ], [ -99.216061771125226, 19.570592304481195 ], [ -99.215281780439938, 19.570701451069233 ], [ -99.2150711760505, 19.569721760811863 ], [ -99.215084493115114, 19.569052938306967 ], [ -99.215111054521856, 19.56870570032395 ], [ -99.215082130575752, 19.568417163048885 ], [ -99.214932588439538, 19.56804460268221 ], [ -99.214816723533488, 19.567676473997849 ], [ -99.21477654132002, 19.5675488057127 ], [ -99.214753964603474, 19.567263266744202 ], [ -99.21475974785794, 19.567213359156728 ], [ -99.214737260691578, 19.566623017926169 ], [ -99.214686219044808, 19.566394625956033 ], [ -99.215184136702405, 19.56642409257136 ], [ -99.215288066779621, 19.566429413763814 ], [ -99.215391996863033, 19.566434734896283 ], [ -99.216687741550047, 19.5665010708735 ], [ -99.217070431078739, 19.566520660969918 ], [ -99.217100059361883, 19.566522177624641 ], [ -99.217129687645539, 19.56652369427454 ], [ -99.217188944214357, 19.566526727559687 ] ] ] ] } },
{ "type": "Feature", "properties": { "ENTIDAD": 15, "MUNICIPIO": 13, "LN": 1846, "DISTRITO_F": 15, "DISTRITO_L": 26, "SECCION": "366" }, "geometry": { "type": "MultiPolygon", "coordinates": [ [ [ [ -99.215417472525445, 19.57258151376546 ], [ -99.215397828550138, 19.572564236855662 ], [ -99.215315077781682, 19.572491457349084 ], [ -99.215054639956435, 19.572031333337218 ], [ -99.215038635488952, 19.572003057622581 ], [ -99.215022631027082, 19.571974781906327 ], [ -99.214635552710476, 19.571839974783664 ], [ -99.214318299262899, 19.57174716727209 ], [ -99.214018906940069, 19.57084670220765 ], [ -99.213926674425977, 19.570569297612753 ], [ -99.213689342863532, 19.569851972598855 ], [ -99.213530859197959, 19.569372958351124 ], [ -99.213076469371046, 19.567999555768459 ], [ -99.212984232957723, 19.567720766259956 ], [ -99.212500312467014, 19.566275471554061 ], [ -99.212573202650077, 19.566239314238892 ], [ -99.213128208899363, 19.566274731201418 ], [ -99.21368321537328, 19.566310146454757 ], [ -99.214133031682039, 19.566341734707063 ], [ -99.21466224482559, 19.566392318868381 ], [ -99.214686219044808, 19.566394625956033 ], [ -99.214737260691578, 19.566623017926169 ], [ -99.21475974785794, 19.567213359156728 ], [ -99.214753964603474, 19.567263266744202 ], [ -99.21477654132002, 19.5675488057127 ], [ -99.214816723533488, 19.567676473997849 ], [ -99.214932588439538, 19.56804460268221 ], [ -99.215082130575752, 19.568417163048885 ], [ -99.215111054521856, 19.56870570032395 ], [ -99.215084493115114, 19.569052938306967 ], [ -99.2150711760505, 19.569721760811863 ], [ -99.215281780439938, 19.570701451069233 ], [ -99.216061771125226, 19.570592304481195 ], [ -99.216153334759881, 19.570586934406432 ], [ -99.216244898387998, 19.570581564285291 ], [ -99.216172347771916, 19.570873228828503 ], [ -99.215888253191679, 19.571865533970776 ], [ -99.215828717718111, 19.572098950770862 ], [ -99.215675302996047, 19.572106264981461 ], [ -99.215551916590542, 19.572345396129293 ], [ -99.215468115711516, 19.572507807417036 ], [ -99.215417472525445, 19.57258151376546 ] ] ] ] } },
{ "type": "Feature", "properties": { "ENTIDAD": 15, "MUNICIPIO": 13, "LN": 977, "DISTRITO_F": 15, "DISTRITO_L": 16, "SECCION": "367" }, "geometry": { "type": "MultiPolygon", "coordinates": [ [ [ [ -99.223164950630363, 19.566771939444468 ], [ -99.222637988912624, 19.566816492337214 ], [ -99.222431364433319, 19.566833961335984 ], [ -99.222389829523735, 19.566837472862318 ], [ -99.222067041207225, 19.566876074252701 ], [ -99.22203553352017, 19.566879842140779 ], [ -99.221788034816043, 19.56691020223953 ], [ -99.221662361744734, 19.566929963547768 ], [ -99.22104897569929, 19.567026413361791 ], [ -99.220626739500915, 19.56708712474245 ], [ -99.22036500975598, 19.56712465097722 ], [ -99.220180724049271, 19.567151073218369 ], [ -99.219694639827665, 19.567220765333822 ], [ -99.219358743243035, 19.567328452368049 ], [ -99.21910086374055, 19.567413247288275 ], [ -99.218763564955523, 19.5675511561119 ], [ -99.218781353325141, 19.567615255665441 ], [ -99.218841228551227, 19.567831012831064 ], [ -99.218852793147477, 19.567872685162996 ], [ -99.218921372805255, 19.567996217395827 ], [ -99.218954519910113, 19.568055925050402 ], [ -99.219152926977415, 19.568321004974496 ], [ -99.219403358100863, 19.568655589583543 ], [ -99.219669341089869, 19.569010950098235 ], [ -99.219422956111472, 19.569729673026298 ], [ -99.219595010267909, 19.57032464274069 ], [ -99.219821860130764, 19.570401018385695 ], [ -99.219773695865058, 19.571075847605773 ], [ -99.219539653052976, 19.571106846734793 ], [ -99.219109598904296, 19.569612524568281 ], [ -99.218346910112984, 19.56973383917359 ], [ -99.218289827558522, 19.569585634168931 ], [ -99.218233955157601, 19.569433123242298 ], [ -99.218140285062219, 19.569219088489572 ], [ -99.218129857666682, 19.569190788715044 ], [ -99.218089359069396, 19.569080876107254 ], [ -99.217964187913267, 19.56876446038018 ], [ -99.217815739358699, 19.568416890455769 ], [ -99.217662715152386, 19.568045173980963 ], [ -99.217508868978385, 19.567648976325057 ], [ -99.217374057368929, 19.567307239211043 ], [ -99.21723959067117, 19.56700325872546 ], [ -99.217183420196164, 19.566855861822194 ], [ -99.217134832959502, 19.566728363853574 ], [ -99.217188944214357, 19.566526727559687 ], [ -99.217398580070011, 19.565774785702402 ], [ -99.217477537783296, 19.565491570804703 ], [ -99.217458900365799, 19.565248527425751 ], [ -99.217529667775608, 19.56509988904045 ], [ -99.217487921031989, 19.564839270672213 ], [ -99.217540835728514, 19.564607968560065 ], [ -99.217593750277459, 19.564376666427783 ], [ -99.217652787285715, 19.564300917242992 ], [ -99.217812442520469, 19.564286710213384 ], [ -99.217924975210636, 19.564412704396116 ], [ -99.218081658524767, 19.564387289159637 ], [ -99.218585409205176, 19.565182700272903 ], [ -99.218613783598926, 19.56508465817296 ], [ -99.219303549169794, 19.562701272368688 ], [ -99.21961453193704, 19.563076481465753 ], [ -99.219656228466533, 19.563297858980537 ], [ -99.219712542612982, 19.563395891566284 ], [ -99.219822024259784, 19.563451816057594 ], [ -99.220058565734433, 19.56344311917999 ], [ -99.220437114732718, 19.563749146048448 ], [ -99.220467068997422, 19.563773361613688 ], [ -99.220961138346027, 19.564113534939498 ], [ -99.22143895656059, 19.564428949646775 ], [ -99.22147609552654, 19.564453424329233 ], [ -99.221497025303705, 19.564467217104259 ], [ -99.221751570316982, 19.564649092320774 ], [ -99.221982792592669, 19.564883203409074 ], [ -99.222043613441642, 19.564944783969437 ], [ -99.222140078254498, 19.565042453581547 ], [ -99.222169077573156, 19.565071815054282 ], [ -99.222271740703846, 19.565224299962168 ], [ -99.222283712534207, 19.565242081624355 ], [ -99.222397227039536, 19.565410683557516 ], [ -99.222737425987972, 19.565519576695177 ], [ -99.222749071099798, 19.565959137778801 ], [ -99.222749900551293, 19.565990446478494 ], [ -99.222811734712849, 19.566181800972863 ], [ -99.222824140267377, 19.566220191644781 ], [ -99.223164950630363, 19.566771939444468 ] ] ] ] } },
{ "type": "Feature", "properties": { "ENTIDAD": 15, "MUNICIPIO": 13, "LN": 1158, "DISTRITO_F": 15, "DISTRITO_L": 16, "SECCION": "368" }, "geometry": { "type": "MultiPolygon", "coordinates": [ [ [ [ -99.21513533637706, 19.559706568784414 ], [ -99.216095887045597, 19.558578292475008 ], [ -99.216568343824278, 19.558023330480289 ], [ -99.216657383912178, 19.557916429946101 ], [ -99.216490872562872, 19.557773682218993 ], [ -99.216707086425828, 19.557504707268528 ], [ -99.216738397803965, 19.557465755108549 ], [ -99.21676970916711, 19.557426802943102 ], [ -99.216790453066778, 19.557442493407255 ], [ -99.216811196970426, 19.557458183868885 ], [ -99.216882037126268, 19.557509824790149 ], [ -99.217422004202874, 19.557918110941323 ], [ -99.218621144388521, 19.558787864053532 ], [ -99.219258338631064, 19.559085359139488 ], [ -99.219291775579222, 19.559080157618578 ], [ -99.219229911906012, 19.559249434253477 ], [ -99.219380616871348, 19.559335685696023 ], [ -99.219291868856956, 19.559571699991473 ], [ -99.219240203908683, 19.559709096155316 ], [ -99.219163088565551, 19.559895154920476 ], [ -99.219308007712073, 19.559984565976688 ], [ -99.219110955136102, 19.56076681159551 ], [ -99.219726426669823, 19.561094001666888 ], [ -99.219326350477388, 19.562616457261509 ], [ -99.219303549169794, 19.562701272368688 ], [ -99.218613783598926, 19.56508465817296 ], [ -99.218585409205176, 19.565182700272903 ], [ -99.218081658524767, 19.564387289159637 ], [ -99.217924975210636, 19.564412704396116 ], [ -99.217812442520469, 19.564286710213384 ], [ -99.217652787285715, 19.564300917242992 ], [ -99.217593750277459, 19.564376666427783 ], [ -99.217540835728514, 19.564607968560065 ], [ -99.217487921031989, 19.564839270672213 ], [ -99.217529667775608, 19.56509988904045 ], [ -99.217458900365799, 19.565248527425751 ], [ -99.217338758552572, 19.565315605428093 ], [ -99.217272751811919, 19.565352458487599 ], [ -99.217244003234256, 19.56536904001613 ], [ -99.217087829638956, 19.56501689299613 ], [ -99.216815165565208, 19.564247969690058 ], [ -99.21648889354735, 19.563491581145623 ], [ -99.216011413094947, 19.562798027337873 ], [ -99.215789712301628, 19.562477772209149 ], [ -99.215542470700512, 19.562167798139445 ], [ -99.21538321007651, 19.561941191444127 ], [ -99.21531393964554, 19.561842628584522 ], [ -99.215244669299125, 19.56174406569653 ], [ -99.215351012817337, 19.561665457939796 ], [ -99.215073846104787, 19.561339311849402 ], [ -99.214667521257937, 19.560777890090883 ], [ -99.214593068547003, 19.56064565483419 ], [ -99.214567519551892, 19.560609000409837 ], [ -99.214549699615503, 19.560549460159788 ], [ -99.214516974015496, 19.560398142945463 ], [ -99.215020805554587, 19.559834875553456 ], [ -99.21513533637706, 19.559706568784414 ] ] ] ] } },
{ "type": "Feature", "properties": { "ENTIDAD": 15, "MUNICIPIO": 13, "LN": 1514, "DISTRITO_F": 15, "DISTRITO_L": 16, "SECCION": "369" }, "geometry": { "type": "MultiPolygon", "coordinates": [ [ [ [ -99.222737425987972, 19.565519576695177 ], [ -99.222397227039536, 19.565410683557516 ], [ -99.222283712534207, 19.565242081624355 ], [ -99.222271740703846, 19.565224299962168 ], [ -99.222169077573156, 19.565071815054282 ], [ -99.222140078254498, 19.565042453581547 ], [ -99.222043613441642, 19.564944783969437 ], [ -99.221982792592669, 19.564883203409074 ], [ -99.221751570316982, 19.564649092320774 ], [ -99.221497025303705, 19.564467217104259 ], [ -99.22147609552654, 19.564453424329233 ], [ -99.22143895656059, 19.564428949646775 ], [ -99.220961138346027, 19.564113534939498 ], [ -99.220467068997422, 19.563773361613688 ], [ -99.220437114732718, 19.563749146048448 ], [ -99.220058565734433, 19.56344311917999 ], [ -99.219822024259784, 19.563451816057594 ], [ -99.219712542612982, 19.563395891566284 ], [ -99.219656228466533, 19.563297858980537 ], [ -99.21961453193704, 19.563076481465753 ], [ -99.219303549169794, 19.562701272368688 ], [ -99.219326350477388, 19.562616457261509 ], [ -99.219726426669823, 19.561094001666888 ], [ -99.219110955136102, 19.56076681159551 ], [ -99.219308007712073, 19.559984565976688 ], [ -99.219163088565551, 19.559895154920476 ], [ -99.219240203908683, 19.559709096155316 ], [ -99.219921081658669, 19.560066194669481 ], [ -99.220533796196776, 19.560363648287762 ], [ -99.220835879636326, 19.560531100145393 ], [ -99.221121492914037, 19.56071426378519 ], [ -99.221213099687162, 19.5607688181721 ], [ -99.221902746214425, 19.560551913323714 ], [ -99.221934368810849, 19.560541967435125 ], [ -99.222282184253302, 19.560477414178166 ], [ -99.222591377040246, 19.560437336579223 ], [ -99.222871305695207, 19.560429947358585 ], [ -99.223246355766065, 19.560467691349402 ], [ -99.223575266226575, 19.560540622662408 ], [ -99.223859956429649, 19.560605750532368 ], [ -99.226042347247443, 19.561101784239312 ], [ -99.226073938007559, 19.561121104748224 ], [ -99.226105528775165, 19.561140425251423 ], [ -99.226700532667692, 19.561504319995667 ], [ -99.227242598956195, 19.561835835801062 ], [ -99.228015505225272, 19.562308523048433 ], [ -99.228973770910102, 19.562934480279086 ], [ -99.229000859488693, 19.562952174904318 ], [ -99.229027948073181, 19.562969869525315 ], [ -99.230659417771932, 19.563990743312271 ], [ -99.230726975813099, 19.563926531682029 ], [ -99.231307414314301, 19.564338022799685 ], [ -99.231243212704427, 19.564496891476431 ], [ -99.229852025067885, 19.564822348397911 ], [ -99.229603963508907, 19.564813503358735 ], [ -99.227397593590169, 19.563427569540654 ], [ -99.22700844154069, 19.563183117924854 ], [ -99.226490750510223, 19.563864717903027 ], [ -99.229717880674912, 19.56563782634295 ], [ -99.228564450717897, 19.565526308007275 ], [ -99.227910578770604, 19.565582099368878 ], [ -99.227244273828887, 19.565732111577379 ], [ -99.22721496897735, 19.565738709222675 ], [ -99.226722197051387, 19.565815668511227 ], [ -99.226390304434346, 19.565755013401748 ], [ -99.226064731475532, 19.56560579578824 ], [ -99.225958313777952, 19.565526535821807 ], [ -99.224935220414523, 19.564156753676905 ], [ -99.224606181101976, 19.563827376100118 ], [ -99.224361127236733, 19.563662787194833 ], [ -99.223539033471042, 19.563199661979418 ], [ -99.223574317117368, 19.563089689163512 ], [ -99.223455945998012, 19.562992925306229 ], [ -99.223145390829742, 19.562739057419968 ], [ -99.223094210102317, 19.563001729144911 ], [ -99.222737425987972, 19.565519576695177 ] ] ] ] } },
{ "type": "Feature", "properties": { "ENTIDAD": 15, "MUNICIPIO": 13, "LN": 1518, "DISTRITO_F": 15, "DISTRITO_L": 16, "SECCION": "370" }, "geometry": { "type": "MultiPolygon", "coordinates": [ [ [ [ -99.238293417935225, 19.563505790141786 ], [ -99.237266466207601, 19.56424683704746 ], [ -99.236940480447046, 19.564671134903417 ], [ -99.236658475318521, 19.56519303074446 ], [ -99.236584296173305, 19.565393262720406 ], [ -99.236239084946988, 19.565442003913027 ], [ -99.23571677712664, 19.565492279470043 ], [ -99.234817949963002, 19.56553752302699 ], [ -99.234701962043516, 19.565544238295086 ], [ -99.234471853484862, 19.565557560500565 ], [ -99.234445504083993, 19.565565924055029 ], [ -99.234100068070589, 19.565675568350315 ], [ -99.233619745672357, 19.565759437752821 ], [ -99.233553370787064, 19.565769044366487 ], [ -99.232220033753507, 19.56596201637597 ], [ -99.232200599340516, 19.565964808588948 ], [ -99.232181164926828, 19.565967600799798 ], [ -99.230797426137016, 19.566160286292497 ], [ -99.230639422433697, 19.566106052785585 ], [ -99.230132766217864, 19.565837370730566 ], [ -99.229717880674912, 19.56563782634295 ], [ -99.226490750510223, 19.563864717903027 ], [ -99.22700844154069, 19.563183117924854 ], [ -99.227397593590169, 19.563427569540654 ], [ -99.229603963508907, 19.564813503358735 ], [ -99.229852025067885, 19.564822348397911 ], [ -99.231243212704427, 19.564496891476431 ], [ -99.231307414314301, 19.564338022799685 ], [ -99.230726975813099, 19.563926531682029 ], [ -99.230659417771932, 19.563990743312271 ], [ -99.229027948073181, 19.562969869525315 ], [ -99.229000859488693, 19.562952174904318 ], [ -99.228973770910102, 19.562934480279086 ], [ -99.228015505225272, 19.562308523048433 ], [ -99.227242598956195, 19.561835835801062 ], [ -99.227175227330278, 19.561675760745437 ], [ -99.227146772473418, 19.561615862631712 ], [ -99.226313926582208, 19.560546399431733 ], [ -99.226273012502531, 19.560495062636875 ], [ -99.226004928403242, 19.560158684024252 ], [ -99.226611522508861, 19.560322810044106 ], [ -99.226654447200033, 19.560334424077226 ], [ -99.226822827758923, 19.560379982295345 ], [ -99.227033439068236, 19.560512696407461 ], [ -99.22706832951252, 19.560547693540052 ], [ -99.22717237910058, 19.560652061160479 ], [ -99.22756479868022, 19.561162377026786 ], [ -99.227845699658943, 19.561398891256474 ], [ -99.228034317734327, 19.561477609276693 ], [ -99.228069301195319, 19.561415231259396 ], [ -99.227844935029466, 19.560854510133634 ], [ -99.227839396824606, 19.560812961237335 ], [ -99.227833858622688, 19.56077141234055 ], [ -99.227822782227733, 19.560688314545985 ], [ -99.227859837876252, 19.56054074438115 ], [ -99.228168776416496, 19.559623348280414 ], [ -99.22826584136682, 19.55933511070349 ], [ -99.228881713733458, 19.559294852888293 ], [ -99.228915710392855, 19.559310393245017 ], [ -99.228949707058689, 19.559325933595186 ], [ -99.228957411016196, 19.559348779565099 ], [ -99.228965114975892, 19.559371625534613 ], [ -99.228980522901907, 19.559417317472427 ], [ -99.22868181191734, 19.56034700464711 ], [ -99.228670629806359, 19.560381806852806 ], [ -99.228539705370594, 19.560801687081749 ], [ -99.228583795858682, 19.560980321562017 ], [ -99.228647417678005, 19.561019719082992 ], [ -99.228711039528108, 19.561059116581017 ], [ -99.229290621129593, 19.561130029756999 ], [ -99.229517813834661, 19.561157826794851 ], [ -99.229653678771669, 19.561132720481201 ], [ -99.229684271773365, 19.561066192151777 ], [ -99.229609645885162, 19.560995642083938 ], [ -99.229188365358624, 19.56069281946106 ], [ -99.229419869854681, 19.560098276266917 ], [ -99.229559641459659, 19.559736562385101 ], [ -99.229510578522124, 19.55914237555676 ], [ -99.229676810869179, 19.558507506035095 ], [ -99.230675712586105, 19.558463529669211 ], [ -99.230746577753067, 19.558871036299802 ], [ -99.230834700294906, 19.559286133056016 ], [ -99.230944763326264, 19.559614283793511 ], [ -99.231260820144868, 19.559908925990651 ], [ -99.232017215875146, 19.560644195723093 ], [ -99.232700819295189, 19.561369842500476 ], [ -99.232753628627307, 19.56151106438552 ], [ -99.232723263364477, 19.561735505237703 ], [ -99.233135370588045, 19.5618237290449 ], [ -99.233205640970283, 19.561838772406276 ], [ -99.233788884777923, 19.561966841198796 ], [ -99.233660986844868, 19.562545909326058 ], [ -99.233533088021275, 19.563124977334898 ], [ -99.23412730080301, 19.563218499682506 ], [ -99.23476852571541, 19.563338151170669 ], [ -99.235024751069034, 19.562821830606385 ], [ -99.235259195808339, 19.562187591910956 ], [ -99.235629323411189, 19.562228909921931 ], [ -99.236119695931663, 19.562304061662058 ], [ -99.236608422645716, 19.562436904472893 ], [ -99.236858554365242, 19.562606955463185 ], [ -99.2371175698716, 19.562855950555118 ], [ -99.237520519567298, 19.563062932886506 ], [ -99.237569454691183, 19.563088069191675 ], [ -99.238293417935225, 19.563505790141786 ] ] ] ] } },
{ "type": "Feature", "properties": { "ENTIDAD": 15, "MUNICIPIO": 13, "LN": 911, "DISTRITO_F": 15, "DISTRITO_L": 16, "SECCION": "371" }, "geometry": { "type": "MultiPolygon", "coordinates": [ [ [ [ -99.241994095017986, 19.562440347806909 ], [ -99.24164911263189, 19.562682367290719 ], [ -99.241674703702543, 19.562762814758827 ], [ -99.241307161990349, 19.563015482530815 ], [ -99.240786676139493, 19.563190554633781 ], [ -99.240712734245108, 19.562949208063348 ], [ -99.240629544423456, 19.562974546169993 ], [ -99.240226169848015, 19.563097406074501 ], [ -99.24035141537864, 19.563582812448448 ], [ -99.24026111304228, 19.563759992461591 ], [ -99.239862522465685, 19.564071718561483 ], [ -99.238327326169966, 19.565146841742404 ], [ -99.238333175751578, 19.565275604771983 ], [ -99.238350361821077, 19.565415083725377 ], [ -99.238361911221148, 19.565570666462161 ], [ -99.238364954326201, 19.565715529533747 ], [ -99.237822153425569, 19.566121336867091 ], [ -99.237697644760971, 19.566134914502239 ], [ -99.237561728858182, 19.566089487140939 ], [ -99.237201788706955, 19.565743889142095 ], [ -99.237034607949781, 19.565607289843662 ], [ -99.236929507184598, 19.565344520869434 ], [ -99.236609676214854, 19.565389679224946 ], [ -99.236584296173305, 19.565393262720406 ], [ -99.236658475318521, 19.56519303074446 ], [ -99.236940480447046, 19.564671134903417 ], [ -99.237266466207601, 19.56424683704746 ], [ -99.238293417935225, 19.563505790141786 ], [ -99.239022559946761, 19.56297291125146 ], [ -99.23964103859592, 19.562408114941729 ], [ -99.239935167039164, 19.56213587587856 ], [ -99.240967410911139, 19.561019989302071 ], [ -99.241789875032694, 19.562157823673321 ], [ -99.241994095017986, 19.562440347806909 ] ] ] ] } },
{ "type": "Feature", "properties": { "ENTIDAD": 15, "MUNICIPIO": 13, "LN": 1818, "DISTRITO_F": 15, "DISTRITO_L": 16, "SECCION": "372" }, "geometry": { "type": "MultiPolygon", "coordinates": [ [ [ [ -99.242157332945325, 19.559980182579046 ], [ -99.242103702588309, 19.56001940321725 ], [ -99.241448904222324, 19.560498263709416 ], [ -99.240333124806682, 19.560392946446022 ], [ -99.2404659237327, 19.559963949204462 ], [ -99.236865279212253, 19.559616256541172 ], [ -99.236629138386448, 19.559585634047938 ], [ -99.236360353288774, 19.559545956293398 ], [ -99.236479097701817, 19.559481366355488 ], [ -99.237321752678625, 19.558837035507032 ], [ -99.238597212772788, 19.557875712628256 ], [ -99.239086840378079, 19.557972102229378 ], [ -99.239449473143324, 19.558052653591176 ], [ -99.239780987130445, 19.558126291851046 ], [ -99.240355168260763, 19.558281428856851 ], [ -99.24038745899179, 19.558290153370265 ], [ -99.240768898663859, 19.558389353386801 ], [ -99.241516710667128, 19.55858076930334 ], [ -99.241819178834788, 19.558666127383614 ], [ -99.242025002348043, 19.558536301759556 ], [ -99.24237265387697, 19.558532741365681 ], [ -99.243025591677551, 19.558638002381322 ], [ -99.24360112195653, 19.558724833177671 ], [ -99.244196342756297, 19.557608986313483 ], [ -99.245044014211061, 19.559008428262789 ], [ -99.245233591013985, 19.559240614070443 ], [ -99.245423168361157, 19.559472799667073 ], [ -99.246604640900202, 19.560919793000238 ], [ -99.245815436276359, 19.561746457506395 ], [ -99.24414123720436, 19.560938102995586 ], [ -99.243567452227097, 19.560663036297306 ], [ -99.242890862178115, 19.560338682321181 ], [ -99.242816287411401, 19.560302235402229 ], [ -99.242157332945325, 19.559980182579046 ] ] ] ] } },
{ "type": "Feature", "properties": { "ENTIDAD": 15, "MUNICIPIO": 13, "LN": 1029, "DISTRITO_F": 15, "DISTRITO_L": 16, "SECCION": "373" }, "geometry": { "type": "MultiPolygon", "coordinates": [ [ [ [ -99.248282735220727, 19.562122375830128 ], [ -99.247616209634444, 19.562019894099784 ], [ -99.247301049294137, 19.561671042127777 ], [ -99.247210459706594, 19.5615707678432 ], [ -99.246604640900202, 19.560919793000238 ], [ -99.245423168361157, 19.559472799667073 ], [ -99.245233591013985, 19.559240614070443 ], [ -99.245044014211061, 19.559008428262789 ], [ -99.244196342756297, 19.557608986313483 ], [ -99.244074531535958, 19.55741438012333 ], [ -99.243753982211373, 19.556943180737818 ], [ -99.244118819683152, 19.557001391562068 ], [ -99.244483657408125, 19.557059601646024 ], [ -99.244652075689544, 19.557090425100228 ], [ -99.245697035234272, 19.557196322667608 ], [ -99.246110365847443, 19.557228083989592 ], [ -99.24651414295505, 19.557255978498628 ], [ -99.247482681092862, 19.557334817671538 ], [ -99.248417299425327, 19.557395996796402 ], [ -99.248966761288557, 19.557474197901005 ], [ -99.249516223661445, 19.557552397327051 ], [ -99.249361422380503, 19.558135783569597 ], [ -99.249354538930348, 19.558161724535907 ], [ -99.249011310782393, 19.559365366223336 ], [ -99.248968923004242, 19.559531445328105 ], [ -99.248956112852994, 19.559581636578269 ], [ -99.248772764290493, 19.560221230653429 ], [ -99.248528043918029, 19.561074906429422 ], [ -99.24849255610583, 19.561212191597953 ], [ -99.248474426539644, 19.561294146164169 ], [ -99.248349885199772, 19.561817539733919 ], [ -99.248302406437972, 19.562017071608821 ], [ -99.248282735220727, 19.562122375830128 ] ] ] ] } },
{ "type": "Feature", "properties": { "ENTIDAD": 15, "MUNICIPIO": 13, "LN": 1686, "DISTRITO_F": 15, "DISTRITO_L": 16, "SECCION": "383" }, "geometry": { "type": "MultiPolygon", "coordinates": [ [ [ [ -99.244196342756297, 19.557608986313483 ], [ -99.24360112195653, 19.558724833177671 ], [ -99.243025591677551, 19.558638002381322 ], [ -99.24237265387697, 19.558532741365681 ], [ -99.242025002348043, 19.558536301759556 ], [ -99.241819178834788, 19.558666127383614 ], [ -99.241516710667128, 19.55858076930334 ], [ -99.240768898663859, 19.558389353386801 ], [ -99.24038745899179, 19.558290153370265 ], [ -99.240355168260763, 19.558281428856851 ], [ -99.239780987130445, 19.558126291851046 ], [ -99.239449473143324, 19.558052653591176 ], [ -99.239086840378079, 19.557972102229378 ], [ -99.238597212772788, 19.557875712628256 ], [ -99.237602045595253, 19.557688540877336 ], [ -99.236792692750754, 19.557435724362243 ], [ -99.237201385198418, 19.557177891205615 ], [ -99.237692223564309, 19.556861781410149 ], [ -99.238116888359968, 19.556585704226801 ], [ -99.238480820782371, 19.556339574794208 ], [ -99.238454275238752, 19.5561651633626 ], [ -99.238499106876105, 19.556004898190515 ], [ -99.238742963507462, 19.555830129440125 ], [ -99.239249474070604, 19.555494806581542 ], [ -99.239482755966847, 19.555789988338198 ], [ -99.239601427813511, 19.555708464410621 ], [ -99.240045792823395, 19.555419210275478 ], [ -99.240068058211918, 19.555404716828996 ], [ -99.240495798017974, 19.555137137719008 ], [ -99.240891825333506, 19.554873206257295 ], [ -99.241298716768611, 19.554616287246983 ], [ -99.241448769514619, 19.554502162436354 ], [ -99.241339604311705, 19.554331422002022 ], [ -99.241327993527605, 19.554100028896247 ], [ -99.241466641423628, 19.55389335585857 ], [ -99.241952045548132, 19.554522849610645 ], [ -99.24254659907912, 19.555308841211584 ], [ -99.243333051194469, 19.556333101039169 ], [ -99.243440323409573, 19.55648857741064 ], [ -99.243656627207912, 19.556802078997343 ], [ -99.243676138861503, 19.556830358290078 ], [ -99.243753982211373, 19.556943180737818 ], [ -99.244074531535958, 19.55741438012333 ], [ -99.244196342756297, 19.557608986313483 ] ] ] ] } },
{ "type": "Feature", "properties": { "ENTIDAD": 15, "MUNICIPIO": 13, "LN": 553, "DISTRITO_F": 15, "DISTRITO_L": 16, "SECCION": "384" }, "geometry": { "type": "MultiPolygon", "coordinates": [ [ [ [ -99.241448904222324, 19.560498263709416 ], [ -99.241329973456644, 19.560627132439642 ], [ -99.240967410911139, 19.561019989302071 ], [ -99.239935167039164, 19.56213587587856 ], [ -99.23964103859592, 19.562408114941729 ], [ -99.239320595080713, 19.562046765768642 ], [ -99.24024701653903, 19.560424267012284 ], [ -99.239723211582586, 19.560366755982773 ], [ -99.239191200695018, 19.560317067247379 ], [ -99.238642846255587, 19.56027124933831 ], [ -99.238621368388294, 19.56026913733109 ], [ -99.236813596693906, 19.560091362328386 ], [ -99.236865279212253, 19.559616256541172 ], [ -99.2404659237327, 19.559963949204462 ], [ -99.240333124806682, 19.560392946446022 ], [ -99.241448904222324, 19.560498263709416 ] ] ] ] } },
{ "type": "Feature", "properties": { "ENTIDAD": 15, "MUNICIPIO": 13, "LN": 1120, "DISTRITO_F": 15, "DISTRITO_L": 16, "SECCION": "385" }, "geometry": { "type": "MultiPolygon", "coordinates": [ [ [ [ -99.238293417935225, 19.563505790141786 ], [ -99.237569454691183, 19.563088069191675 ], [ -99.237520519567298, 19.563062932886506 ], [ -99.237762583996584, 19.562688798833101 ], [ -99.238367383265029, 19.561696036384014 ], [ -99.238403443304009, 19.561636844310819 ], [ -99.237977602855992, 19.561431838661132 ], [ -99.238398648369085, 19.56064685355458 ], [ -99.236781457675988, 19.560498660972229 ], [ -99.236813596693906, 19.560091362328386 ], [ -99.238621368388294, 19.56026913733109 ], [ -99.238642846255587, 19.56027124933831 ], [ -99.239191200695018, 19.560317067247379 ], [ -99.239723211582586, 19.560366755982773 ], [ -99.24024701653903, 19.560424267012284 ], [ -99.239320595080713, 19.562046765768642 ], [ -99.23964103859592, 19.562408114941729 ], [ -99.239022559946761, 19.56297291125146 ], [ -99.238293417935225, 19.563505790141786 ] ] ] ] } },
{ "type": "Feature", "properties": { "ENTIDAD": 15, "MUNICIPIO": 13, "LN": 2206, "DISTRITO_F": 15, "DISTRITO_L": 16, "SECCION": "386" }, "geometry": { "type": "MultiPolygon", "coordinates": [ [ [ [ -99.238403443304009, 19.561636844310819 ], [ -99.238367383265029, 19.561696036384014 ], [ -99.237762583996584, 19.562688798833101 ], [ -99.237520519567298, 19.563062932886506 ], [ -99.2371175698716, 19.562855950555118 ], [ -99.236858554365242, 19.562606955463185 ], [ -99.236608422645716, 19.562436904472893 ], [ -99.236119695931663, 19.562304061662058 ], [ -99.235629323411189, 19.562228909921931 ], [ -99.235259195808339, 19.562187591910956 ], [ -99.235024751069034, 19.562821830606385 ], [ -99.23476852571541, 19.563338151170669 ], [ -99.23412730080301, 19.563218499682506 ], [ -99.233533088021275, 19.563124977334898 ], [ -99.233660986844868, 19.562545909326058 ], [ -99.233788884777923, 19.561966841198796 ], [ -99.233205640970283, 19.561838772406276 ], [ -99.233135370588045, 19.5618237290449 ], [ -99.232723263364477, 19.561735505237703 ], [ -99.232753628627307, 19.56151106438552 ], [ -99.232700819295189, 19.561369842500476 ], [ -99.232017215875146, 19.560644195723093 ], [ -99.231260820144868, 19.559908925990651 ], [ -99.230944763326264, 19.559614283793511 ], [ -99.230834700294906, 19.559286133056016 ], [ -99.230746577753067, 19.558871036299802 ], [ -99.230675712586105, 19.558463529669211 ], [ -99.229676810869179, 19.558507506035095 ], [ -99.229938254534844, 19.557728464469246 ], [ -99.230176940251056, 19.557007327675482 ], [ -99.23020848861664, 19.556912515727689 ], [ -99.230468507749734, 19.55622889855584 ], [ -99.230997913066702, 19.556319155520804 ], [ -99.230918166387099, 19.55662665096478 ], [ -99.230979705964657, 19.55674293133367 ], [ -99.231262391125455, 19.556998559463352 ], [ -99.231835614825329, 19.557277086133368 ], [ -99.231410413581187, 19.557506471091124 ], [ -99.23109540873746, 19.557541782263641 ], [ -99.230886846574904, 19.557619621797109 ], [ -99.230735688278088, 19.557782717725946 ], [ -99.231284375146743, 19.558069034730959 ], [ -99.231957939333725, 19.558411429860595 ], [ -99.232293268423248, 19.558647099263212 ], [ -99.232341297241192, 19.558692504175106 ], [ -99.23242285448093, 19.558769605698437 ], [ -99.232764963500955, 19.559087213011896 ], [ -99.232941263964321, 19.559337157559096 ], [ -99.233629177274494, 19.559693103032036 ], [ -99.234618087359522, 19.560225132767009 ], [ -99.235099270709796, 19.560507647045348 ], [ -99.234639513532585, 19.560894169214205 ], [ -99.234424843006195, 19.562025839465274 ], [ -99.234523450066661, 19.562037570714665 ], [ -99.235118668760094, 19.562108382504732 ], [ -99.235669662611855, 19.562108466561419 ], [ -99.235839340841437, 19.561551973398576 ], [ -99.23631419488602, 19.561698740466067 ], [ -99.236768591149328, 19.561845533107252 ], [ -99.237621937485741, 19.561995678527065 ], [ -99.237977602855992, 19.561431838661132 ], [ -99.238403443304009, 19.561636844310819 ] ] ] ] } },
{ "type": "Feature", "properties": { "ENTIDAD": 15, "MUNICIPIO": 13, "LN": 1421, "DISTRITO_F": 15, "DISTRITO_L": 16, "SECCION": "387" }, "geometry": { "type": "MultiPolygon", "coordinates": [ [ [ [ -99.229188365358624, 19.56069281946106 ], [ -99.229609645885162, 19.560995642083938 ], [ -99.229684271773365, 19.561066192151777 ], [ -99.229653678771669, 19.561132720481201 ], [ -99.229517813834661, 19.561157826794851 ], [ -99.229290621129593, 19.561130029756999 ], [ -99.228711039528108, 19.561059116581017 ], [ -99.228647417678005, 19.561019719082992 ], [ -99.228583795858682, 19.560980321562017 ], [ -99.228539705370594, 19.560801687081749 ], [ -99.228670629806359, 19.560381806852806 ], [ -99.22868181191734, 19.56034700464711 ], [ -99.228980522901907, 19.559417317472427 ], [ -99.228965114975892, 19.559371625534613 ], [ -99.228957411016196, 19.559348779565099 ], [ -99.228949707058689, 19.559325933595186 ], [ -99.228915710392855, 19.559310393245017 ], [ -99.228881713733458, 19.559294852888293 ], [ -99.22826584136682, 19.55933511070349 ], [ -99.228168776416496, 19.559623348280414 ], [ -99.227859837876252, 19.56054074438115 ], [ -99.227822782227733, 19.560688314545985 ], [ -99.227833858622688, 19.56077141234055 ], [ -99.227839396824606, 19.560812961237335 ], [ -99.227844935029466, 19.560854510133634 ], [ -99.228069301195319, 19.561415231259396 ], [ -99.228034317734327, 19.561477609276693 ], [ -99.227845699658943, 19.561398891256474 ], [ -99.22756479868022, 19.561162377026786 ], [ -99.22717237910058, 19.560652061160479 ], [ -99.22706832951252, 19.560547693540052 ], [ -99.227033439068236, 19.560512696407461 ], [ -99.226822827758923, 19.560379982295345 ], [ -99.226654447200033, 19.560334424077226 ], [ -99.226611522508861, 19.560322810044106 ], [ -99.226004928403242, 19.560158684024252 ], [ -99.226273012502531, 19.560495062636875 ], [ -99.226313926582208, 19.560546399431733 ], [ -99.227146772473418, 19.561615862631712 ], [ -99.227175227330278, 19.561675760745437 ], [ -99.227242598956195, 19.561835835801062 ], [ -99.226700532667692, 19.561504319995667 ], [ -99.226105528775165, 19.561140425251423 ], [ -99.226073938007559, 19.561121104748224 ], [ -99.226042347247443, 19.561101784239312 ], [ -99.223859956429649, 19.560605750532368 ], [ -99.223575266226575, 19.560540622662408 ], [ -99.223246355766065, 19.560467691349402 ], [ -99.222871305695207, 19.560429947358585 ], [ -99.222591377040246, 19.560437336579223 ], [ -99.222282184253302, 19.560477414178166 ], [ -99.221934368810849, 19.560541967435125 ], [ -99.221902746214425, 19.560551913323714 ], [ -99.221213099687162, 19.5607688181721 ], [ -99.221121492914037, 19.56071426378519 ], [ -99.220835879636326, 19.560531100145393 ], [ -99.220533796196776, 19.560363648287762 ], [ -99.219921081658669, 19.560066194669481 ], [ -99.219240203908683, 19.559709096155316 ], [ -99.219291868856956, 19.559571699991473 ], [ -99.219380616871348, 19.559335685696023 ], [ -99.219229911906012, 19.559249434253477 ], [ -99.219291775579222, 19.559080157618578 ], [ -99.219375348534101, 19.559067156808293 ], [ -99.220030282034116, 19.559377816124201 ], [ -99.220693798558315, 19.559898898784354 ], [ -99.221740524097768, 19.559272463513039 ], [ -99.220618696580587, 19.558879401586129 ], [ -99.220526145111236, 19.55885386951546 ], [ -99.220363199066441, 19.558775700103734 ], [ -99.220658687066049, 19.558230608808625 ], [ -99.22114768603457, 19.558024479756885 ], [ -99.221566544550356, 19.557716967734351 ], [ -99.221421487647774, 19.557635942285625 ], [ -99.221276430889262, 19.55755491671826 ], [ -99.221491641665594, 19.557329399267321 ], [ -99.222270865079722, 19.557359872437356 ], [ -99.224758851986024, 19.558252568180052 ], [ -99.225086828576408, 19.558186890369484 ], [ -99.225146586828259, 19.558174923618843 ], [ -99.22517646595081, 19.558168940236225 ], [ -99.225206345071115, 19.558162956848683 ], [ -99.226094827124058, 19.557783720121446 ], [ -99.226364151914538, 19.557598768791244 ], [ -99.226986105151795, 19.557187175910002 ], [ -99.227650273280346, 19.556635886452959 ], [ -99.227862815772511, 19.55647817240234 ], [ -99.227953714929498, 19.556419102653884 ], [ -99.22813215247723, 19.556303146853459 ], [ -99.228210795635292, 19.556171143792643 ], [ -99.228430141717254, 19.55600676145324 ], [ -99.228587349855943, 19.555873937218085 ], [ -99.228689396562984, 19.55571377567075 ], [ -99.228764748801964, 19.555477536071898 ], [ -99.228942029423791, 19.555579948244556 ], [ -99.22919332541349, 19.555964102548163 ], [ -99.23006147547126, 19.556156024157456 ], [ -99.230151203000389, 19.556175859924107 ], [ -99.230468507749734, 19.55622889855584 ], [ -99.23020848861664, 19.556912515727689 ], [ -99.230176940251056, 19.557007327675482 ], [ -99.229938254534844, 19.557728464469246 ], [ -99.229676810869179, 19.558507506035095 ], [ -99.229510578522124, 19.55914237555676 ], [ -99.229559641459659, 19.559736562385101 ], [ -99.229419869854681, 19.560098276266917 ], [ -99.229188365358624, 19.56069281946106 ] ] ] ] } },
{ "type": "Feature", "properties": { "ENTIDAD": 15, "MUNICIPIO": 13, "LN": 1681, "DISTRITO_F": 15, "DISTRITO_L": 16, "SECCION": "388" }, "geometry": { "type": "MultiPolygon", "coordinates": [ [ [ [ -99.233825189438335, 19.559136965612279 ], [ -99.233615572384295, 19.559160249200826 ], [ -99.233575213927963, 19.559182635941031 ], [ -99.233445645725766, 19.55919556610581 ], [ -99.232764963500955, 19.559087213011896 ], [ -99.23242285448093, 19.558769605698437 ], [ -99.232341297241192, 19.558692504175106 ], [ -99.232293268423248, 19.558647099263212 ], [ -99.231957939333725, 19.558411429860595 ], [ -99.231284375146743, 19.558069034730959 ], [ -99.230735688278088, 19.557782717725946 ], [ -99.230886846574904, 19.557619621797109 ], [ -99.23109540873746, 19.557541782263641 ], [ -99.231410413581187, 19.557506471091124 ], [ -99.231835614825329, 19.557277086133368 ], [ -99.231262391125455, 19.556998559463352 ], [ -99.230979705964657, 19.55674293133367 ], [ -99.230918166387099, 19.55662665096478 ], [ -99.230997913066702, 19.556319155520804 ], [ -99.231236465718098, 19.556226364092442 ], [ -99.231551220938215, 19.556083429043131 ], [ -99.231836835859056, 19.555953726347607 ], [ -99.232430847652964, 19.555683973168616 ], [ -99.232775167509075, 19.556385472044504 ], [ -99.233367626470752, 19.556435757658509 ], [ -99.233599877780975, 19.556441838634139 ], [ -99.233869185405368, 19.556470205847763 ], [ -99.234468256757538, 19.556437522460751 ], [ -99.234656729262994, 19.556427705684921 ], [ -99.235043817898571, 19.556439964807904 ], [ -99.234852381361236, 19.556727372111883 ], [ -99.234614274532532, 19.557327523225453 ], [ -99.234554487279269, 19.557879582740835 ], [ -99.234602647365151, 19.558597415572947 ], [ -99.234550527247805, 19.558704831793975 ], [ -99.234238483703294, 19.558890738318798 ], [ -99.234026265782362, 19.559017171071517 ], [ -99.233825189438335, 19.559136965612279 ] ] ] ] } },
{ "type": "Feature", "properties": { "ENTIDAD": 15, "MUNICIPIO": 13, "LN": 1086, "DISTRITO_F": 15, "DISTRITO_L": 16, "SECCION": "389" }, "geometry": { "type": "MultiPolygon", "coordinates": [ [ [ [ -99.237621937485741, 19.561995678527065 ], [ -99.236768591149328, 19.561845533107252 ], [ -99.23631419488602, 19.561698740466067 ], [ -99.235839340841437, 19.561551973398576 ], [ -99.235669662611855, 19.562108466561419 ], [ -99.235118668760094, 19.562108382504732 ], [ -99.234523450066661, 19.562037570714665 ], [ -99.234424843006195, 19.562025839465274 ], [ -99.234639513532585, 19.560894169214205 ], [ -99.235099270709796, 19.560507647045348 ], [ -99.234618087359522, 19.560225132767009 ], [ -99.233629177274494, 19.559693103032036 ], [ -99.232941263964321, 19.559337157559096 ], [ -99.232764963500955, 19.559087213011896 ], [ -99.233445645725766, 19.55919556610581 ], [ -99.233575213927963, 19.559182635941031 ], [ -99.233615572384295, 19.559160249200826 ], [ -99.233825189438335, 19.559136965612279 ], [ -99.234026265782362, 19.559017171071517 ], [ -99.234238483703294, 19.558890738318798 ], [ -99.234550527247805, 19.558704831793975 ], [ -99.234602647365151, 19.558597415572947 ], [ -99.234554487279269, 19.557879582740835 ], [ -99.234614274532532, 19.557327523225453 ], [ -99.234852381361236, 19.556727372111883 ], [ -99.235043817898571, 19.556439964807904 ], [ -99.235353628830239, 19.556465710115123 ], [ -99.235685411290206, 19.556512730487185 ], [ -99.235900754520344, 19.556381821507721 ], [ -99.236608816894091, 19.557338831958411 ], [ -99.236792692750754, 19.557435724362243 ], [ -99.237602045595253, 19.557688540877336 ], [ -99.238597212772788, 19.557875712628256 ], [ -99.237321752678625, 19.558837035507032 ], [ -99.236479097701817, 19.559481366355488 ], [ -99.236360353288774, 19.559545956293398 ], [ -99.236629138386448, 19.559585634047938 ], [ -99.236865279212253, 19.559616256541172 ], [ -99.236813596693906, 19.560091362328386 ], [ -99.236781457675988, 19.560498660972229 ], [ -99.238398648369085, 19.56064685355458 ], [ -99.237977602855992, 19.561431838661132 ], [ -99.237621937485741, 19.561995678527065 ] ] ] ] } },
{ "type": "Feature", "properties": { "ENTIDAD": 15, "MUNICIPIO": 13, "LN": 1531, "DISTRITO_F": 15, "DISTRITO_L": 16, "SECCION": "390" }, "geometry": { "type": "MultiPolygon", "coordinates": [ [ [ [ -99.240431287750525, 19.552016276841673 ], [ -99.240552292668738, 19.552223687090734 ], [ -99.240968098569041, 19.552982984491457 ], [ -99.241466641423628, 19.55389335585857 ], [ -99.241327993527605, 19.554100028896247 ], [ -99.241339604311705, 19.554331422002022 ], [ -99.241448769514619, 19.554502162436354 ], [ -99.241298716768611, 19.554616287246983 ], [ -99.240891825333506, 19.554873206257295 ], [ -99.240495798017974, 19.555137137719008 ], [ -99.240068058211918, 19.555404716828996 ], [ -99.240045792823395, 19.555419210275478 ], [ -99.239601427813511, 19.555708464410621 ], [ -99.239482755966847, 19.555789988338198 ], [ -99.239249474070604, 19.555494806581542 ], [ -99.238742963507462, 19.555830129440125 ], [ -99.238499106876105, 19.556004898190515 ], [ -99.238454275238752, 19.5561651633626 ], [ -99.238480820782371, 19.556339574794208 ], [ -99.238116888359968, 19.556585704226801 ], [ -99.237692223564309, 19.556861781410149 ], [ -99.237201385198418, 19.557177891205615 ], [ -99.236792692750754, 19.557435724362243 ], [ -99.236608816894091, 19.557338831958411 ], [ -99.235900754520344, 19.556381821507721 ], [ -99.23567673204613, 19.556075112891765 ], [ -99.23564290295829, 19.555563798764648 ], [ -99.235608425862878, 19.555053809315307 ], [ -99.236026758579555, 19.555102241887987 ], [ -99.236440170613463, 19.555153113419532 ], [ -99.236853582895804, 19.555203984001615 ], [ -99.237218245341893, 19.555245541074548 ], [ -99.237250245280592, 19.555247116823324 ], [ -99.237573138725196, 19.555263016502558 ], [ -99.237597535007993, 19.555264217782582 ], [ -99.238033599611953, 19.554964933161944 ], [ -99.238516110662644, 19.554636204806521 ], [ -99.238642742158959, 19.554685006407919 ], [ -99.238845506539505, 19.554560711664049 ], [ -99.238795616396445, 19.554429573403308 ], [ -99.239192181268422, 19.554204384184096 ], [ -99.239594699358889, 19.553929624696437 ], [ -99.238896000254329, 19.553024625491652 ], [ -99.239306260790173, 19.552747407945656 ], [ -99.239708785948878, 19.552479993522706 ], [ -99.240431287750525, 19.552016276841673 ] ] ] ] } },
{ "type": "Feature", "properties": { "ENTIDAD": 15, "MUNICIPIO": 13, "LN": 1829, "DISTRITO_F": 15, "DISTRITO_L": 16, "SECCION": "392" }, "geometry": { "type": "MultiPolygon", "coordinates": [ [ [ [ -99.240431287750525, 19.552016276841673 ], [ -99.239708785948878, 19.552479993522706 ], [ -99.239306260790173, 19.552747407945656 ], [ -99.238896000254329, 19.553024625491652 ], [ -99.239594699358889, 19.553929624696437 ], [ -99.239192181268422, 19.554204384184096 ], [ -99.238795616396445, 19.554429573403308 ], [ -99.238845506539505, 19.554560711664049 ], [ -99.238642742158959, 19.554685006407919 ], [ -99.238516110662644, 19.554636204806521 ], [ -99.238033599611953, 19.554964933161944 ], [ -99.237597535007993, 19.555264217782582 ], [ -99.237573138725196, 19.555263016502558 ], [ -99.237250245280592, 19.555247116823324 ], [ -99.237218245341893, 19.555245541074548 ], [ -99.236853582895804, 19.555203984001615 ], [ -99.236440170613463, 19.555153113419532 ], [ -99.236026758579555, 19.555102241887987 ], [ -99.235608425862878, 19.555053809315307 ], [ -99.235579582592138, 19.554756360797807 ], [ -99.235519484115798, 19.554278992263974 ], [ -99.235515564678622, 19.554243703122594 ], [ -99.235495744318357, 19.554078905380422 ], [ -99.235448578846061, 19.553792366073385 ], [ -99.235443405898792, 19.553468655856197 ], [ -99.235400492672341, 19.553264266549505 ], [ -99.235306851128811, 19.552983916519562 ], [ -99.235109603104902, 19.552350803461685 ], [ -99.234952902938531, 19.551847198973775 ], [ -99.234791696749724, 19.551413742694475 ], [ -99.234729914324305, 19.551247619494493 ], [ -99.235990121619167, 19.551111312657284 ], [ -99.236077369789967, 19.551102108250678 ], [ -99.236195269309249, 19.551089670154933 ], [ -99.236225119958462, 19.551086520975844 ], [ -99.239515038216993, 19.550705127220223 ], [ -99.239639272119376, 19.550881250552226 ], [ -99.239763506292618, 19.551057373792471 ], [ -99.24018139925748, 19.551657450256421 ], [ -99.240306343365233, 19.551836863595536 ], [ -99.240431287750525, 19.552016276841673 ] ] ] ] } },
{ "type": "Feature", "properties": { "ENTIDAD": 15, "MUNICIPIO": 13, "LN": 3063, "DISTRITO_F": 15, "DISTRITO_L": 16, "SECCION": "393" }, "geometry": { "type": "MultiPolygon", "coordinates": [ [ [ [ -99.235900754520344, 19.556381821507721 ], [ -99.235685411290206, 19.556512730487185 ], [ -99.235353628830239, 19.556465710115123 ], [ -99.235043817898571, 19.556439964807904 ], [ -99.234656729262994, 19.556427705684921 ], [ -99.234468256757538, 19.556437522460751 ], [ -99.233869185405368, 19.556470205847763 ], [ -99.233599877780975, 19.556441838634139 ], [ -99.233415464642022, 19.556061652804644 ], [ -99.233292809693822, 19.555808786447574 ], [ -99.233245707438357, 19.555711679849633 ], [ -99.234136563008235, 19.555307913668834 ], [ -99.233975917426662, 19.554955545695766 ], [ -99.23344366571159, 19.553901856355093 ], [ -99.233434558555942, 19.553883826944073 ], [ -99.233423860251207, 19.553857987188827 ], [ -99.233100212194785, 19.553076271521331 ], [ -99.232980878617994, 19.552711606974956 ], [ -99.232426633964764, 19.551649695219908 ], [ -99.232126286762934, 19.551131010720756 ], [ -99.23203728303919, 19.550969826929233 ], [ -99.231835786854688, 19.550630261077046 ], [ -99.231522997920194, 19.550081401171511 ], [ -99.231309642487858, 19.549560129663153 ], [ -99.231529852174489, 19.549454589796955 ], [ -99.231914414855737, 19.549265565957405 ], [ -99.232155375153468, 19.549799017980749 ], [ -99.232437633468834, 19.550312828914663 ], [ -99.233057436772853, 19.550053807788885 ], [ -99.233617240952512, 19.54980937528785 ], [ -99.234022559439708, 19.549686428211057 ], [ -99.234071979220133, 19.549675101718741 ], [ -99.234364414669685, 19.550329926554213 ], [ -99.234477145781128, 19.550592988292518 ], [ -99.234589877262081, 19.550856049949047 ], [ -99.234600049376994, 19.550884493134131 ], [ -99.234610221495515, 19.550912936318483 ], [ -99.234654060244779, 19.551035517702648 ], [ -99.234729914324305, 19.551247619494493 ], [ -99.234791696749724, 19.551413742694475 ], [ -99.234952902938531, 19.551847198973775 ], [ -99.235109603104902, 19.552350803461685 ], [ -99.235306851128811, 19.552983916519562 ], [ -99.235400492672341, 19.553264266549505 ], [ -99.235443405898792, 19.553468655856197 ], [ -99.235448578846061, 19.553792366073385 ], [ -99.235495744318357, 19.554078905380422 ], [ -99.235515564678622, 19.554243703122594 ], [ -99.235519484115798, 19.554278992263974 ], [ -99.235579582592138, 19.554756360797807 ], [ -99.235608425862878, 19.555053809315307 ], [ -99.23564290295829, 19.555563798764648 ], [ -99.23567673204613, 19.556075112891765 ], [ -99.235900754520344, 19.556381821507721 ] ] ] ] } },
{ "type": "Feature", "properties": { "ENTIDAD": 15, "MUNICIPIO": 13, "LN": 2366, "DISTRITO_F": 15, "DISTRITO_L": 16, "SECCION": "394" }, "geometry": { "type": "MultiPolygon", "coordinates": [ [ [ [ -99.22808265469294, 19.55583225989345 ], [ -99.227895422418129, 19.555832496295164 ], [ -99.227783467173808, 19.55570813099445 ], [ -99.227756569562587, 19.555571161732498 ], [ -99.227744585961645, 19.555467374774413 ], [ -99.227611405600186, 19.55546473723594 ], [ -99.227613310473117, 19.555433809381466 ], [ -99.227593247564457, 19.554741766536385 ], [ -99.227726580699169, 19.554733859346051 ], [ -99.227401695099644, 19.552173710661847 ], [ -99.227465555168976, 19.55215131486548 ], [ -99.22791850818686, 19.552683788644938 ], [ -99.228637604201481, 19.553444346727744 ], [ -99.229145771643502, 19.552983394599423 ], [ -99.229986642341501, 19.553889813309794 ], [ -99.230416242052826, 19.554605098220836 ], [ -99.231038374429744, 19.554369232252149 ], [ -99.231691971751545, 19.554137412564366 ], [ -99.232145860148734, 19.553980977606628 ], [ -99.23220290679042, 19.55413760482935 ], [ -99.232858603780898, 19.553896812771892 ], [ -99.232749113334947, 19.553191801353531 ], [ -99.233100212194785, 19.553076271521331 ], [ -99.233423860251207, 19.553857987188827 ], [ -99.233434558555942, 19.553883826944073 ], [ -99.23344366571159, 19.553901856355093 ], [ -99.233975917426662, 19.554955545695766 ], [ -99.234136563008235, 19.555307913668834 ], [ -99.233245707438357, 19.555711679849633 ], [ -99.233292809693822, 19.555808786447574 ], [ -99.233415464642022, 19.556061652804644 ], [ -99.233599877780975, 19.556441838634139 ], [ -99.233367626470752, 19.556435757658509 ], [ -99.232775167509075, 19.556385472044504 ], [ -99.232430847652964, 19.555683973168616 ], [ -99.231836835859056, 19.555953726347607 ], [ -99.231551220938215, 19.556083429043131 ], [ -99.231236465718098, 19.556226364092442 ], [ -99.230997913066702, 19.556319155520804 ], [ -99.230468507749734, 19.55622889855584 ], [ -99.230151203000389, 19.556175859924107 ], [ -99.23006147547126, 19.556156024157456 ], [ -99.22919332541349, 19.555964102548163 ], [ -99.228942029423791, 19.555579948244556 ], [ -99.228764748801964, 19.555477536071898 ], [ -99.228689396562984, 19.55571377567075 ], [ -99.228587349855943, 19.555873937218085 ], [ -99.228430141717254, 19.55600676145324 ], [ -99.228398419635525, 19.555921304656199 ], [ -99.228306338615042, 19.55591939671179 ], [ -99.228211336349901, 19.555927464032376 ], [ -99.228096738966627, 19.55591171437521 ], [ -99.22808265469294, 19.55583225989345 ] ] ] ] } },
{ "type": "Feature", "properties": { "ENTIDAD": 15, "MUNICIPIO": 13, "LN": 3753, "DISTRITO_F": 15, "DISTRITO_L": 16, "SECCION": "395" }, "geometry": { "type": "MultiPolygon", "coordinates": [ [ [ [ -99.230249196323697, 19.546823111639295 ], [ -99.230578195989764, 19.546589190798368 ], [ -99.230587285994133, 19.546693404709988 ], [ -99.231003332782265, 19.547436953481256 ], [ -99.231375646449095, 19.548183186999594 ], [ -99.231914414855737, 19.549265565957405 ], [ -99.231529852174489, 19.549454589796955 ], [ -99.231309642487858, 19.549560129663153 ], [ -99.231522997920194, 19.550081401171511 ], [ -99.231835786854688, 19.550630261077046 ], [ -99.23203728303919, 19.550969826929233 ], [ -99.232126286762934, 19.551131010720756 ], [ -99.232426633964764, 19.551649695219908 ], [ -99.232980878617994, 19.552711606974956 ], [ -99.233100212194785, 19.553076271521331 ], [ -99.232749113334947, 19.553191801353531 ], [ -99.232858603780898, 19.553896812771892 ], [ -99.23220290679042, 19.55413760482935 ], [ -99.232145860148734, 19.553980977606628 ], [ -99.231691971751545, 19.554137412564366 ], [ -99.231038374429744, 19.554369232252149 ], [ -99.230416242052826, 19.554605098220836 ], [ -99.229986642341501, 19.553889813309794 ], [ -99.229145771643502, 19.552983394599423 ], [ -99.228637604201481, 19.553444346727744 ], [ -99.22791850818686, 19.552683788644938 ], [ -99.227465555168976, 19.55215131486548 ], [ -99.227401695099644, 19.552173710661847 ], [ -99.227102594818462, 19.550805833813197 ], [ -99.226769515653714, 19.549420850386209 ], [ -99.226646757140031, 19.548910399333828 ], [ -99.226443813898356, 19.548986441284473 ], [ -99.226395486135047, 19.548687698940679 ], [ -99.225604904676104, 19.546564029471437 ], [ -99.226060530397561, 19.546190905343874 ], [ -99.226697242803354, 19.54602434972249 ], [ -99.22695535877611, 19.54602994553878 ], [ -99.226983397872885, 19.546730433925784 ], [ -99.227097296403244, 19.547021248753474 ], [ -99.227503262223749, 19.547846670971886 ], [ -99.227944290364448, 19.547662597545738 ], [ -99.227751994646624, 19.547096501380732 ], [ -99.228128559749081, 19.546959868111742 ], [ -99.228205723207964, 19.547064355846953 ], [ -99.228427141630831, 19.547141209703831 ], [ -99.228768413907062, 19.547259660451136 ], [ -99.229271988830277, 19.547433987086361 ], [ -99.229639504326869, 19.54678627603003 ], [ -99.229739277072326, 19.546798066474921 ], [ -99.229759452211297, 19.54680045062474 ], [ -99.230151645709228, 19.546846796711026 ], [ -99.230249196323697, 19.546823111639295 ] ] ] ] } },
{ "type": "Feature", "properties": { "ENTIDAD": 15, "MUNICIPIO": 13, "LN": 2309, "DISTRITO_F": 15, "DISTRITO_L": 16, "SECCION": "396" }, "geometry": { "type": "MultiPolygon", "coordinates": [ [ [ [ -99.231020081334506, 19.544980000526994 ], [ -99.231201672371455, 19.544981809513793 ], [ -99.231526752973437, 19.545404631173444 ], [ -99.231847983600602, 19.54584461685598 ], [ -99.232149964102746, 19.546282249810577 ], [ -99.232343818113989, 19.546563315972708 ], [ -99.231959021463865, 19.54648247862583 ], [ -99.23182162687992, 19.546477558461884 ], [ -99.231801861901275, 19.546476850660195 ], [ -99.231322466514101, 19.546459682414596 ], [ -99.230863817136907, 19.54651754636923 ], [ -99.23075523304891, 19.546531245338841 ], [ -99.230578195989764, 19.546589190798368 ], [ -99.230249196323697, 19.546823111639295 ], [ -99.230151645709228, 19.546846796711026 ], [ -99.229759452211297, 19.54680045062474 ], [ -99.229739277072326, 19.546798066474921 ], [ -99.229639504326869, 19.54678627603003 ], [ -99.229271988830277, 19.547433987086361 ], [ -99.228768413907062, 19.547259660451136 ], [ -99.228427141630831, 19.547141209703831 ], [ -99.228205723207964, 19.547064355846953 ], [ -99.228128559749081, 19.546959868111742 ], [ -99.227751994646624, 19.547096501380732 ], [ -99.227944290364448, 19.547662597545738 ], [ -99.227503262223749, 19.547846670971886 ], [ -99.227097296403244, 19.547021248753474 ], [ -99.226983397872885, 19.546730433925784 ], [ -99.22695535877611, 19.54602994553878 ], [ -99.226697242803354, 19.54602434972249 ], [ -99.226060530397561, 19.546190905343874 ], [ -99.225604904676104, 19.546564029471437 ], [ -99.225457786419923, 19.546682021682997 ], [ -99.22536113565512, 19.546684323926836 ], [ -99.224693447152788, 19.546456083520528 ], [ -99.224573783729596, 19.546458413965166 ], [ -99.224559891568902, 19.546397345324671 ], [ -99.224545999418908, 19.546336276682606 ], [ -99.224672472987308, 19.546266306956948 ], [ -99.22451322341405, 19.545932714068982 ], [ -99.224763533327845, 19.54555061583525 ], [ -99.225144693175224, 19.544937100386758 ], [ -99.225273563516168, 19.544936939732647 ], [ -99.225754532094314, 19.544940702608852 ], [ -99.226421917629807, 19.544955138854331 ], [ -99.226755630236667, 19.54497653668556 ], [ -99.227114644540862, 19.54498917553353 ], [ -99.227616297044037, 19.544973272689575 ], [ -99.227715263300254, 19.544981874527441 ], [ -99.228088042300897, 19.544963951134704 ], [ -99.22837804658559, 19.544996309344221 ], [ -99.228608135364141, 19.544969838649909 ], [ -99.229432012735174, 19.544988428949811 ], [ -99.229710455465323, 19.544981530191283 ], [ -99.230138504535589, 19.544991893593636 ], [ -99.230619445354463, 19.544976008796542 ], [ -99.231020081334506, 19.544980000526994 ] ] ] ] } },
{ "type": "Feature", "properties": { "ENTIDAD": 15, "MUNICIPIO": 13, "LN": 2041, "DISTRITO_F": 15, "DISTRITO_L": 16, "SECCION": "397" }, "geometry": { "type": "MultiPolygon", "coordinates": [ [ [ [ -99.233617240952512, 19.54980937528785 ], [ -99.233057436772853, 19.550053807788885 ], [ -99.232437633468834, 19.550312828914663 ], [ -99.232155375153468, 19.549799017980749 ], [ -99.231914414855737, 19.549265565957405 ], [ -99.231375646449095, 19.548183186999594 ], [ -99.231003332782265, 19.547436953481256 ], [ -99.230587285994133, 19.546693404709988 ], [ -99.230578195989764, 19.546589190798368 ], [ -99.23075523304891, 19.546531245338841 ], [ -99.230863817136907, 19.54651754636923 ], [ -99.231322466514101, 19.546459682414596 ], [ -99.231801861901275, 19.546476850660195 ], [ -99.23182162687992, 19.546477558461884 ], [ -99.231959021463865, 19.54648247862583 ], [ -99.232343818113989, 19.546563315972708 ], [ -99.232149964102746, 19.546282249810577 ], [ -99.231847983600602, 19.54584461685598 ], [ -99.231526752973437, 19.545404631173444 ], [ -99.231201672371455, 19.544981809513793 ], [ -99.231146693730878, 19.544921098091208 ], [ -99.231277297525864, 19.544634040345674 ], [ -99.231739339859828, 19.543853245758484 ], [ -99.231754775756457, 19.543803921560311 ], [ -99.231857642144732, 19.543998288608037 ], [ -99.231631324554286, 19.544451656150965 ], [ -99.232087031429032, 19.544403839301143 ], [ -99.232773380389062, 19.544346977610804 ], [ -99.233107330995381, 19.54432030702403 ], [ -99.234336158977925, 19.544248743956285 ], [ -99.234509553219496, 19.54420828430888 ], [ -99.234647817087065, 19.544118888813305 ], [ -99.235132244313874, 19.544791752007001 ], [ -99.235435291160059, 19.545225429309795 ], [ -99.23344798530826, 19.545306309111712 ], [ -99.232554982572935, 19.545339270582929 ], [ -99.232818921397552, 19.545806288292983 ], [ -99.233232490558919, 19.546221727580161 ], [ -99.233356709439931, 19.546449128721402 ], [ -99.23339821930179, 19.546879501343728 ], [ -99.233355415653463, 19.547344695206448 ], [ -99.233402958964334, 19.548098278416877 ], [ -99.233568769566361, 19.548528718131628 ], [ -99.233605186889136, 19.54872442286819 ], [ -99.232905787969244, 19.548784051611953 ], [ -99.233617240952512, 19.54980937528785 ] ] ] ] } },
{ "type": "Feature", "properties": { "ENTIDAD": 15, "MUNICIPIO": 13, "LN": 2698, "DISTRITO_F": 15, "DISTRITO_L": 16, "SECCION": "398" }, "geometry": { "type": "MultiPolygon", "coordinates": [ [ [ [ -99.239273215429421, 19.550395574608633 ], [ -99.239515038216993, 19.550705127220223 ], [ -99.236225119958462, 19.551086520975844 ], [ -99.236195269309249, 19.551089670154933 ], [ -99.236077369789967, 19.551102108250678 ], [ -99.235990121619167, 19.551111312657284 ], [ -99.234729914324305, 19.551247619494493 ], [ -99.234654060244779, 19.551035517702648 ], [ -99.234610221495515, 19.550912936318483 ], [ -99.234600049376994, 19.550884493134131 ], [ -99.234589877262081, 19.550856049949047 ], [ -99.234477145781128, 19.550592988292518 ], [ -99.234364414669685, 19.550329926554213 ], [ -99.234071979220133, 19.549675101718741 ], [ -99.234022559439708, 19.549686428211057 ], [ -99.233617240952512, 19.54980937528785 ], [ -99.232905787969244, 19.548784051611953 ], [ -99.233605186889136, 19.54872442286819 ], [ -99.233568769566361, 19.548528718131628 ], [ -99.233402958964334, 19.548098278416877 ], [ -99.233355415653463, 19.547344695206448 ], [ -99.23339821930179, 19.546879501343728 ], [ -99.233356709439931, 19.546449128721402 ], [ -99.233232490558919, 19.546221727580161 ], [ -99.232818921397552, 19.545806288292983 ], [ -99.232554982572935, 19.545339270582929 ], [ -99.23344798530826, 19.545306309111712 ], [ -99.235435291160059, 19.545225429309795 ], [ -99.235786581267533, 19.54570810891947 ], [ -99.236086307901118, 19.546111077889865 ], [ -99.236572826300048, 19.54676517457715 ], [ -99.237014699294093, 19.547359242225411 ], [ -99.237315833827026, 19.547764093594431 ], [ -99.237674262618299, 19.548245969184276 ], [ -99.237999124531257, 19.548682713958339 ], [ -99.238446498485288, 19.549284159195398 ], [ -99.238960230100929, 19.549974808055065 ], [ -99.239163715278252, 19.550248366741602 ], [ -99.239218465328918, 19.550321970683967 ], [ -99.239273215429421, 19.550395574608633 ] ] ] ] } },
{ "type": "Feature", "properties": { "ENTIDAD": 15, "MUNICIPIO": 13, "LN": 7205, "DISTRITO_F": 15, "DISTRITO_L": 16, "SECCION": "416" }, "geometry": { "type": "MultiPolygon", "coordinates": [ [ [ [ -99.310020004824409, 19.531289970054118 ], [ -99.308819650760071, 19.531403621050654 ], [ -99.308327830020758, 19.53145018489694 ], [ -99.306831666036629, 19.531452730714491 ], [ -99.306353472751482, 19.531865520483557 ], [ -99.306227813318941, 19.532047098202494 ], [ -99.305822136760384, 19.532699930996653 ], [ -99.30616184828439, 19.534394894111465 ], [ -99.3066921922115, 19.536163385099442 ], [ -99.306429985763629, 19.537033908091093 ], [ -99.306570040572197, 19.537289256005607 ], [ -99.3066858804101, 19.537883612815712 ], [ -99.306801801901841, 19.538114835674715 ], [ -99.306847402885055, 19.538369132185256 ], [ -99.307152111730574, 19.538742022974883 ], [ -99.307113317457876, 19.539174535007387 ], [ -99.307090319086669, 19.539430939688344 ], [ -99.307327366018896, 19.540015425378044 ], [ -99.307509272211576, 19.540561328349899 ], [ -99.308012910033909, 19.540973757421085 ], [ -99.308083246861244, 19.541362758608201 ], [ -99.308496785619354, 19.542053278262198 ], [ -99.309031222905674, 19.542570786110524 ], [ -99.309265557794134, 19.543465363698438 ], [ -99.3097126926193, 19.545296960000456 ], [ -99.310439065700692, 19.54811523846357 ], [ -99.310600042647465, 19.552440807828162 ], [ -99.309824503276545, 19.552438310890118 ], [ -99.309351917056276, 19.552441035581158 ], [ -99.308879330801361, 19.552443759035736 ], [ -99.308427102652757, 19.552428044523008 ], [ -99.308349812762344, 19.552421512905902 ], [ -99.307818902127309, 19.552376645779265 ], [ -99.307342055579824, 19.552262584844922 ], [ -99.307079433427191, 19.55222474056345 ], [ -99.306895721082213, 19.552263343873861 ], [ -99.306556791320858, 19.552457289200593 ], [ -99.306322841134133, 19.552629995795932 ], [ -99.306163435796719, 19.552706848162362 ], [ -99.305959486778832, 19.552724424769192 ], [ -99.305188024664588, 19.552742961093024 ], [ -99.304998166042083, 19.552735623634394 ], [ -99.304683033524199, 19.552697864548069 ], [ -99.30438256348296, 19.552631978998633 ], [ -99.303781910709773, 19.5525002692338 ], [ -99.303375774485843, 19.552397566152763 ], [ -99.303030309411824, 19.552338795050677 ], [ -99.302789975244494, 19.552339198159203 ], [ -99.302311447761568, 19.552405094598505 ], [ -99.30212169297792, 19.552453275941701 ], [ -99.301746410963403, 19.552651102223262 ], [ -99.301578843070246, 19.552683929511673 ], [ -99.301103097845214, 19.552690337522201 ], [ -99.300647159108422, 19.552709235176138 ], [ -99.30014724424278, 19.552730679629331 ], [ -99.299831907510423, 19.5527059838554 ], [ -99.29934485772587, 19.552532567572399 ], [ -99.299117034416497, 19.552528625782045 ], [ -99.298978592348888, 19.552529958574333 ], [ -99.298856208892502, 19.552586984339801 ], [ -99.298669301352206, 19.552680059101995 ], [ -99.298482393595478, 19.55277313367263 ], [ -99.298033503595889, 19.553003935990844 ], [ -99.297837228995135, 19.553094109570946 ], [ -99.297629404227109, 19.553201667140154 ], [ -99.297436779638744, 19.553297230049083 ], [ -99.296913084791456, 19.553557038491153 ], [ -99.29667098805497, 19.553699113254879 ], [ -99.296533897904197, 19.553833357088209 ], [ -99.296306716188397, 19.554219146072022 ], [ -99.296053717512436, 19.55472576759102 ], [ -99.296011020290067, 19.554972417262402 ], [ -99.295770092927654, 19.5547325347849 ], [ -99.295000043947397, 19.554423636919768 ], [ -99.29399324230458, 19.553862400364423 ], [ -99.291854243501632, 19.552629068676705 ], [ -99.290681622209092, 19.551937891550654 ], [ -99.288334007709082, 19.55059254429969 ], [ -99.288194134522442, 19.550512385499676 ], [ -99.287483339846602, 19.550105038966468 ], [ -99.28720433832666, 19.549937002048093 ], [ -99.286597887281488, 19.54961249109973 ], [ -99.286213990787104, 19.549513543004569 ], [ -99.285733323344246, 19.549510474940075 ], [ -99.28564847709967, 19.549521671334343 ], [ -99.284764145243003, 19.549638366179124 ], [ -99.284331960848718, 19.549642876162647 ], [ -99.284033002008968, 19.549608884555575 ], [ -99.283608655134728, 19.549475532521001 ], [ -99.282100908375227, 19.548823115797994 ], [ -99.281571394512724, 19.548601853594278 ], [ -99.281268146844866, 19.548422357843911 ], [ -99.280042536847773, 19.547409547599159 ], [ -99.279492267857776, 19.546859007715113 ], [ -99.279083772219423, 19.546541822967615 ], [ -99.278671429693944, 19.546335687470425 ], [ -99.278327962699706, 19.546251976518779 ], [ -99.277984561615582, 19.546206555937076 ], [ -99.277814834818159, 19.546157038574453 ], [ -99.277572162389205, 19.545965955968217 ], [ -99.277406291849019, 19.545809217121871 ], [ -99.277276897533341, 19.545725175285714 ], [ -99.277725697644797, 19.543633787611231 ], [ -99.277900143408985, 19.542902158555428 ], [ -99.2780745876439, 19.542170529291479 ], [ -99.278612001449389, 19.539948814716972 ], [ -99.278658057325188, 19.53965837731505 ], [ -99.278687919789036, 19.539470058208796 ], [ -99.278748227540035, 19.539309142331447 ], [ -99.278776046433762, 19.539044890434365 ], [ -99.278852483262497, 19.538868633170225 ], [ -99.278948936858157, 19.538588958845686 ], [ -99.278940484223853, 19.538370712286593 ], [ -99.279089087580502, 19.537884185101575 ], [ -99.279129219732624, 19.537734787586285 ], [ -99.279124950549857, 19.537600775113102 ], [ -99.279181244655419, 19.537455181734767 ], [ -99.279193176970836, 19.537347948043532 ], [ -99.27924552422941, 19.537255968369418 ], [ -99.279381916939101, 19.536715852140748 ], [ -99.279413766670601, 19.536447764737737 ], [ -99.27955044153174, 19.536072299933693 ], [ -99.279582304053761, 19.535811870700218 ], [ -99.279638465317859, 19.53558969502846 ], [ -99.27965023589114, 19.535533420635335 ], [ -99.279678523908146, 19.535398177191638 ], [ -99.27976693604397, 19.535141489507737 ], [ -99.279960224827107, 19.534808057004522 ], [ -99.280117150476556, 19.534467022418628 ], [ -99.280130653100656, 19.534421218464907 ], [ -99.280189426094182, 19.534221846875536 ], [ -99.28024555297911, 19.533980525457018 ], [ -99.280245235926998, 19.533796728307639 ], [ -99.280293258624326, 19.533540102960483 ], [ -99.280280382637585, 19.533099774386564 ], [ -99.280324359728795, 19.532839326169668 ], [ -99.28044071026045, 19.532391138874825 ], [ -99.280989550764545, 19.529983466506049 ], [ -99.281158228800876, 19.529413009531872 ], [ -99.281384392168519, 19.528645767705658 ], [ -99.281613276287118, 19.527991158287282 ], [ -99.273636965973623, 19.525187124338764 ], [ -99.285997531313512, 19.521918483335767 ], [ -99.301755923949003, 19.517749301069824 ], [ -99.308773605674773, 19.515892277262971 ], [ -99.309348085543547, 19.518040322069858 ], [ -99.30932619019822, 19.518112925712149 ], [ -99.308873515203274, 19.51961390267347 ], [ -99.310472067935891, 19.521712003578287 ], [ -99.310643352007162, 19.524250674259999 ], [ -99.310020004824409, 19.531289970054118 ] ] ] ] } },
{ "type": "Feature", "properties": { "ENTIDAD": 15, "MUNICIPIO": 13, "LN": 1282, "DISTRITO_F": 15, "DISTRITO_L": 16, "SECCION": "6607" }, "geometry": { "type": "MultiPolygon", "coordinates": [ [ [ [ -99.268289318896052, 19.587115402034716 ], [ -99.268254003273839, 19.587318190596552 ], [ -99.26807624150851, 19.587617731930155 ], [ -99.267849939195401, 19.587823217759357 ], [ -99.267815410894045, 19.588103833473269 ], [ -99.26773000760717, 19.588089206014935 ], [ -99.267269599671494, 19.588232480981929 ], [ -99.2669732186163, 19.588325820873923 ], [ -99.26675483244378, 19.588387463244679 ], [ -99.26615549164265, 19.588556633475267 ], [ -99.265292567116347, 19.588787003862478 ], [ -99.264638690662451, 19.588557403008661 ], [ -99.264675263382244, 19.588699882729518 ], [ -99.264980754456133, 19.588826456132338 ], [ -99.265099083715896, 19.588952557598276 ], [ -99.264777402527571, 19.589260777688015 ], [ -99.264441347128212, 19.589582770480238 ], [ -99.26426851513024, 19.589739723527604 ], [ -99.264188608434836, 19.589889937911124 ], [ -99.264108701592548, 19.590040152258393 ], [ -99.263940568181013, 19.589870038671588 ], [ -99.263615113162189, 19.58930712008366 ], [ -99.263275981701838, 19.58949304038488 ], [ -99.26293684945739, 19.589678960053341 ], [ -99.262851326899437, 19.589726656206281 ], [ -99.26270628621343, 19.589508358240867 ], [ -99.262686878872955, 19.58947914856898 ], [ -99.262522431352053, 19.58923164076916 ], [ -99.262641292603661, 19.589156455490951 ], [ -99.263292240116158, 19.588744056331851 ], [ -99.26344899166979, 19.588644752485244 ], [ -99.265403140254165, 19.587440495755352 ], [ -99.265885982074593, 19.587084554039414 ], [ -99.266183104285616, 19.586859251828848 ], [ -99.26643936663416, 19.58666493199242 ], [ -99.26662810871936, 19.586494560910193 ], [ -99.267025264384159, 19.585971891605457 ], [ -99.267357936477552, 19.585248468555751 ], [ -99.267619114360883, 19.585568139653805 ], [ -99.267808947904044, 19.58613381169209 ], [ -99.268174169801185, 19.586780093456348 ], [ -99.268265470909284, 19.58704595797753 ], [ -99.268289318896052, 19.587115402034716 ] ] ] ] } },
{ "type": "Feature", "properties": { "ENTIDAD": 15, "MUNICIPIO": 13, "LN": 2067, "DISTRITO_F": 15, "DISTRITO_L": 16, "SECCION": "6608" }, "geometry": { "type": "MultiPolygon", "coordinates": [ [ [ [ -99.268289318896052, 19.587115402034716 ], [ -99.268265470909284, 19.58704595797753 ], [ -99.268174169801185, 19.586780093456348 ], [ -99.267808947904044, 19.58613381169209 ], [ -99.267619114360883, 19.585568139653805 ], [ -99.267357936477552, 19.585248468555751 ], [ -99.268075523222635, 19.58295801976962 ], [ -99.269269451001762, 19.583029766522845 ], [ -99.270399379960466, 19.583359713440295 ], [ -99.270769552665058, 19.583516169454253 ], [ -99.271079368193824, 19.583759574862466 ], [ -99.271573894133041, 19.584374170586443 ], [ -99.27185005782168, 19.584613201935174 ], [ -99.271936825432348, 19.58467197641313 ], [ -99.271597722497802, 19.585792345922112 ], [ -99.271464283600935, 19.585985136233663 ], [ -99.271255657520783, 19.586156562217525 ], [ -99.271164557883225, 19.586200885187711 ], [ -99.270363097494467, 19.586596987692758 ], [ -99.270499200907523, 19.587063708830559 ], [ -99.270521443286441, 19.587139981356572 ], [ -99.269981999856824, 19.587221352207074 ], [ -99.269487289941594, 19.587242633101436 ], [ -99.269157803550073, 19.587277382860098 ], [ -99.268774362997107, 19.587320553208432 ], [ -99.268789841537426, 19.58741132574605 ], [ -99.26889570611155, 19.587486330620479 ], [ -99.268973993236131, 19.587541796832134 ], [ -99.269219686241186, 19.587810185171705 ], [ -99.269341032250651, 19.588032005153032 ], [ -99.26882893943079, 19.588224313331271 ], [ -99.268538484934624, 19.588348710886603 ], [ -99.268039030624863, 19.588527749061765 ], [ -99.268004874691712, 19.588488187023529 ], [ -99.267867450897143, 19.588329011911615 ], [ -99.267856038123256, 19.588279628601065 ], [ -99.267815410894045, 19.588103833473269 ], [ -99.267849939195401, 19.587823217759357 ], [ -99.26807624150851, 19.587617731930155 ], [ -99.268254003273839, 19.587318190596552 ], [ -99.268289318896052, 19.587115402034716 ] ] ] ] } },
{ "type": "Feature", "properties": { "ENTIDAD": 15, "MUNICIPIO": 13, "LN": 1822, "DISTRITO_F": 22, "DISTRITO_L": 16, "SECCION": "250" }, "geometry": { "type": "MultiPolygon", "coordinates": [ [ [ [ -99.233249828278517, 19.541164063972957 ], [ -99.233618930317093, 19.54066802635602 ], [ -99.233736105261045, 19.540549884157898 ], [ -99.233885200569588, 19.54037439081922 ], [ -99.234105389089876, 19.540181949452691 ], [ -99.23420120855242, 19.540050349972812 ], [ -99.234272238784342, 19.539989576981519 ], [ -99.234830863985493, 19.540231575484562 ], [ -99.235268297306263, 19.540271460390599 ], [ -99.235769643926261, 19.540247208783853 ], [ -99.235795181268571, 19.540692168757516 ], [ -99.235824073963272, 19.540998906719494 ], [ -99.236208082667247, 19.540978178147313 ], [ -99.236471185499013, 19.540954235875152 ], [ -99.238081576560731, 19.540655458947764 ], [ -99.238472059133954, 19.541876530639943 ], [ -99.238603135382519, 19.54228641261594 ], [ -99.238803184975765, 19.542909812910512 ], [ -99.238828815422949, 19.54341208183606 ], [ -99.238836266733202, 19.543524540847322 ], [ -99.238813198966568, 19.543614982354246 ], [ -99.23879013117481, 19.543705423857475 ], [ -99.238795709854145, 19.543823987361392 ], [ -99.238805182638188, 19.544025311705155 ], [ -99.238815826195534, 19.544251517726494 ], [ -99.238777900281775, 19.545060646069718 ], [ -99.238831701421759, 19.545374092736836 ], [ -99.238913891330213, 19.545647047926458 ], [ -99.239002990078376, 19.545781776419258 ], [ -99.239113425067956, 19.54591647662426 ], [ -99.239209819950972, 19.546175928218354 ], [ -99.23928498332991, 19.546506202203311 ], [ -99.239264047114617, 19.546777608185131 ], [ -99.239246428405494, 19.546887194166331 ], [ -99.239288583425065, 19.547338998668895 ], [ -99.23939509525303, 19.548480547540432 ], [ -99.239492560966482, 19.549212382117382 ], [ -99.239552790745449, 19.549664622108455 ], [ -99.239821972755593, 19.550095940895151 ], [ -99.239880728911913, 19.550190087364541 ], [ -99.239991739070632, 19.550395747176143 ], [ -99.240155302470058, 19.55069876715816 ], [ -99.240198635014195, 19.550794247102715 ], [ -99.240208818888959, 19.550816686473144 ], [ -99.2402257317801, 19.550850441887249 ], [ -99.240340989715179, 19.551080477788066 ], [ -99.240840123464096, 19.552076658188458 ], [ -99.240657044225188, 19.552119041695292 ], [ -99.240552292668738, 19.552223687090734 ], [ -99.240431287750525, 19.552016276841673 ], [ -99.240306343365233, 19.551836863595536 ], [ -99.24018139925748, 19.551657450256421 ], [ -99.239763506292618, 19.551057373792471 ], [ -99.239639272119376, 19.550881250552226 ], [ -99.239515038216993, 19.550705127220223 ], [ -99.239273215429421, 19.550395574608633 ], [ -99.239218465328918, 19.550321970683967 ], [ -99.239163715278252, 19.550248366741602 ], [ -99.238960230100929, 19.549974808055065 ], [ -99.238446498485288, 19.549284159195398 ], [ -99.237999124531257, 19.548682713958339 ], [ -99.237674262618299, 19.548245969184276 ], [ -99.237315833827026, 19.547764093594431 ], [ -99.237014699294093, 19.547359242225411 ], [ -99.236572826300048, 19.54676517457715 ], [ -99.236086307901118, 19.546111077889865 ], [ -99.235786581267533, 19.54570810891947 ], [ -99.235435291160059, 19.545225429309795 ], [ -99.235132244313874, 19.544791752007001 ], [ -99.234647817087065, 19.544118888813305 ], [ -99.234509553219496, 19.54420828430888 ], [ -99.234336158977925, 19.544248743956285 ], [ -99.233107330995381, 19.54432030702403 ], [ -99.232773380389062, 19.544346977610804 ], [ -99.232087031429032, 19.544403839301143 ], [ -99.231631324554286, 19.544451656150965 ], [ -99.231857642144732, 19.543998288608037 ], [ -99.231754775756457, 19.543803921560311 ], [ -99.231807978157889, 19.543707775219403 ], [ -99.232052822097998, 19.543345061097916 ], [ -99.23291470593206, 19.541799960227539 ], [ -99.232685916400712, 19.541576072780565 ], [ -99.232657682982463, 19.541553735276342 ], [ -99.232347720342304, 19.541308500655539 ], [ -99.232428925306237, 19.541162089638444 ], [ -99.232584145072295, 19.541216364412566 ], [ -99.23290172234222, 19.541226707562441 ], [ -99.233086951330122, 19.541215716474106 ], [ -99.233249828278517, 19.541164063972957 ] ] ] ] } },
{ "type": "Feature", "properties": { "ENTIDAD": 15, "MUNICIPIO": 13, "LN": 1137, "DISTRITO_F": 22, "DISTRITO_L": 16, "SECCION": "279" }, "geometry": { "type": "MultiPolygon", "coordinates": [ [ [ [ -99.235482779127153, 19.531221961051504 ], [ -99.235329436597922, 19.531156804397124 ], [ -99.23513494639657, 19.531126331718717 ], [ -99.235074055503929, 19.531116791302765 ], [ -99.234764223081072, 19.530708100570468 ], [ -99.234483967100104, 19.530338420978179 ], [ -99.234320205812921, 19.530122406016652 ], [ -99.235606380640291, 19.528108611826813 ], [ -99.235660006796309, 19.528010509703627 ], [ -99.236028581406401, 19.527336246458155 ], [ -99.236574491940004, 19.526064039411448 ], [ -99.236757869973701, 19.525658573332574 ], [ -99.237006945647778, 19.525754024159131 ], [ -99.237546806485526, 19.525884506812726 ], [ -99.237919887365294, 19.526114067231415 ], [ -99.238338702879744, 19.52635690286813 ], [ -99.238901438366014, 19.526989809686974 ], [ -99.23942662128367, 19.527258998825953 ], [ -99.239613048968977, 19.527295426622953 ], [ -99.239871217306955, 19.527312926965745 ], [ -99.239954834345795, 19.527318594997023 ], [ -99.240559030246715, 19.527409953829608 ], [ -99.240596499577705, 19.527420020943026 ], [ -99.241046259620049, 19.527540860007274 ], [ -99.241231100473797, 19.527568488258652 ], [ -99.24157120485819, 19.527504320311682 ], [ -99.241772614666672, 19.527376623442425 ], [ -99.241952953114975, 19.527201169188526 ], [ -99.242082784712977, 19.526954104345883 ], [ -99.24206488167097, 19.52621345514909 ], [ -99.241765601088602, 19.524742154645601 ], [ -99.241741549165283, 19.524623481751686 ], [ -99.241845884771223, 19.524519920640657 ], [ -99.241972133469901, 19.524543694894373 ], [ -99.242445325240723, 19.524641598190957 ], [ -99.242950796052412, 19.524756446038818 ], [ -99.243294813801143, 19.524745789962978 ], [ -99.244102782360798, 19.525439443736921 ], [ -99.244126604326212, 19.525444759203722 ], [ -99.244436593265078, 19.525513927649392 ], [ -99.244775910995912, 19.525433550994951 ], [ -99.245066061938005, 19.52534821213942 ], [ -99.245385092391487, 19.525402144759493 ], [ -99.24574355907265, 19.525466216715227 ], [ -99.245926188559196, 19.525374226926299 ], [ -99.246144428311084, 19.525132683854633 ], [ -99.246301590405068, 19.524789288756651 ], [ -99.246444556259036, 19.52453765434468 ], [ -99.24647107860541, 19.524513889860181 ], [ -99.246630654551225, 19.524370906804076 ], [ -99.246859875115121, 19.5242822503537 ], [ -99.247225326323928, 19.524227385724341 ], [ -99.247433085756342, 19.524165940553097 ], [ -99.247461287147374, 19.524149938629325 ], [ -99.247637178544096, 19.524050134846078 ], [ -99.247812342773983, 19.523764476932506 ], [ -99.247815315182521, 19.523363528606541 ], [ -99.247851051438971, 19.522696944589566 ], [ -99.247946267174953, 19.522286236061245 ], [ -99.248051317437032, 19.521848461842946 ], [ -99.248069494987149, 19.52177271059799 ], [ -99.248076441739627, 19.521743761400458 ], [ -99.248927169871635, 19.521870924025162 ], [ -99.249007249279543, 19.521882893681333 ], [ -99.249326295730143, 19.521918222058908 ], [ -99.24931920145842, 19.52196580150153 ], [ -99.249222522016126, 19.522016902265332 ], [ -99.249118664866387, 19.522061217200189 ], [ -99.249007671652464, 19.522125928900113 ], [ -99.249305799737925, 19.522574032055083 ], [ -99.249542663390685, 19.522797962290106 ], [ -99.24986202968941, 19.523072745706049 ], [ -99.249947655159886, 19.523120559579713 ], [ -99.25017766177146, 19.523248996569855 ], [ -99.250453743551063, 19.523340355853492 ], [ -99.250805055987385, 19.523414621218887 ], [ -99.251159847385352, 19.523420924425558 ], [ -99.251442845006807, 19.523349176648452 ], [ -99.251783070128027, 19.523205994282318 ], [ -99.252420641570794, 19.523001235468445 ], [ -99.252793271010646, 19.522956543098843 ], [ -99.253871035987501, 19.523116129580306 ], [ -99.254022797513542, 19.523172281253025 ], [ -99.254135567979631, 19.523447376418357 ], [ -99.254457880248339, 19.524247850301631 ], [ -99.254503454697939, 19.524318910379591 ], [ -99.254500970162937, 19.524384907437462 ], [ -99.254614116582033, 19.524491455039001 ], [ -99.255080144187474, 19.524957283977226 ], [ -99.255257370136917, 19.525211677965785 ], [ -99.255335576364672, 19.525388894549909 ], [ -99.255370891684905, 19.525587860593649 ], [ -99.255289492812551, 19.525817499885584 ], [ -99.255087328624086, 19.52629066991539 ], [ -99.255109893028745, 19.526551603386078 ], [ -99.255264368295386, 19.527061898242295 ], [ -99.25505660824679, 19.527123352401187 ], [ -99.255006750636355, 19.527323894691076 ], [ -99.253875071995253, 19.527824968393126 ], [ -99.253262575123131, 19.528033095098767 ], [ -99.252563860680397, 19.52810882484275 ], [ -99.252198455425003, 19.528197678542835 ], [ -99.251703876785641, 19.528184776498442 ], [ -99.251546375844811, 19.528303919772402 ], [ -99.251051875647789, 19.528341983291064 ], [ -99.250557123743633, 19.528216949952775 ], [ -99.250399307794268, 19.528132222849461 ], [ -99.250001464536297, 19.528102192980082 ], [ -99.249858030988065, 19.528048025984816 ], [ -99.249162679682996, 19.52798102906187 ], [ -99.24922748935181, 19.528178013906736 ], [ -99.249019803611361, 19.528290428513706 ], [ -99.248908941445436, 19.528443483565393 ], [ -99.248375522522068, 19.528811182924663 ], [ -99.248002193878278, 19.528407353607815 ], [ -99.247243166412829, 19.528887487422935 ], [ -99.247663181785924, 19.529355813118087 ], [ -99.24775996967675, 19.529372669643976 ], [ -99.24799347007081, 19.529735917318572 ], [ -99.24765342470657, 19.530008209919107 ], [ -99.247302202768395, 19.530001895090034 ], [ -99.247036594099811, 19.529733829657051 ], [ -99.246444661352911, 19.529333693584022 ], [ -99.245583232265233, 19.529683849654852 ], [ -99.24538892899669, 19.529360875613762 ], [ -99.245309257598151, 19.529177225205025 ], [ -99.245180538999676, 19.528986999407856 ], [ -99.245098693195189, 19.528909621848822 ], [ -99.2449319581183, 19.52841847222696 ], [ -99.244183931299816, 19.528960763771693 ], [ -99.241877056996458, 19.530633119383246 ], [ -99.241515955112263, 19.53089489240055 ], [ -99.240795841219551, 19.531401194581491 ], [ -99.240864305452419, 19.531662807201894 ], [ -99.24068071780917, 19.531673249594721 ], [ -99.240497130140085, 19.531683691801266 ], [ -99.240315725849328, 19.531654520872461 ], [ -99.240132736313612, 19.531578109614028 ], [ -99.240088884489097, 19.531559798292946 ], [ -99.239842852616135, 19.531397226585611 ], [ -99.239697039985899, 19.531229996714107 ], [ -99.239534383353572, 19.53096776500885 ], [ -99.239521630276784, 19.530948293885075 ], [ -99.239384638592682, 19.530739137566162 ], [ -99.239347830803268, 19.530682940016188 ], [ -99.23918775808859, 19.530554190701725 ], [ -99.239027792127573, 19.530497840368902 ], [ -99.239002991484668, 19.530497039384414 ], [ -99.238975080677676, 19.530496137947015 ], [ -99.238691305937522, 19.530486972608148 ], [ -99.238668279509426, 19.530489359286147 ], [ -99.238359658779629, 19.530521347384234 ], [ -99.238338551358751, 19.530526713754831 ], [ -99.238144970507477, 19.530575929801266 ], [ -99.237853946626458, 19.530648712242471 ], [ -99.237572484269393, 19.530732794037078 ], [ -99.237186212047533, 19.530945974155582 ], [ -99.236761675282409, 19.531102641644441 ], [ -99.236693479146766, 19.531129555320991 ], [ -99.236370542886419, 19.531257001985676 ], [ -99.236093834891321, 19.531329762885228 ], [ -99.235922032866441, 19.531339037107536 ], [ -99.235740606751207, 19.531294024261914 ], [ -99.235482779127153, 19.531221961051504 ] ] ] ] } },
{ "type": "Feature", "properties": { "ENTIDAD": 15, "MUNICIPIO": 13, "LN": 1766, "DISTRITO_F": 22, "DISTRITO_L": 16, "SECCION": "374" }, "geometry": { "type": "MultiPolygon", "coordinates": [ [ [ [ -99.25418936999688, 19.556498637582095 ], [ -99.253630335506514, 19.556746130357965 ], [ -99.253372317352756, 19.556860357945599 ], [ -99.252361086592231, 19.557300994491342 ], [ -99.251421452905362, 19.557678261936861 ], [ -99.251173967378307, 19.557714961586374 ], [ -99.250797746604462, 19.557749127851611 ], [ -99.250403419106661, 19.557696201762429 ], [ -99.249516223661445, 19.557552397327051 ], [ -99.248966761288557, 19.557474197901005 ], [ -99.248417299425327, 19.557395996796402 ], [ -99.247482681092862, 19.557334817671538 ], [ -99.247527622335809, 19.557199947761472 ], [ -99.248127418622303, 19.557091105429009 ], [ -99.248172665076211, 19.556970457905773 ], [ -99.248090303469397, 19.556587281963203 ], [ -99.247627100373109, 19.556712809768211 ], [ -99.247090944887859, 19.556666171450555 ], [ -99.246609306613593, 19.556619457087482 ], [ -99.24666255345403, 19.555783900069777 ], [ -99.246641950084253, 19.555636422494857 ], [ -99.246291000340349, 19.554931696373693 ], [ -99.246681291711425, 19.554661999833179 ], [ -99.247085158364499, 19.554357830912725 ], [ -99.246857352573016, 19.553927480375215 ], [ -99.246713828099331, 19.553585731893413 ], [ -99.246845343269754, 19.553498987985044 ], [ -99.24689438517396, 19.553317830359894 ], [ -99.246940336474722, 19.553229694281452 ], [ -99.24718768299428, 19.553067857586385 ], [ -99.247596130429073, 19.552791674285714 ], [ -99.248019854056011, 19.553594277694327 ], [ -99.248459446193323, 19.554373171752314 ], [ -99.248686986249581, 19.554626949137553 ], [ -99.248738891016544, 19.554405086702587 ], [ -99.248806461768467, 19.554030317637555 ], [ -99.2489954490608, 19.554325060650626 ], [ -99.24925480093259, 19.554585253377279 ], [ -99.2494412831673, 19.55472711433973 ], [ -99.249623189576042, 19.554847448330101 ], [ -99.249693725322714, 19.554883438296997 ], [ -99.249775211914738, 19.554737419307955 ], [ -99.249995458961095, 19.554678975159071 ], [ -99.250086133548791, 19.554558264247294 ], [ -99.250198626687677, 19.5538561293458 ], [ -99.250285050341489, 19.553866482490037 ], [ -99.250332462442913, 19.55373751181099 ], [ -99.250646678909945, 19.553751291584806 ], [ -99.250752988910165, 19.553930726281227 ], [ -99.25074454975524, 19.554111379519352 ], [ -99.250737597453707, 19.554260204082304 ], [ -99.250794671268849, 19.554445309480176 ], [ -99.251001947974629, 19.5548132374714 ], [ -99.251129379271518, 19.554959485360758 ], [ -99.252416268222802, 19.55567389763867 ], [ -99.253040312246171, 19.555501823665558 ], [ -99.253255567282082, 19.555432483941175 ], [ -99.253383400529287, 19.555391305093963 ], [ -99.253569675265538, 19.555397503541048 ], [ -99.253633563918541, 19.555580445103708 ], [ -99.253751104441065, 19.555572145523627 ], [ -99.254131989837674, 19.556377399538299 ], [ -99.25418936999688, 19.556498637582095 ] ] ] ] } },
{ "type": "Feature", "properties": { "ENTIDAD": 15, "MUNICIPIO": 13, "LN": 1956, "DISTRITO_F": 22, "DISTRITO_L": 16, "SECCION": "375" }, "geometry": { "type": "MultiPolygon", "coordinates": [ [ [ [ -99.259932025376031, 19.555018904594391 ], [ -99.259721371012148, 19.555029833328984 ], [ -99.259251314539128, 19.555052194056739 ], [ -99.258822020066319, 19.555072614649983 ], [ -99.258392324858406, 19.555093053278775 ], [ -99.258297357801936, 19.555097570287096 ], [ -99.258260544678706, 19.555098858314551 ], [ -99.257968103531951, 19.555109090056114 ], [ -99.257811766907125, 19.555114559665963 ], [ -99.257609813781656, 19.555133180250973 ], [ -99.257407860606975, 19.555151800610492 ], [ -99.257377890896507, 19.555157972990667 ], [ -99.256969658006582, 19.555242049625058 ], [ -99.256935370194057, 19.55525691211502 ], [ -99.2561385254767, 19.55560258382301 ], [ -99.255773327449077, 19.55576976193478 ], [ -99.255390060847091, 19.555957770262989 ], [ -99.254587227755621, 19.556316106148365 ], [ -99.25418936999688, 19.556498637582095 ], [ -99.254131989837674, 19.556377399538299 ], [ -99.253751104441065, 19.555572145523627 ], [ -99.254126393200792, 19.555438623334641 ], [ -99.254150838036225, 19.555430753480877 ], [ -99.255017233347004, 19.555151820594183 ], [ -99.255272850438871, 19.555014553401882 ], [ -99.255454027021898, 19.55477177795991 ], [ -99.255746959156369, 19.554829527560894 ], [ -99.255887426346305, 19.554857219539276 ], [ -99.256291558810602, 19.554700182396029 ], [ -99.256485297923021, 19.554574736110666 ], [ -99.256617005974235, 19.554363322571387 ], [ -99.256730231952233, 19.554206697617374 ], [ -99.256833095528378, 19.554020750326444 ], [ -99.256913199220506, 19.55379376355063 ], [ -99.257083734044642, 19.553347598381809 ], [ -99.257475011091614, 19.55289329525387 ], [ -99.257598557105396, 19.552740566635585 ], [ -99.257660128194459, 19.552537075552795 ], [ -99.257672333090582, 19.552427533312141 ], [ -99.25758488387315, 19.551925017318496 ], [ -99.257480958203047, 19.551440126946687 ], [ -99.257455657873322, 19.551097897879696 ], [ -99.257583515015938, 19.551062511158165 ], [ -99.257987673692881, 19.550928939835472 ], [ -99.258371178809824, 19.550781706555121 ], [ -99.25899392873454, 19.550587190328592 ], [ -99.259038855117268, 19.550297667385923 ], [ -99.259442146357244, 19.550268729412959 ], [ -99.259940374579386, 19.550261167738483 ], [ -99.259944224974888, 19.550499260687392 ], [ -99.259948832216025, 19.550784152633522 ], [ -99.259951824002698, 19.550969151082025 ], [ -99.259866952777031, 19.551027464951304 ], [ -99.259883770868782, 19.551316075749618 ], [ -99.260009570181879, 19.552887708074092 ], [ -99.260144276829791, 19.554886334752684 ], [ -99.26015215835838, 19.555003270378112 ], [ -99.259932025376031, 19.555018904594391 ] ] ] ] } },
{ "type": "Feature", "properties": { "ENTIDAD": 15, "MUNICIPIO": 13, "LN": 866, "DISTRITO_F": 22, "DISTRITO_L": 16, "SECCION": "376" }, "geometry": { "type": "MultiPolygon", "coordinates": [ [ [ [ -99.26301278750141, 19.554218040718808 ], [ -99.262537757670188, 19.554387950507401 ], [ -99.261714477390314, 19.554634219263583 ], [ -99.26066273832447, 19.554929110443684 ], [ -99.26015215835838, 19.555003270378112 ], [ -99.260144276829791, 19.554886334752684 ], [ -99.260009570181879, 19.552887708074092 ], [ -99.260517017509756, 19.552834659105468 ], [ -99.261030758079826, 19.552735072533157 ], [ -99.261161862186228, 19.552701946485389 ], [ -99.262380060136366, 19.552394139470628 ], [ -99.262972953928823, 19.554110031394966 ], [ -99.26301278750141, 19.554218040718808 ] ] ] ] } },
{ "type": "Feature", "properties": { "ENTIDAD": 15, "MUNICIPIO": 13, "LN": 1840, "DISTRITO_F": 22, "DISTRITO_L": 16, "SECCION": "377" }, "geometry": { "type": "MultiPolygon", "coordinates": [ [ [ [ -99.265587603496698, 19.553698571082837 ], [ -99.265330191055881, 19.554197643923281 ], [ -99.264992748777274, 19.554509173984673 ], [ -99.264602591680713, 19.554708047082968 ], [ -99.264265015503852, 19.555082008263614 ], [ -99.26388896854327, 19.555383314682864 ], [ -99.263522041857073, 19.5557190921262 ], [ -99.263166120643561, 19.554673791064001 ], [ -99.26301278750141, 19.554218040718808 ], [ -99.262972953928823, 19.554110031394966 ], [ -99.262380060136366, 19.552394139470628 ], [ -99.262206527616073, 19.55200803802499 ], [ -99.263494451824485, 19.551670100492764 ], [ -99.264900365857514, 19.551310053176817 ], [ -99.265151216668144, 19.551207229527265 ], [ -99.265381019307739, 19.551025116041593 ], [ -99.26553031088649, 19.550644819597661 ], [ -99.265575391891673, 19.550464084035699 ], [ -99.265582265430339, 19.550436527097247 ], [ -99.265497371089893, 19.550127873058837 ], [ -99.265637370834781, 19.550023318843575 ], [ -99.265884879027482, 19.55000973458127 ], [ -99.265921530221462, 19.550036947019077 ], [ -99.265958181427706, 19.550064159449168 ], [ -99.266031483876915, 19.550118584286441 ], [ -99.266073563730473, 19.550267248094375 ], [ -99.265975778620032, 19.550825142627605 ], [ -99.265956203296085, 19.550984609747708 ], [ -99.26579297778369, 19.55137153706384 ], [ -99.265322739943031, 19.551630019848208 ], [ -99.264942887404274, 19.551729728012162 ], [ -99.265436903816578, 19.553219565250174 ], [ -99.265475438088743, 19.553331879172685 ], [ -99.265587603496698, 19.553698571082837 ] ] ] ] } },
{ "type": "Feature", "properties": { "ENTIDAD": 15, "MUNICIPIO": 13, "LN": 1848, "DISTRITO_F": 22, "DISTRITO_L": 16, "SECCION": "378" }, "geometry": { "type": "MultiPolygon", "coordinates": [ [ [ [ -99.265884879027482, 19.55000973458127 ], [ -99.265637370834781, 19.550023318843575 ], [ -99.265497371089893, 19.550127873058837 ], [ -99.265582265430339, 19.550436527097247 ], [ -99.265575391891673, 19.550464084035699 ], [ -99.26553031088649, 19.550644819597661 ], [ -99.265381019307739, 19.551025116041593 ], [ -99.265151216668144, 19.551207229527265 ], [ -99.264900365857514, 19.551310053176817 ], [ -99.263494451824485, 19.551670100492764 ], [ -99.262206527616073, 19.55200803802499 ], [ -99.262380060136366, 19.552394139470628 ], [ -99.261161862186228, 19.552701946485389 ], [ -99.261030758079826, 19.552735072533157 ], [ -99.260517017509756, 19.552834659105468 ], [ -99.260009570181879, 19.552887708074092 ], [ -99.259883770868782, 19.551316075749618 ], [ -99.259866952777031, 19.551027464951304 ], [ -99.259951824002698, 19.550969151082025 ], [ -99.259948832216025, 19.550784152633522 ], [ -99.259944224974888, 19.550499260687392 ], [ -99.259940374579386, 19.550261167738483 ], [ -99.260621166609269, 19.55016245944369 ], [ -99.260672325728407, 19.55015086542614 ], [ -99.261797348160215, 19.549895901335844 ], [ -99.261833892690717, 19.550020740314078 ], [ -99.26298946070672, 19.549650845498217 ], [ -99.263398127351678, 19.549531817974806 ], [ -99.263904921997124, 19.549370849671586 ], [ -99.26392937032, 19.549363084342286 ], [ -99.26439842709776, 19.549320818064899 ], [ -99.264488062314683, 19.54931274097644 ], [ -99.26475337392975, 19.549038881992512 ], [ -99.264766753134708, 19.548885977415964 ], [ -99.265224002401041, 19.548810689243446 ], [ -99.265743205812569, 19.54872519855321 ], [ -99.266034960990439, 19.54934276880617 ], [ -99.26598035707184, 19.549981305352766 ], [ -99.265958181427706, 19.550064159449168 ], [ -99.265921530221462, 19.550036947019077 ], [ -99.265884879027482, 19.55000973458127 ] ] ] ] } },
{ "type": "Feature", "properties": { "ENTIDAD": 15, "MUNICIPIO": 13, "LN": 2677, "DISTRITO_F": 22, "DISTRITO_L": 16, "SECCION": "379" }, "geometry": { "type": "MultiPolygon", "coordinates": [ [ [ [ -99.257455657873322, 19.551097897879696 ], [ -99.257480958203047, 19.551440126946687 ], [ -99.25758488387315, 19.551925017318496 ], [ -99.257672333090582, 19.552427533312141 ], [ -99.257660128194459, 19.552537075552795 ], [ -99.257598557105396, 19.552740566635585 ], [ -99.257475011091614, 19.55289329525387 ], [ -99.257083734044642, 19.553347598381809 ], [ -99.256913199220506, 19.55379376355063 ], [ -99.256833095528378, 19.554020750326444 ], [ -99.256730231952233, 19.554206697617374 ], [ -99.256617005974235, 19.554363322571387 ], [ -99.256485297923021, 19.554574736110666 ], [ -99.256291558810602, 19.554700182396029 ], [ -99.255887426346305, 19.554857219539276 ], [ -99.255746959156369, 19.554829527560894 ], [ -99.255454027021898, 19.55477177795991 ], [ -99.255272850438871, 19.555014553401882 ], [ -99.255017233347004, 19.555151820594183 ], [ -99.254150838036225, 19.555430753480877 ], [ -99.254126393200792, 19.555438623334641 ], [ -99.253751104441065, 19.555572145523627 ], [ -99.253633563918541, 19.555580445103708 ], [ -99.253569675265538, 19.555397503541048 ], [ -99.253383400529287, 19.555391305093963 ], [ -99.253255567282082, 19.555432483941175 ], [ -99.253040312246171, 19.555501823665558 ], [ -99.252416268222802, 19.55567389763867 ], [ -99.251129379271518, 19.554959485360758 ], [ -99.251001947974629, 19.5548132374714 ], [ -99.250794671268849, 19.554445309480176 ], [ -99.250737597453707, 19.554260204082304 ], [ -99.25074454975524, 19.554111379519352 ], [ -99.250752988910165, 19.553930726281227 ], [ -99.250646678909945, 19.553751291584806 ], [ -99.250332462442913, 19.55373751181099 ], [ -99.250300289073749, 19.55369500176753 ], [ -99.250336153309249, 19.553494099374991 ], [ -99.250400090282838, 19.553066586419085 ], [ -99.250434834321567, 19.552977134299237 ], [ -99.250517388984363, 19.552893739413275 ], [ -99.250586196433773, 19.552860123446894 ], [ -99.250708450037891, 19.552800396195366 ], [ -99.250925341757366, 19.552702118041847 ], [ -99.25100789602719, 19.552618722933403 ], [ -99.251010269615406, 19.552482776651985 ], [ -99.251191396393452, 19.552649085580967 ], [ -99.251517272165415, 19.552849484704293 ], [ -99.251620671670622, 19.552878733741679 ], [ -99.251806754387403, 19.552907867449644 ], [ -99.252013325392298, 19.552819400077428 ], [ -99.252047802668741, 19.551726909291226 ], [ -99.251674082693455, 19.550664380726118 ], [ -99.251655762438006, 19.550513766706185 ], [ -99.251637442218268, 19.550363152681502 ], [ -99.251642397177235, 19.550225978055114 ], [ -99.251849048491096, 19.550191398084817 ], [ -99.251838188815839, 19.5498533927613 ], [ -99.252000774309494, 19.549728245380681 ], [ -99.252163359551815, 19.549603097854707 ], [ -99.25252010637503, 19.54972017177742 ], [ -99.252840199760442, 19.549528668927802 ], [ -99.253434793890563, 19.549733587176746 ], [ -99.254641422605175, 19.549852987248276 ], [ -99.25475273856631, 19.549864001930843 ], [ -99.255558467691714, 19.54959832597071 ], [ -99.255663239384248, 19.549764021164776 ], [ -99.255796771347818, 19.549975199798247 ], [ -99.256004340858226, 19.550523576456534 ], [ -99.256274464909581, 19.551414783252227 ], [ -99.256408445388885, 19.551414593085429 ], [ -99.25679122980597, 19.551414049228267 ], [ -99.257090860316936, 19.551354836808922 ], [ -99.257455657873322, 19.551097897879696 ] ] ] ] } },
{ "type": "Feature", "properties": { "ENTIDAD": 15, "MUNICIPIO": 13, "LN": 1212, "DISTRITO_F": 22, "DISTRITO_L": 16, "SECCION": "380" }, "geometry": { "type": "MultiPolygon", "coordinates": [ [ [ [ -99.251849048491096, 19.550191398084817 ], [ -99.251642397177235, 19.550225978055114 ], [ -99.251637442218268, 19.550363152681502 ], [ -99.251655762438006, 19.550513766706185 ], [ -99.251674082693455, 19.550664380726118 ], [ -99.252047802668741, 19.551726909291226 ], [ -99.252013325392298, 19.552819400077428 ], [ -99.251806754387403, 19.552907867449644 ], [ -99.251620671670622, 19.552878733741679 ], [ -99.251517272165415, 19.552849484704293 ], [ -99.251191396393452, 19.552649085580967 ], [ -99.251010269615406, 19.552482776651985 ], [ -99.25100789602719, 19.552618722933403 ], [ -99.250925341757366, 19.552702118041847 ], [ -99.250708450037891, 19.552800396195366 ], [ -99.250586196433773, 19.552860123446894 ], [ -99.250517388984363, 19.552893739413275 ], [ -99.250434834321567, 19.552977134299237 ], [ -99.250400090282838, 19.553066586419085 ], [ -99.250336153309249, 19.553494099374991 ], [ -99.250300289073749, 19.55369500176753 ], [ -99.250332462442913, 19.55373751181099 ], [ -99.250285050341489, 19.553866482490037 ], [ -99.250198626687677, 19.5538561293458 ], [ -99.250086133548791, 19.554558264247294 ], [ -99.249995458961095, 19.554678975159071 ], [ -99.249775211914738, 19.554737419307955 ], [ -99.249681359470529, 19.554712531098652 ], [ -99.249573097800436, 19.55464393487798 ], [ -99.249867354779283, 19.552767269965557 ], [ -99.249701249892169, 19.552287412743741 ], [ -99.249267390530008, 19.552434977501242 ], [ -99.248570311187905, 19.551113249519545 ], [ -99.248662360579615, 19.550481171435425 ], [ -99.248862435963815, 19.550619838522618 ], [ -99.249086564202699, 19.550779416615672 ], [ -99.250749481971113, 19.550091276901192 ], [ -99.251811272973939, 19.54985927400195 ], [ -99.251838188815839, 19.5498533927613 ], [ -99.251849048491096, 19.550191398084817 ] ] ] ] } },
{ "type": "Feature", "properties": { "ENTIDAD": 15, "MUNICIPIO": 13, "LN": 2547, "DISTRITO_F": 22, "DISTRITO_L": 16, "SECCION": "381" }, "geometry": { "type": "MultiPolygon", "coordinates": [ [ [ [ -99.248662360579061, 19.550481171065822 ], [ -99.248570311187351, 19.551113249149928 ], [ -99.24926739052944, 19.552434977131806 ], [ -99.249701249891615, 19.552287412374344 ], [ -99.249867354778729, 19.552767269596195 ], [ -99.249573097799882, 19.554643934508885 ], [ -99.24968135946996, 19.554712530729624 ], [ -99.249775211914169, 19.554737418938913 ], [ -99.24969372532216, 19.554883437927906 ], [ -99.249623189575487, 19.554847447961045 ], [ -99.249441283166732, 19.554727113970642 ], [ -99.249254800932022, 19.554585253008131 ], [ -99.248995449060232, 19.554325060281474 ], [ -99.248806461767899, 19.554030317268364 ], [ -99.248738891015989, 19.554405086333549 ], [ -99.248686986249012, 19.554626948768384 ], [ -99.248459446192768, 19.55437317138313 ], [ -99.248019854055457, 19.553594277325075 ], [ -99.247596130428505, 19.552791673916381 ], [ -99.247187682993712, 19.553067857217044 ], [ -99.246940336474168, 19.553229693912193 ], [ -99.246894385173405, 19.553317829990657 ], [ -99.2468453432692, 19.553498987615765 ], [ -99.246713828098777, 19.553585731524148 ], [ -99.246633312911456, 19.553542004042356 ], [ -99.246562017039764, 19.55352022880556 ], [ -99.246481365007853, 19.553405902411182 ], [ -99.246514644771864, 19.553301166019946 ], [ -99.246354237538895, 19.552970127317256 ], [ -99.24599681920084, 19.552300343565953 ], [ -99.245622257667108, 19.551695974643955 ], [ -99.245116276742479, 19.551614921706715 ], [ -99.244696415125816, 19.551462909022998 ], [ -99.244339769917531, 19.551299911121131 ], [ -99.244295429530482, 19.551286809718867 ], [ -99.243862442584003, 19.551158872932763 ], [ -99.243341761974051, 19.551099755568245 ], [ -99.243293256708938, 19.551094248267944 ], [ -99.243074876156157, 19.551132687830467 ], [ -99.242850738980337, 19.551165685511151 ], [ -99.242028958744484, 19.551324820074804 ], [ -99.241770257798876, 19.551308818497741 ], [ -99.240740871453852, 19.551021377495371 ], [ -99.240562619840787, 19.550986194168022 ], [ -99.240467832496677, 19.551027190598592 ], [ -99.240340989714625, 19.551080477418488 ], [ -99.240225731779546, 19.550850441517639 ], [ -99.240208818888405, 19.550816686103524 ], [ -99.240198635013655, 19.550794246733101 ], [ -99.2410331637479, 19.550432456743632 ], [ -99.241567933494508, 19.550548903522785 ], [ -99.241581943420329, 19.550306388254388 ], [ -99.242870156976039, 19.548776115004234 ], [ -99.2431959859545, 19.548325889357177 ], [ -99.243314979253896, 19.548168744532973 ], [ -99.244011452614075, 19.5478562908797 ], [ -99.244348040205281, 19.548021096371457 ], [ -99.244959611512058, 19.548221447320305 ], [ -99.246091671290543, 19.548639760917347 ], [ -99.246749126793205, 19.548831627949884 ], [ -99.246963268758478, 19.54891033376801 ], [ -99.247067183453666, 19.54897622698148 ], [ -99.247319593205461, 19.548947181586726 ], [ -99.247544017206096, 19.549104905567816 ], [ -99.248662360579061, 19.550481171065822 ] ] ] ] } },
{ "type": "Feature", "properties": { "ENTIDAD": 15, "MUNICIPIO": 13, "LN": 1340, "DISTRITO_F": 22, "DISTRITO_L": 16, "SECCION": "382" }, "geometry": { "type": "MultiPolygon", "coordinates": [ [ [ [ -99.248127418622303, 19.557091105429009 ], [ -99.247527622335809, 19.557199947761472 ], [ -99.247482681092862, 19.557334817671538 ], [ -99.24651414295505, 19.557255978498628 ], [ -99.246110365847443, 19.557228083989592 ], [ -99.245697035234272, 19.557196322667608 ], [ -99.244652075689544, 19.557090425100228 ], [ -99.244483657408125, 19.557059601646024 ], [ -99.244118819683152, 19.557001391562068 ], [ -99.243753982211373, 19.556943180737818 ], [ -99.243676138861503, 19.556830358290078 ], [ -99.243656627207912, 19.556802078997343 ], [ -99.243440323409573, 19.55648857741064 ], [ -99.243333051194469, 19.556333101039169 ], [ -99.24254659907912, 19.555308841211584 ], [ -99.241952045548132, 19.554522849610645 ], [ -99.241466641423628, 19.55389335585857 ], [ -99.240968098569041, 19.552982984491457 ], [ -99.240552292668738, 19.552223687090734 ], [ -99.240657044225188, 19.552119041695292 ], [ -99.240840123464096, 19.552076658188458 ], [ -99.240340989715179, 19.551080477788066 ], [ -99.240467832497217, 19.551027190968203 ], [ -99.240562619841313, 19.550986194537636 ], [ -99.240740871454406, 19.551021377864938 ], [ -99.241770257799416, 19.551308818867266 ], [ -99.242028958745024, 19.551324820444428 ], [ -99.242850738980877, 19.55116568588069 ], [ -99.243074876156697, 19.551132688200106 ], [ -99.243293256709492, 19.551094248637558 ], [ -99.243341761974605, 19.551099755937756 ], [ -99.243862442584557, 19.551158873302363 ], [ -99.244295429531036, 19.551286810088484 ], [ -99.244339769918071, 19.551299911490744 ], [ -99.244696415126398, 19.551462909392558 ], [ -99.245116276743033, 19.551614922076173 ], [ -99.245622257667677, 19.551695975013487 ], [ -99.245996819201409, 19.552300343935411 ], [ -99.246354237539464, 19.552970127686596 ], [ -99.246514644772432, 19.553301166389186 ], [ -99.246481365008407, 19.553405902780433 ], [ -99.246562017040318, 19.553520229174811 ], [ -99.24663331291201, 19.553542004411597 ], [ -99.246713828099331, 19.553585731893413 ], [ -99.246857352573016, 19.553927480375215 ], [ -99.247085158364499, 19.554357830912725 ], [ -99.246681291711425, 19.554661999833179 ], [ -99.246291000340349, 19.554931696373693 ], [ -99.246641950084253, 19.555636422494857 ], [ -99.24666255345403, 19.555783900069777 ], [ -99.246609306613593, 19.556619457087482 ], [ -99.247090944887859, 19.556666171450555 ], [ -99.247627100373109, 19.556712809768211 ], [ -99.248090303469397, 19.556587281963203 ], [ -99.248172665076211, 19.556970457905773 ], [ -99.248127418622303, 19.557091105429009 ] ] ] ] } },
{ "type": "Feature", "properties": { "ENTIDAD": 15, "MUNICIPIO": 13, "LN": 943, "DISTRITO_F": 22, "DISTRITO_L": 16, "SECCION": "391" }, "geometry": { "type": "MultiPolygon", "coordinates": [ [ [ [ -99.244097962532379, 19.544676351047261 ], [ -99.24556870028519, 19.544862739366707 ], [ -99.245793847981517, 19.544824756870124 ], [ -99.245972791633321, 19.544893586542571 ], [ -99.246102238736242, 19.545081791769636 ], [ -99.246112450292117, 19.545263879994788 ], [ -99.246099502746333, 19.545461698226248 ], [ -99.246050015377577, 19.545587353312197 ], [ -99.246003763667304, 19.545662768907796 ], [ -99.24600061356459, 19.545769522720217 ], [ -99.246096866697414, 19.545907538057946 ], [ -99.246236183676558, 19.546051774029209 ], [ -99.246448318958016, 19.546167653334276 ], [ -99.246637176104059, 19.546220770338806 ], [ -99.247143914842766, 19.546235776222513 ], [ -99.247203815200933, 19.54642407574557 ], [ -99.244011452614643, 19.547856291249694 ], [ -99.243314979254436, 19.548168744903055 ], [ -99.243195985955055, 19.548325889727153 ], [ -99.242870156976593, 19.548776115374118 ], [ -99.241581943420883, 19.550306388624076 ], [ -99.241567933495062, 19.55054890389237 ], [ -99.241033163748469, 19.550432457113253 ], [ -99.240198635014195, 19.550794247102715 ], [ -99.240155302470058, 19.55069876715816 ], [ -99.239991739070632, 19.550395747176143 ], [ -99.239880728911913, 19.550190087364541 ], [ -99.239821972755593, 19.550095940895151 ], [ -99.239552790745449, 19.549664622108455 ], [ -99.239492560966482, 19.549212382117382 ], [ -99.23939509525303, 19.548480547540432 ], [ -99.239288583425065, 19.547338998668895 ], [ -99.239246428405494, 19.546887194166331 ], [ -99.239264047114617, 19.546777608185131 ], [ -99.23928498332991, 19.546506202203311 ], [ -99.239209819950972, 19.546175928218354 ], [ -99.239113425067956, 19.54591647662426 ], [ -99.239002990078376, 19.545781776419258 ], [ -99.238913891330213, 19.545647047926458 ], [ -99.238831701421759, 19.545374092736836 ], [ -99.238777900281775, 19.545060646069718 ], [ -99.238815826195534, 19.544251517726494 ], [ -99.238805182638188, 19.544025311705155 ], [ -99.238795709854145, 19.543823987361392 ], [ -99.23879013117481, 19.543705423857475 ], [ -99.238813198966568, 19.543614982354246 ], [ -99.238836266733202, 19.543524540847322 ], [ -99.238828815422949, 19.54341208183606 ], [ -99.239421735501352, 19.543304108925998 ], [ -99.239829753000478, 19.543238175373524 ], [ -99.23991318877431, 19.543298007611231 ], [ -99.240315482157627, 19.543248428659684 ], [ -99.240732080857001, 19.543155234834785 ], [ -99.241131459114882, 19.543078411131468 ], [ -99.241209155294257, 19.543143699793134 ], [ -99.241605643030951, 19.543055980173591 ], [ -99.242042366839001, 19.542968205787385 ], [ -99.242220516449848, 19.542940720209707 ], [ -99.242470289041805, 19.542760556142298 ], [ -99.242763682738499, 19.542922280743699 ], [ -99.242878169596651, 19.542916380343907 ], [ -99.243007957397793, 19.54290969127922 ], [ -99.243539860259062, 19.543046571507162 ], [ -99.243997401310622, 19.543424684947361 ], [ -99.244115290368143, 19.543459946557462 ], [ -99.24429642896817, 19.54350874598321 ], [ -99.244246812617604, 19.543800647280946 ], [ -99.244097962532379, 19.544676351047261 ] ] ] ] } },
{ "type": "Feature", "properties": { "ENTIDAD": 15, "MUNICIPIO": 13, "LN": 4177, "DISTRITO_F": 22, "DISTRITO_L": 16, "SECCION": "399" }, "geometry": { "type": "MultiPolygon", "coordinates": [ [ [ [ -99.251795314989323, 19.54082014202643 ], [ -99.251986003284514, 19.540709617846087 ], [ -99.251996229238642, 19.540447517483102 ], [ -99.252693548853614, 19.539875330323142 ], [ -99.253228255631072, 19.539575534792256 ], [ -99.252951673069177, 19.539488560147859 ], [ -99.253240831542371, 19.539206817465676 ], [ -99.253524169916247, 19.539383809025377 ], [ -99.253678071484089, 19.539624660451459 ], [ -99.253746944380509, 19.540716189721358 ], [ -99.253924921425238, 19.541011588366953 ], [ -99.254189136939189, 19.541229542023405 ], [ -99.254328548385274, 19.541406735033583 ], [ -99.254410358970759, 19.541565815282556 ], [ -99.254439515885451, 19.541802293136723 ], [ -99.254442081632519, 19.543439727972746 ], [ -99.254480898688939, 19.543717128118459 ], [ -99.254624989154067, 19.543816990765194 ], [ -99.254884126811859, 19.5438530128664 ], [ -99.255176834811763, 19.543879890302549 ], [ -99.255536833655398, 19.543983995562083 ], [ -99.255825030850659, 19.544192815884884 ], [ -99.257060527849873, 19.545746627993598 ], [ -99.25866888522819, 19.546422049291838 ], [ -99.258688265118622, 19.546540280902423 ], [ -99.258588285121618, 19.547027106799643 ], [ -99.25880042832938, 19.547148055510256 ], [ -99.258398129362092, 19.547229942819992 ], [ -99.25830058280809, 19.5473801701987 ], [ -99.258263766620715, 19.547653912471805 ], [ -99.258287350921847, 19.547843695747112 ], [ -99.258283523237623, 19.548364594354897 ], [ -99.258253547578221, 19.548547832675425 ], [ -99.258163072601434, 19.548753229210448 ], [ -99.258000418211154, 19.548956521638921 ], [ -99.257705322946563, 19.549329955337988 ], [ -99.257517119622037, 19.549573012914063 ], [ -99.257319697168782, 19.549875677125705 ], [ -99.25745565787274, 19.551097897510118 ], [ -99.257090860316353, 19.551354836439408 ], [ -99.256791229805387, 19.551414048858717 ], [ -99.256408445388303, 19.551414592715926 ], [ -99.256274464909012, 19.551414782882723 ], [ -99.256004340857643, 19.550523576086913 ], [ -99.255796771347249, 19.549975199428534 ], [ -99.255663239383679, 19.549764020795092 ], [ -99.255558467691131, 19.549598325601021 ], [ -99.254752738565742, 19.549864001561051 ], [ -99.254641422604593, 19.549852986878488 ], [ -99.253434793889966, 19.549733586806916 ], [ -99.252840199759859, 19.549528668558011 ], [ -99.252520106374462, 19.549720171407596 ], [ -99.252163359551247, 19.549603097484994 ], [ -99.252000774308911, 19.5497282450109 ], [ -99.25183818881527, 19.549853392391512 ], [ -99.25181127297337, 19.549859273632268 ], [ -99.250749481970544, 19.550091276531369 ], [ -99.24908656420213, 19.550779416246016 ], [ -99.248862435963261, 19.550619838153036 ], [ -99.248662360579061, 19.550481171065822 ], [ -99.247544017206096, 19.549104905567816 ], [ -99.247319593205461, 19.548947181586726 ], [ -99.247067183453666, 19.54897622698148 ], [ -99.246963268758478, 19.54891033376801 ], [ -99.246749126793205, 19.548831627949884 ], [ -99.246091671290543, 19.548639760917347 ], [ -99.244959611512058, 19.548221447320305 ], [ -99.244348040205281, 19.548021096371457 ], [ -99.244011452614075, 19.5478562908797 ], [ -99.247203815200379, 19.546424075375391 ], [ -99.247143914842212, 19.546235775852271 ], [ -99.246637176103505, 19.546220769968556 ], [ -99.246448318957476, 19.546167652964023 ], [ -99.24623618367599, 19.546051773658931 ], [ -99.246096866696845, 19.545907537687707 ], [ -99.246000613564036, 19.545769522349886 ], [ -99.246003763666749, 19.545662768537476 ], [ -99.246050015377023, 19.545587352941897 ], [ -99.24609950274575, 19.54546169785581 ], [ -99.246541684322096, 19.545018499884765 ], [ -99.246811708413091, 19.544831132052018 ], [ -99.2470886580562, 19.544394422175632 ], [ -99.247402176346029, 19.543985365369103 ], [ -99.247566507113135, 19.543955705206315 ], [ -99.247726661079128, 19.543829538446985 ], [ -99.247820880249279, 19.544845303137631 ], [ -99.248397707581631, 19.544831008094263 ], [ -99.248598099318869, 19.544826041517084 ], [ -99.248585819249712, 19.544639572347727 ], [ -99.24881129212568, 19.544623342409871 ], [ -99.248787111396595, 19.544498293592127 ], [ -99.248796791874568, 19.544279086785302 ], [ -99.248806472330017, 19.544059879972988 ], [ -99.248814932897176, 19.543868296213621 ], [ -99.248826969013976, 19.543728501079272 ], [ -99.248855299982907, 19.543399446248483 ], [ -99.248880927247711, 19.543101792966144 ], [ -99.248873096212122, 19.542687895575575 ], [ -99.248764665893162, 19.542374202425844 ], [ -99.248675130601171, 19.542087961879457 ], [ -99.24866582799342, 19.542058221773193 ], [ -99.248504299832348, 19.541533098943244 ], [ -99.248427132697259, 19.541269395402825 ], [ -99.248407719823831, 19.541210662916235 ], [ -99.248299402124459, 19.540882953359926 ], [ -99.248613254797633, 19.540623260555716 ], [ -99.248959920773601, 19.540339933639835 ], [ -99.24903971611927, 19.540274717403538 ], [ -99.249225002859461, 19.540649708450939 ], [ -99.249455152542637, 19.540558422004008 ], [ -99.250736466679754, 19.540770425273134 ], [ -99.251614101639461, 19.540937973283626 ], [ -99.251675538453398, 19.540949701526166 ], [ -99.251795314989323, 19.54082014202643 ] ] ] ] } },
{ "type": "Feature", "properties": { "ENTIDAD": 15, "MUNICIPIO": 13, "LN": 3081, "DISTRITO_F": 22, "DISTRITO_L": 16, "SECCION": "400" }, "geometry": { "type": "MultiPolygon", "coordinates": [ [ [ [ -99.25745565787274, 19.551097897510118 ], [ -99.257319697168782, 19.549875677125705 ], [ -99.257517119622037, 19.549573012914063 ], [ -99.257705322946563, 19.549329955337988 ], [ -99.258000418211154, 19.548956521638921 ], [ -99.258163072601434, 19.548753229210448 ], [ -99.258253547578221, 19.548547832675425 ], [ -99.258283523237623, 19.548364594354897 ], [ -99.258287350921847, 19.547843695747112 ], [ -99.258263766620715, 19.547653912471805 ], [ -99.25830058280809, 19.5473801701987 ], [ -99.258398129362092, 19.547229942819992 ], [ -99.25880042832938, 19.547148055510256 ], [ -99.258588285121618, 19.547027106799643 ], [ -99.258688265118622, 19.546540280902423 ], [ -99.25866888522819, 19.546422049291838 ], [ -99.257060527849873, 19.545746627993598 ], [ -99.255825030850659, 19.544192815884884 ], [ -99.255536833655412, 19.543983995562083 ], [ -99.255176834811763, 19.543879890302549 ], [ -99.254884126811859, 19.5438530128664 ], [ -99.254624989154067, 19.543816990765194 ], [ -99.254480898688939, 19.543717128118459 ], [ -99.254442081632519, 19.543439727972746 ], [ -99.254439515885451, 19.541802293136723 ], [ -99.254410358970759, 19.541565815282556 ], [ -99.254328548385274, 19.541406735033583 ], [ -99.254189136939189, 19.541229542023405 ], [ -99.253924921425238, 19.541011588366953 ], [ -99.253746944380509, 19.540716189721358 ], [ -99.253678071484089, 19.539624660451459 ], [ -99.253524169916247, 19.539383809025377 ], [ -99.253240831541788, 19.539206817094527 ], [ -99.252909701464631, 19.539148151106748 ], [ -99.252146917379093, 19.539176507762122 ], [ -99.251969291363963, 19.53910398045387 ], [ -99.2518154985964, 19.538931354018267 ], [ -99.251781682397677, 19.538781302528911 ], [ -99.251829383754838, 19.538603846787343 ], [ -99.252399447028964, 19.538052689855874 ], [ -99.252773194070201, 19.537751970208689 ], [ -99.252969492267397, 19.537492434269367 ], [ -99.252988243445301, 19.537210404542197 ], [ -99.252569700049122, 19.535924624737781 ], [ -99.252332640704722, 19.535196360494567 ], [ -99.251995479824842, 19.534337174864035 ], [ -99.251807351515069, 19.534018711723267 ], [ -99.25201127497364, 19.534020119507279 ], [ -99.252495378523889, 19.534199528722418 ], [ -99.252763632184028, 19.534331740585007 ], [ -99.253133001888486, 19.534669567789496 ], [ -99.25371744762343, 19.535099929247988 ], [ -99.254131235203744, 19.535276920573018 ], [ -99.254760878075516, 19.535453177301395 ], [ -99.255704563122165, 19.535547915213453 ], [ -99.25579495543505, 19.535429452151565 ], [ -99.256121818806577, 19.534952557908404 ], [ -99.255854820082163, 19.53465602439481 ], [ -99.259609898429375, 19.532008331745427 ], [ -99.259169601897653, 19.531137697687768 ], [ -99.257149801102472, 19.53104305255756 ], [ -99.257060427515682, 19.530903386986907 ], [ -99.257075790865443, 19.530861102231185 ], [ -99.257091154207316, 19.530818817474074 ], [ -99.257225544781477, 19.530705614317554 ], [ -99.257337311557691, 19.530360077209711 ], [ -99.25760454609636, 19.530219903883083 ], [ -99.257624191875749, 19.529634697132177 ], [ -99.257485526185164, 19.528682353636107 ], [ -99.256634392638688, 19.529988887270719 ], [ -99.256337131125221, 19.530111630867179 ], [ -99.255674135002437, 19.530115967635606 ], [ -99.255366051710482, 19.530194553176628 ], [ -99.254739356547361, 19.530494446331655 ], [ -99.254270027547136, 19.530590246316784 ], [ -99.253519385377686, 19.53051860852079 ], [ -99.252516632389231, 19.530641102742337 ], [ -99.251950406027291, 19.530012465486596 ], [ -99.251955707954835, 19.529964888485253 ], [ -99.251961009879466, 19.529917311483494 ], [ -99.252007393620019, 19.529784731478749 ], [ -99.252121895516041, 19.529669045617119 ], [ -99.252383395574157, 19.529593928467111 ], [ -99.253067728453047, 19.529484241209694 ], [ -99.253522585575098, 19.529351897766645 ], [ -99.253748338651107, 19.529286213033537 ], [ -99.253870059572776, 19.529204494233703 ], [ -99.254192026687988, 19.528851573934201 ], [ -99.254575008759332, 19.528530732673605 ], [ -99.25484355077225, 19.528377451991751 ], [ -99.255165869870609, 19.528237686335469 ], [ -99.255420225375602, 19.528179564047932 ], [ -99.255775070025749, 19.528213040649742 ], [ -99.255871804523778, 19.528195914616028 ], [ -99.255993566368602, 19.528141376971309 ], [ -99.256068648403314, 19.528029142272139 ], [ -99.256072001930022, 19.527883030861421 ], [ -99.256039550178215, 19.527757357137606 ], [ -99.25593905563359, 19.527662360211018 ], [ -99.255681743369536, 19.527548897013123 ], [ -99.255424431461151, 19.527435433443458 ], [ -99.255383209549322, 19.527380239921797 ], [ -99.255362598603966, 19.527352643157055 ], [ -99.255341987665631, 19.527325046389929 ], [ -99.255316692611387, 19.527291177865962 ], [ -99.255291545313369, 19.52718098514908 ], [ -99.255264368295386, 19.527061898242295 ], [ -99.255109893028745, 19.526551603386078 ], [ -99.255087328624086, 19.52629066991539 ], [ -99.255289492812551, 19.525817499885584 ], [ -99.255370891684905, 19.525587860593649 ], [ -99.255335576364672, 19.525388894549909 ], [ -99.255257370136917, 19.525211677965785 ], [ -99.255080144187474, 19.524957283977226 ], [ -99.254614116582033, 19.524491455039001 ], [ -99.254500970162937, 19.524384907437462 ], [ -99.254503454697939, 19.524318910379591 ], [ -99.254588668338371, 19.524164913578964 ], [ -99.255367196121725, 19.523331994729524 ], [ -99.255484884198609, 19.523206083460586 ], [ -99.255568154449975, 19.523203654874816 ], [ -99.256123855159586, 19.523187446820621 ], [ -99.256232840711931, 19.523116361599175 ], [ -99.256241808557974, 19.52309758085218 ], [ -99.256388181263276, 19.522791041826853 ], [ -99.256799273645385, 19.522562888772118 ], [ -99.257369231515639, 19.52226948883192 ], [ -99.257705582378549, 19.522085771853426 ], [ -99.258181424353879, 19.521782324977544 ], [ -99.258262970157276, 19.521730322560185 ], [ -99.258635048169879, 19.521524531356636 ], [ -99.258742425167625, 19.521465142385253 ], [ -99.258977169742238, 19.5213353075128 ], [ -99.259096045602064, 19.521269558270692 ], [ -99.25942939565364, 19.521161206400311 ], [ -99.259698784856596, 19.521014524922784 ], [ -99.259759465315383, 19.520950895579102 ], [ -99.259701613897661, 19.52083423836093 ], [ -99.25957686697933, 19.520793041152459 ], [ -99.259391312301304, 19.520735676107495 ], [ -99.259438757519177, 19.520622011117855 ], [ -99.259504477266177, 19.520464565372588 ], [ -99.259543999585233, 19.520470982824111 ], [ -99.259971188239561, 19.52054037138819 ], [ -99.26019697181907, 19.519471810790105 ], [ -99.260578262584787, 19.519527905548543 ], [ -99.260658226895643, 19.519535518840215 ], [ -99.260894212422286, 19.519489255713474 ], [ -99.261116316254459, 19.519474024334126 ], [ -99.261267722570352, 19.519501763487511 ], [ -99.261385834328365, 19.519605968678412 ], [ -99.261457597701238, 19.519807915684826 ], [ -99.261525503156079, 19.519632863277227 ], [ -99.261664452437699, 19.51937837220585 ], [ -99.261945134612418, 19.519025500654266 ], [ -99.2619580576837, 19.519009093245536 ], [ -99.262039466429059, 19.519022174103092 ], [ -99.262498403287083, 19.519095924500164 ], [ -99.262549881723331, 19.519104196696148 ], [ -99.262601360164624, 19.519112468877314 ], [ -99.263066031945158, 19.519187148936346 ], [ -99.263220885566554, 19.519212036297379 ], [ -99.263640045257517, 19.519279375434021 ], [ -99.2637174039087, 19.519291814585333 ], [ -99.26380207472593, 19.519305427238834 ], [ -99.264151705090526, 19.51937843746769 ], [ -99.264137685456845, 19.519498146786901 ], [ -99.26413084950984, 19.519556516764247 ], [ -99.264129005871041, 19.51960267331626 ], [ -99.264124440123922, 19.519716979311593 ], [ -99.264013384293833, 19.51970245624139 ], [ -99.263969358573121, 19.519953994293232 ], [ -99.263718983906614, 19.521384478389276 ], [ -99.2634265581341, 19.521411314849008 ], [ -99.263393189717689, 19.521500929313248 ], [ -99.263299854741405, 19.521583203380267 ], [ -99.26299659754072, 19.521549060193401 ], [ -99.262415125392835, 19.521459120649254 ], [ -99.261817706366656, 19.521375686907849 ], [ -99.26149621218822, 19.521341567599798 ], [ -99.261218067266043, 19.521329000410784 ], [ -99.260938370311933, 19.521424603595094 ], [ -99.260328147911125, 19.521734241475901 ], [ -99.260302293597675, 19.521747496319552 ], [ -99.259867186574752, 19.521946982923492 ], [ -99.25932497658782, 19.522174722009499 ], [ -99.259305380021459, 19.522300368794355 ], [ -99.25926630376172, 19.522550912445951 ], [ -99.259420073149897, 19.522938862768989 ], [ -99.259499677422227, 19.52307799109354 ], [ -99.259199090784989, 19.523290252185678 ], [ -99.258884804286993, 19.523489563214454 ], [ -99.259228740397262, 19.523748820768787 ], [ -99.259674552913509, 19.524089336150144 ], [ -99.260541770438067, 19.524658732508051 ], [ -99.26087682137323, 19.524898504026549 ], [ -99.260901094428618, 19.52491587442989 ], [ -99.261023299977793, 19.525003327658943 ], [ -99.260694606110604, 19.525289544242703 ], [ -99.26187263993009, 19.526299075022493 ], [ -99.261916430072787, 19.526336601136855 ], [ -99.262133461562485, 19.526404843186146 ], [ -99.262449478225591, 19.527001806376504 ], [ -99.263028586214048, 19.527402510444201 ], [ -99.264061645090905, 19.527459767281378 ], [ -99.264405759486564, 19.52734491235837 ], [ -99.265126132657642, 19.52664439896413 ], [ -99.265510847784128, 19.525884124936191 ], [ -99.265971409642674, 19.52603736934066 ], [ -99.266241585813191, 19.526126306424619 ], [ -99.266125811709884, 19.526684077279185 ], [ -99.265782377906447, 19.527883865799627 ], [ -99.26578334774338, 19.52847686787586 ], [ -99.266317755035971, 19.529883358168053 ], [ -99.26773723603894, 19.530638245759839 ], [ -99.269935497366646, 19.531023439592985 ], [ -99.271088588776166, 19.530068213598028 ], [ -99.27190682436833, 19.529343031039051 ], [ -99.271514020368386, 19.529168923556153 ], [ -99.271421859500691, 19.529128467841854 ], [ -99.271376918249416, 19.52910274846106 ], [ -99.270242186106501, 19.528439821918202 ], [ -99.272673187546701, 19.524574011220295 ], [ -99.27237818744706, 19.5243205273736 ], [ -99.272000186066521, 19.524024446987521 ], [ -99.272207910347134, 19.523303585711872 ], [ -99.273354740017041, 19.523157452035779 ], [ -99.27317045247149, 19.523982670772742 ], [ -99.273636965973012, 19.525187123965686 ], [ -99.28161327628645, 19.527991157914595 ], [ -99.281384392167865, 19.528645767333071 ], [ -99.281158228800237, 19.529413009159374 ], [ -99.280989550763891, 19.529983466133643 ], [ -99.280440710259796, 19.532391138502692 ], [ -99.280324359728141, 19.532839325797635 ], [ -99.280280382636946, 19.533099774014492 ], [ -99.280293258623701, 19.533540102588574 ], [ -99.280245235926373, 19.533796727935673 ], [ -99.280245552978471, 19.533980525085113 ], [ -99.280189426093543, 19.534221846503744 ], [ -99.280130653100017, 19.534421218093136 ], [ -99.280117150475931, 19.534467022046876 ], [ -99.279960224826482, 19.534808056632762 ], [ -99.279766936043345, 19.535141489135938 ], [ -99.279678523907506, 19.53539817681995 ], [ -99.279650235890486, 19.535533420263629 ], [ -99.279638465317234, 19.535589694656878 ], [ -99.279582304053136, 19.535811870328612 ], [ -99.2795504415311, 19.536072299562019 ], [ -99.279413766669975, 19.536447764366162 ], [ -99.279381916938462, 19.536715851769245 ], [ -99.279245524228784, 19.537255967998025 ], [ -99.279193176970196, 19.537347947672121 ], [ -99.279181244654779, 19.537455181363342 ], [ -99.279124950549203, 19.537600774741779 ], [ -99.279129219731971, 19.53773478721488 ], [ -99.279089087579862, 19.537884184730128 ], [ -99.278940484223213, 19.538370711915313 ], [ -99.278948936857518, 19.538588958474378 ], [ -99.278852483261858, 19.538868632799005 ], [ -99.278776046433123, 19.539044890063163 ], [ -99.278748227539396, 19.539309141960221 ], [ -99.27868791978841, 19.539470057837647 ], [ -99.278658057324549, 19.539658376944011 ], [ -99.278612001448764, 19.53994881434593 ], [ -99.278074587643275, 19.542170528920689 ], [ -99.27790014340836, 19.542902158184745 ], [ -99.277725697644172, 19.543633787240619 ], [ -99.277276897532715, 19.545725174915368 ], [ -99.277179269838626, 19.546009762703235 ], [ -99.277105638334376, 19.54641191686574 ], [ -99.276867945698839, 19.546363312495025 ], [ -99.276557753904171, 19.546207087374814 ], [ -99.27629922508072, 19.546055679584853 ], [ -99.276025292116984, 19.545958160680758 ], [ -99.27614769722868, 19.545930630547275 ], [ -99.276002824957132, 19.545823077424117 ], [ -99.275609748498937, 19.545617926184338 ], [ -99.275237492313494, 19.545500921520507 ], [ -99.274898835643313, 19.545469337044207 ], [ -99.272043858226141, 19.545417579939905 ], [ -99.271992938756526, 19.545868350219852 ], [ -99.272119470583647, 19.547367205612854 ], [ -99.271478748032223, 19.547397562758842 ], [ -99.27070293459721, 19.54698722425583 ], [ -99.270258725134582, 19.547105461641046 ], [ -99.270249336125516, 19.547673741494165 ], [ -99.268730975976084, 19.548214879544535 ], [ -99.268659765472748, 19.54890082349781 ], [ -99.268639720304733, 19.548938978518791 ], [ -99.268433105561712, 19.549332258657177 ], [ -99.268386309481144, 19.549365155900418 ], [ -99.267958238317021, 19.549666085077675 ], [ -99.267039181222216, 19.550137735137188 ], [ -99.266481578633488, 19.550442286951693 ], [ -99.266450830293323, 19.550599095281498 ], [ -99.265975778619449, 19.550825142258002 ], [ -99.266073563729861, 19.550267247724666 ], [ -99.266031483876333, 19.5501185839166 ], [ -99.265958181427095, 19.550064159079444 ], [ -99.265980357071257, 19.549981304983046 ], [ -99.266034960989842, 19.549342768436297 ], [ -99.265743205811958, 19.548725198183359 ], [ -99.265224002400444, 19.548810688873573 ], [ -99.264766753134111, 19.548885977046105 ], [ -99.264753373929153, 19.549038881622611 ], [ -99.264488062314072, 19.549312740606673 ], [ -99.264398427097177, 19.549320817695079 ], [ -99.263929370319389, 19.549363083972505 ], [ -99.263904921996541, 19.549370849301809 ], [ -99.263398127351095, 19.549531817605008 ], [ -99.262989460706137, 19.549650845128426 ], [ -99.261833892690106, 19.550020739944355 ], [ -99.261797348159618, 19.549895900966053 ], [ -99.260672325727825, 19.550150865056384 ], [ -99.260621166608686, 19.550162459074009 ], [ -99.25994037457879, 19.550261167368795 ], [ -99.259442146356662, 19.550268729043232 ], [ -99.259038855116671, 19.550297667016309 ], [ -99.258993928733972, 19.550587189958879 ], [ -99.258371178809242, 19.550781706185504 ], [ -99.257987673692298, 19.550928939465951 ], [ -99.257583515015355, 19.55106251078865 ], [ -99.25745565787274, 19.551097897510118 ] ] ] ] } },
{ "type": "Feature", "properties": { "ENTIDAD": 15, "MUNICIPIO": 13, "LN": 2884, "DISTRITO_F": 22, "DISTRITO_L": 16, "SECCION": "401" }, "geometry": { "type": "MultiPolygon", "coordinates": [ [ [ [ -99.247022851758686, 19.53585624312279 ], [ -99.246357923357209, 19.535544535587427 ], [ -99.246519068976724, 19.535298942461278 ], [ -99.246709504698188, 19.534924394568847 ], [ -99.246977647637607, 19.534582894879534 ], [ -99.247298997223211, 19.534329250958674 ], [ -99.247243302427066, 19.534094210083573 ], [ -99.248250016454449, 19.534121251166777 ], [ -99.24883684499234, 19.534233187462171 ], [ -99.248504671251922, 19.534752263572805 ], [ -99.249576403974217, 19.535712862615501 ], [ -99.249125432416378, 19.536311024086491 ], [ -99.248916810889355, 19.53674721215139 ], [ -99.248998874426093, 19.536783477138261 ], [ -99.249079443112691, 19.536826163801603 ], [ -99.249106482317728, 19.536796168147319 ], [ -99.249272015647506, 19.53687339585354 ], [ -99.248917125923384, 19.537498694796685 ], [ -99.248929411922617, 19.538913520844567 ], [ -99.248954777220135, 19.538959847982333 ], [ -99.24899699555958, 19.538999757124074 ], [ -99.249704450158305, 19.540133852434142 ], [ -99.249811282897255, 19.540247211911264 ], [ -99.249827363575733, 19.540286757309609 ], [ -99.249896436854414, 19.540282451368803 ], [ -99.249905445186926, 19.540345401271441 ], [ -99.249859521267027, 19.540363450068213 ], [ -99.249952252826631, 19.540491982163886 ], [ -99.250156717324984, 19.54051871977833 ], [ -99.25025454249112, 19.540510209634807 ], [ -99.250916221518395, 19.540654533669798 ], [ -99.251440780845272, 19.540748827659929 ], [ -99.251707885352985, 19.540802555948659 ], [ -99.251795314989891, 19.540820142397372 ], [ -99.251675538453966, 19.540949701897176 ], [ -99.251614101639461, 19.540937973283626 ], [ -99.250736466680323, 19.540770425644133 ], [ -99.249455152543192, 19.540558422375074 ], [ -99.24922500286003, 19.54064970882202 ], [ -99.249039716119853, 19.54027471777464 ], [ -99.248959920774169, 19.54033993401092 ], [ -99.248613254798187, 19.54062326092669 ], [ -99.24845145886438, 19.540480637950704 ], [ -99.248211432731765, 19.540268465292318 ], [ -99.248045134485679, 19.540112344219974 ], [ -99.247957038913569, 19.540060070563449 ], [ -99.247693504060734, 19.539903695268627 ], [ -99.247486360944549, 19.539792958771777 ], [ -99.247243771484108, 19.539653869987617 ], [ -99.247076918025883, 19.539548581775996 ], [ -99.246349659208036, 19.53908966199657 ], [ -99.246221752823132, 19.53914921930442 ], [ -99.245636420625715, 19.539271363760953 ], [ -99.245400677108393, 19.539326388903284 ], [ -99.245380517222145, 19.539331094427563 ], [ -99.245184497722875, 19.539371379472922 ], [ -99.244988478123915, 19.539411664306417 ], [ -99.244761235250508, 19.538611592934856 ], [ -99.244583297995234, 19.537999930905638 ], [ -99.244728816258402, 19.536977313676832 ], [ -99.244946808162425, 19.5370622200236 ], [ -99.245256067168341, 19.537076101956181 ], [ -99.245505122475834, 19.537087281095236 ], [ -99.245730745796507, 19.53681587817016 ], [ -99.246365706992734, 19.537101601134992 ], [ -99.246612844731175, 19.536652018819474 ], [ -99.246986194138628, 19.536821912310909 ], [ -99.24731319331292, 19.536955722292092 ], [ -99.247162551897361, 19.53639049905409 ], [ -99.247022851758686, 19.53585624312279 ] ] ] ] } },
{ "type": "Feature", "properties": { "ENTIDAD": 15, "MUNICIPIO": 13, "LN": 1834, "DISTRITO_F": 22, "DISTRITO_L": 16, "SECCION": "403" }, "geometry": { "type": "MultiPolygon", "coordinates": [ [ [ [ -99.246534163608089, 19.543812766830509 ], [ -99.245165721207968, 19.543375072059973 ], [ -99.244274425501985, 19.543096846682648 ], [ -99.243879760306356, 19.542723756372677 ], [ -99.243508637236644, 19.542589250140335 ], [ -99.243107727503485, 19.542467341994165 ], [ -99.24312417831527, 19.542395106907083 ], [ -99.242941936214592, 19.542332558179051 ], [ -99.242706391329108, 19.542059721400772 ], [ -99.242490999176525, 19.54197523888222 ], [ -99.242381471559113, 19.541815261463871 ], [ -99.242238859245617, 19.541677306191854 ], [ -99.241910647884552, 19.541445408573374 ], [ -99.241744961454543, 19.541379696756199 ], [ -99.241569400584368, 19.541354814011811 ], [ -99.241340870217002, 19.541342560633428 ], [ -99.240930141653479, 19.541296013372875 ], [ -99.240800857205073, 19.541211413973848 ], [ -99.240631771298823, 19.541086051464376 ], [ -99.240548707597711, 19.540904059789078 ], [ -99.240521795052786, 19.540621523106161 ], [ -99.24059096502512, 19.540367115751735 ], [ -99.240564340852359, 19.54027923974872 ], [ -99.240286247421082, 19.540342403674153 ], [ -99.24026977696056, 19.540402079776346 ], [ -99.239875748900587, 19.54044969872486 ], [ -99.240295035822726, 19.541805489618657 ], [ -99.239894482862681, 19.541922190584035 ], [ -99.239442039816495, 19.540538185437189 ], [ -99.239011581926889, 19.540585850777891 ], [ -99.238561253273858, 19.540633541331605 ], [ -99.238081576560177, 19.540655458576779 ], [ -99.238070385885436, 19.540618783720802 ], [ -99.238059195215868, 19.540582108863838 ], [ -99.237810544452529, 19.539765888263343 ], [ -99.237586838694781, 19.538983345438691 ], [ -99.238042352239205, 19.538852603158205 ], [ -99.238417719986629, 19.538737354817027 ], [ -99.238826839502153, 19.538622229235525 ], [ -99.239185722544377, 19.538522840586658 ], [ -99.239585067915797, 19.538411412504978 ], [ -99.239963672060441, 19.538317728983706 ], [ -99.240025672146189, 19.538509348053779 ], [ -99.240216517690726, 19.539099177180674 ], [ -99.240634301218009, 19.539440848067681 ], [ -99.241736778463974, 19.539219597890373 ], [ -99.243335981708199, 19.53897883461665 ], [ -99.243412282904387, 19.53906664330081 ], [ -99.243442200932407, 19.539105530751776 ], [ -99.243478729043886, 19.53920784003806 ], [ -99.243548293616286, 19.539385681885353 ], [ -99.24349919247679, 19.539603413969207 ], [ -99.241888457821986, 19.539968494991761 ], [ -99.242097172045618, 19.540088569627748 ], [ -99.242771637337682, 19.540349200251811 ], [ -99.243170206533634, 19.540589731845344 ], [ -99.243495788874043, 19.540756388309351 ], [ -99.243763131581559, 19.540989445040189 ], [ -99.243931423692572, 19.54110950261304 ], [ -99.24442850739409, 19.541288670649472 ], [ -99.244707036909816, 19.541397296773486 ], [ -99.24543387526262, 19.541838060432681 ], [ -99.245924267690597, 19.541986555781175 ], [ -99.246832333112977, 19.54239727768438 ], [ -99.247674097439344, 19.542615236175251 ], [ -99.248001086926976, 19.542752475750437 ], [ -99.24815861807798, 19.542878473555557 ], [ -99.248074326880413, 19.543159702558718 ], [ -99.248123001771901, 19.543331745861657 ], [ -99.248213914487664, 19.543423413056583 ], [ -99.248261596139045, 19.543549923112078 ], [ -99.248446653287488, 19.543631933418254 ], [ -99.24848408525942, 19.543707940911251 ], [ -99.248471591088332, 19.543813974230332 ], [ -99.248467623461224, 19.543923758774042 ], [ -99.248008477114098, 19.543874779325517 ], [ -99.247726661079128, 19.543829538446985 ], [ -99.247566507113135, 19.543955705206315 ], [ -99.247402176346029, 19.543985365369103 ], [ -99.2470886580562, 19.544394422175632 ], [ -99.246811708413091, 19.544831132052018 ], [ -99.246541684322096, 19.545018499884765 ], [ -99.24609950274575, 19.54546169785581 ], [ -99.246112450291562, 19.545263879624372 ], [ -99.246102238735673, 19.545081791399177 ], [ -99.245972791632767, 19.544893586172119 ], [ -99.24579384798038, 19.544824756129248 ], [ -99.245568700284636, 19.544862738996315 ], [ -99.244097962531256, 19.544676350306403 ], [ -99.244246812617064, 19.543800646910473 ], [ -99.244296428967615, 19.543508745612662 ], [ -99.245053664784891, 19.543736288755262 ], [ -99.245805826212802, 19.543986442349141 ], [ -99.246584460654788, 19.544220858189654 ], [ -99.246534163608089, 19.543812766830509 ] ] ] ] } },
{ "type": "Feature", "properties": { "ENTIDAD": 15, "MUNICIPIO": 13, "LN": 1484, "DISTRITO_F": 22, "DISTRITO_L": 16, "SECCION": "404" }, "geometry": { "type": "MultiPolygon", "coordinates": [ [ [ [ -99.246584460655356, 19.544220858560156 ], [ -99.24580582621337, 19.543986442719643 ], [ -99.245053664785445, 19.543736289125889 ], [ -99.24429642896817, 19.54350874598321 ], [ -99.244115290368143, 19.543459946557462 ], [ -99.243997401310622, 19.543424684947361 ], [ -99.243539860259062, 19.543046571507162 ], [ -99.243007957397793, 19.54290969127922 ], [ -99.242878169596651, 19.542916380343907 ], [ -99.242763682738499, 19.542922280743699 ], [ -99.242470289041805, 19.542760556142298 ], [ -99.242220516449848, 19.542940720209707 ], [ -99.242042366839001, 19.542968205787385 ], [ -99.241605643030951, 19.543055980173591 ], [ -99.241209155294257, 19.543143699793134 ], [ -99.241131459114882, 19.543078411131468 ], [ -99.240732080857001, 19.543155234834785 ], [ -99.240315482157627, 19.543248428659684 ], [ -99.23991318877431, 19.543298007611231 ], [ -99.239829753000478, 19.543238175373524 ], [ -99.239421735501352, 19.543304108925998 ], [ -99.238828815422949, 19.54341208183606 ], [ -99.238803184975765, 19.542909812910512 ], [ -99.238603135382519, 19.54228641261594 ], [ -99.238472059133954, 19.541876530639943 ], [ -99.238081576560731, 19.540655458947764 ], [ -99.238561253274412, 19.540633541702586 ], [ -99.239011581927429, 19.54058585114883 ], [ -99.239442039817035, 19.540538185808195 ], [ -99.239894482863235, 19.541922190954857 ], [ -99.240295035823266, 19.541805489989503 ], [ -99.239875748901142, 19.540449699095905 ], [ -99.2402697769611, 19.540402080147391 ], [ -99.240286247421636, 19.540342404045209 ], [ -99.240564340852885, 19.540279240119812 ], [ -99.240590965025675, 19.54036711612272 ], [ -99.24052179505334, 19.5406215234771 ], [ -99.240548707598265, 19.540904060160035 ], [ -99.240631771299377, 19.541086051835325 ], [ -99.240800857205613, 19.541211414344833 ], [ -99.240930141654033, 19.541296013743846 ], [ -99.241340870217542, 19.541342561004441 ], [ -99.241569400584922, 19.541354814382679 ], [ -99.241744961455097, 19.541379697127148 ], [ -99.241910647885092, 19.541445408944384 ], [ -99.242238859246157, 19.541677306562729 ], [ -99.242381471559668, 19.54181526183466 ], [ -99.242490999177093, 19.541975239253031 ], [ -99.242706391329648, 19.542059721771533 ], [ -99.242941936215132, 19.542332558549855 ], [ -99.243124178315838, 19.542395107277908 ], [ -99.243107727504054, 19.542467342364958 ], [ -99.243508637237198, 19.54258925051105 ], [ -99.243879760306896, 19.542723756743477 ], [ -99.244274425502539, 19.543096847053334 ], [ -99.245165721208522, 19.54337507243055 ], [ -99.246534163608658, 19.543812767201135 ], [ -99.246584460655356, 19.544220858560156 ] ] ] ] } },
{ "type": "Feature", "properties": { "ENTIDAD": 15, "MUNICIPIO": 13, "LN": 1647, "DISTRITO_F": 22, "DISTRITO_L": 16, "SECCION": "405" }, "geometry": { "type": "MultiPolygon", "coordinates": [ [ [ [ -99.238081576560731, 19.540655458947764 ], [ -99.236471185499013, 19.540954235875152 ], [ -99.236208082667247, 19.540978178147313 ], [ -99.235824073963272, 19.540998906719494 ], [ -99.235795181268571, 19.540692168757516 ], [ -99.235769643926261, 19.540247208783853 ], [ -99.235268297306263, 19.540271460390599 ], [ -99.234830863985493, 19.540231575484562 ], [ -99.234272238784342, 19.539989576981519 ], [ -99.234574279785235, 19.539684207458443 ], [ -99.23481141048498, 19.539375243434122 ], [ -99.235024940660708, 19.539168345609717 ], [ -99.235039867932642, 19.53915388195697 ], [ -99.23527313972852, 19.538885607351183 ], [ -99.235312187336177, 19.538840700471059 ], [ -99.235747119214309, 19.53841051772547 ], [ -99.236072151559171, 19.538043042954659 ], [ -99.236115898241835, 19.537871973657698 ], [ -99.236083447587959, 19.537754602754074 ], [ -99.236036730799199, 19.537447591566643 ], [ -99.235982514901579, 19.537286815018096 ], [ -99.236022380921199, 19.537096284599919 ], [ -99.236093654029787, 19.536981354054472 ], [ -99.236217134983264, 19.53675673318434 ], [ -99.236252974122451, 19.536601732524495 ], [ -99.236318583496825, 19.536317977830585 ], [ -99.236359462926544, 19.536050220352113 ], [ -99.236469678963246, 19.536098824066308 ], [ -99.236544664409635, 19.536232198848914 ], [ -99.237002167630919, 19.536202402247952 ], [ -99.237371254475249, 19.535880748652531 ], [ -99.238003937425077, 19.535406219102054 ], [ -99.238111373930082, 19.535625053182507 ], [ -99.238108219612528, 19.535756760050496 ], [ -99.23826288602848, 19.536074830426742 ], [ -99.238368664169229, 19.53633444764499 ], [ -99.23839368432715, 19.536395855886997 ], [ -99.238655609980071, 19.536960403663439 ], [ -99.238816438785179, 19.537064918637302 ], [ -99.239067638160748, 19.537162966818357 ], [ -99.239221674479907, 19.537200845680214 ], [ -99.23942341317381, 19.537261889193545 ], [ -99.239234497446503, 19.53737935338884 ], [ -99.239140090236262, 19.537472560052173 ], [ -99.239292846127142, 19.537493042665581 ], [ -99.239417805153593, 19.537885754813768 ], [ -99.239585067916352, 19.538411412876286 ], [ -99.239185722544917, 19.53852284095791 ], [ -99.238826839502693, 19.538622229606815 ], [ -99.238417719987183, 19.538737355188349 ], [ -99.238042352239731, 19.538852603529449 ], [ -99.237586838695321, 19.538983345809839 ], [ -99.237810544453069, 19.539765888634456 ], [ -99.238059195216408, 19.540582109234911 ], [ -99.238070385886004, 19.540618784091787 ], [ -99.238081576560731, 19.540655458947764 ] ] ] ] } },
{ "type": "Feature", "properties": { "ENTIDAD": 15, "MUNICIPIO": 13, "LN": 1544, "DISTRITO_F": 22, "DISTRITO_L": 16, "SECCION": "406" }, "geometry": { "type": "MultiPolygon", "coordinates": [ [ [ [ -99.236359462926004, 19.536050219980496 ], [ -99.236357594735921, 19.535875872064302 ], [ -99.236096905714376, 19.534718252468036 ], [ -99.235940655741075, 19.534009507476391 ], [ -99.235906852847037, 19.533846888277463 ], [ -99.235837178601017, 19.533521519070501 ], [ -99.235757133816932, 19.53314771916661 ], [ -99.235601547636378, 19.532421144453789 ], [ -99.235445962883489, 19.531694569534288 ], [ -99.235329436597922, 19.531156804397124 ], [ -99.235482779127153, 19.531221961051504 ], [ -99.235740606751207, 19.531294024261914 ], [ -99.235922032866441, 19.531339037107536 ], [ -99.236093834891321, 19.531329762885228 ], [ -99.236370542886419, 19.531257001985676 ], [ -99.236693479146766, 19.531129555320991 ], [ -99.236761675282409, 19.531102641644441 ], [ -99.237186212047533, 19.530945974155582 ], [ -99.237572484269393, 19.530732794037078 ], [ -99.237853946626458, 19.530648712242471 ], [ -99.238144970507477, 19.530575929801266 ], [ -99.238338551358751, 19.530526713754831 ], [ -99.238359658779629, 19.530521347384234 ], [ -99.238668279509426, 19.530489359286147 ], [ -99.238691305937522, 19.530486972608148 ], [ -99.238975080677676, 19.530496137947015 ], [ -99.239002991484668, 19.530497039384414 ], [ -99.239027792127573, 19.530497840368902 ], [ -99.23918775808859, 19.530554190701725 ], [ -99.239347830803268, 19.530682940016188 ], [ -99.239384638592682, 19.530739137566162 ], [ -99.239521630276784, 19.530948293885075 ], [ -99.239534383353572, 19.53096776500885 ], [ -99.239697039985899, 19.531229996714107 ], [ -99.239842852616135, 19.531397226585611 ], [ -99.240088884489097, 19.531559798292946 ], [ -99.240132736313612, 19.531578109614028 ], [ -99.240315725849328, 19.531654520872461 ], [ -99.240497130140085, 19.531683691801266 ], [ -99.24068071780917, 19.531673249594721 ], [ -99.240864305452419, 19.531662807201894 ], [ -99.241086204734174, 19.532304913878331 ], [ -99.241124482787725, 19.532415677961744 ], [ -99.241131947990183, 19.532437279780691 ], [ -99.241256819725251, 19.532779168935143 ], [ -99.2414412481764, 19.53334644915283 ], [ -99.241455241008381, 19.53338548956873 ], [ -99.241593337997742, 19.533770783169214 ], [ -99.241310230808409, 19.533868815205764 ], [ -99.240777031945129, 19.534053445414234 ], [ -99.240117892537299, 19.534294487468159 ], [ -99.239520612856637, 19.534566634052744 ], [ -99.239466010671265, 19.534590740442699 ], [ -99.238816610177039, 19.534877443302683 ], [ -99.238490459982472, 19.535072736879673 ], [ -99.238003937424523, 19.535406218730323 ], [ -99.237371254474724, 19.535880748280928 ], [ -99.237002167630394, 19.536202401876334 ], [ -99.236544664409109, 19.536232198477318 ], [ -99.236469678962678, 19.536098823694701 ], [ -99.236359462926004, 19.536050219980496 ] ] ] ] } },
{ "type": "Feature", "properties": { "ENTIDAD": 15, "MUNICIPIO": 13, "LN": 894, "DISTRITO_F": 22, "DISTRITO_L": 16, "SECCION": "407" }, "geometry": { "type": "MultiPolygon", "coordinates": [ [ [ [ -99.240300991269876, 19.537018876329014 ], [ -99.239973046401772, 19.537097142751392 ], [ -99.239645101211053, 19.537175408581327 ], [ -99.23942341317381, 19.537261889193545 ], [ -99.239221674479907, 19.537200845680214 ], [ -99.239067638160748, 19.537162966818357 ], [ -99.238816438785179, 19.537064918637302 ], [ -99.238655609980071, 19.536960403663439 ], [ -99.23839368432715, 19.536395855886997 ], [ -99.238368664169229, 19.53633444764499 ], [ -99.23826288602848, 19.536074830426742 ], [ -99.238108219612528, 19.535756760050496 ], [ -99.238111373930082, 19.535625053182507 ], [ -99.238003937425077, 19.535406219102054 ], [ -99.238490459983026, 19.535072737251429 ], [ -99.238816610177579, 19.534877443674443 ], [ -99.239466010671819, 19.534590740814494 ], [ -99.239520612857177, 19.534566634424511 ], [ -99.239669064365685, 19.534990734360608 ], [ -99.239674774694763, 19.535012070493561 ], [ -99.239702654673493, 19.535116241450492 ], [ -99.23980927915467, 19.535465328246012 ], [ -99.239941191137135, 19.535897203678861 ], [ -99.24006039579605, 19.536268824635638 ], [ -99.240300991269876, 19.537018876329014 ] ] ] ] } },
{ "type": "Feature", "properties": { "ENTIDAD": 15, "MUNICIPIO": 13, "LN": 2623, "DISTRITO_F": 22, "DISTRITO_L": 16, "SECCION": "408" }, "geometry": { "type": "MultiPolygon", "coordinates": [ [ [ [ -99.243335981708768, 19.538978834987901 ], [ -99.241736778464528, 19.539219598261603 ], [ -99.240634301218549, 19.539440848438904 ], [ -99.240216517691266, 19.539099177551897 ], [ -99.240025672146743, 19.538509348425002 ], [ -99.239963672060995, 19.538317729355033 ], [ -99.239585067916352, 19.538411412876286 ], [ -99.239417805153593, 19.537885754813768 ], [ -99.239292846127142, 19.537493042665581 ], [ -99.239140090236262, 19.537472560052173 ], [ -99.239234497446503, 19.53737935338884 ], [ -99.23942341317381, 19.537261889193545 ], [ -99.239645101211053, 19.537175408581327 ], [ -99.239973046401772, 19.537097142751392 ], [ -99.240300991269876, 19.537018876329014 ], [ -99.24006039579605, 19.536268824635638 ], [ -99.239941191137135, 19.535897203678861 ], [ -99.23980927915467, 19.535465328246012 ], [ -99.239702654673493, 19.535116241450492 ], [ -99.239674774694763, 19.535012070493561 ], [ -99.239669064365685, 19.534990734360608 ], [ -99.239520612857177, 19.534566634424511 ], [ -99.240117892537853, 19.534294487840011 ], [ -99.240777031945669, 19.534053445786149 ], [ -99.241310230808949, 19.533868815577666 ], [ -99.241593337998296, 19.533770783541037 ], [ -99.241758908357596, 19.534259512244589 ], [ -99.241900413578506, 19.534677203229489 ], [ -99.241845865702331, 19.534708332064902 ], [ -99.241811048736437, 19.534791194209976 ], [ -99.241835248923024, 19.534911244388006 ], [ -99.241887899801128, 19.535072664262717 ], [ -99.241897066492143, 19.535362506432147 ], [ -99.241914672341721, 19.535453579973833 ], [ -99.242753272774721, 19.535473159395593 ], [ -99.242802323685154, 19.535492801289681 ], [ -99.242901494253601, 19.535574424218098 ], [ -99.243194847836818, 19.535774842465916 ], [ -99.243141161354913, 19.536381538532513 ], [ -99.243431584718678, 19.536349089564872 ], [ -99.24349441759756, 19.536480680273296 ], [ -99.243505562314255, 19.536648486785857 ], [ -99.243424691700639, 19.537201115826761 ], [ -99.243363576013607, 19.537650309559176 ], [ -99.243316997475645, 19.538027459070356 ], [ -99.243317190863749, 19.538156552273406 ], [ -99.243328296391411, 19.53829823180623 ], [ -99.243328726203373, 19.538585127026042 ], [ -99.243350946028073, 19.538874266441344 ], [ -99.243335981708768, 19.538978834987901 ] ] ] ] } },
{ "type": "Feature", "properties": { "ENTIDAD": 15, "MUNICIPIO": 13, "LN": 1772, "DISTRITO_F": 22, "DISTRITO_L": 16, "SECCION": "409" }, "geometry": { "type": "MultiPolygon", "coordinates": [ [ [ [ -99.244016155316956, 19.535765499804413 ], [ -99.243545133314484, 19.536226638202482 ], [ -99.243431584718678, 19.536349089564872 ], [ -99.243141161354913, 19.536381538532513 ], [ -99.243194847836818, 19.535774842465916 ], [ -99.242901494253601, 19.535574424218098 ], [ -99.242802323685154, 19.535492801289681 ], [ -99.242753272774721, 19.535473159395593 ], [ -99.241914672341721, 19.535453579973833 ], [ -99.241897066492143, 19.535362506432147 ], [ -99.241887899801128, 19.535072664262717 ], [ -99.241835248923024, 19.534911244388006 ], [ -99.241811048736437, 19.534791194209976 ], [ -99.241845865702331, 19.534708332064902 ], [ -99.241900413578506, 19.534677203229489 ], [ -99.241758908357596, 19.534259512244589 ], [ -99.241593337998296, 19.533770783541037 ], [ -99.24145524100895, 19.533385489940692 ], [ -99.24144124817694, 19.533346449524789 ], [ -99.241256819725791, 19.532779169307211 ], [ -99.241131947990723, 19.532437280152742 ], [ -99.24112448278828, 19.532415678333898 ], [ -99.241086204734728, 19.532304914250521 ], [ -99.240864305452988, 19.531662807574154 ], [ -99.240795841220105, 19.531401194953713 ], [ -99.241515955112817, 19.530894892772874 ], [ -99.241877056997012, 19.530633119755567 ], [ -99.244183931300384, 19.528960764144298 ], [ -99.244931958118869, 19.528418472599633 ], [ -99.245098693195757, 19.528909622221395 ], [ -99.245180539000231, 19.528986999780461 ], [ -99.245309257598706, 19.529177225577548 ], [ -99.245388928997258, 19.529360875986267 ], [ -99.245583232265787, 19.529683850027272 ], [ -99.245777013339236, 19.530104112019412 ], [ -99.24566115818736, 19.530257159291992 ], [ -99.245441876630309, 19.530403578390569 ], [ -99.245031277212703, 19.530658740604363 ], [ -99.245044173883358, 19.530694146450028 ], [ -99.245087459070078, 19.530750543695941 ], [ -99.245140046429697, 19.530781467799475 ], [ -99.245249871436982, 19.530830025902937 ], [ -99.245418842889549, 19.530889129562816 ], [ -99.245648960403557, 19.530928673786153 ], [ -99.245827858731616, 19.53122253638081 ], [ -99.2458646996852, 19.531283052039349 ], [ -99.246050819802889, 19.531597180778434 ], [ -99.245839734963951, 19.531760193876256 ], [ -99.245489255939717, 19.531924492857982 ], [ -99.245010728220976, 19.532130973742888 ], [ -99.244917292152664, 19.532178984011558 ], [ -99.24472903620611, 19.532315190513895 ], [ -99.244482008934767, 19.532647618453048 ], [ -99.244358686127967, 19.532860526984599 ], [ -99.244217618476995, 19.532996553961858 ], [ -99.244202334866486, 19.533011085568923 ], [ -99.243968990707486, 19.533126526477485 ], [ -99.244011299793726, 19.533310227837436 ], [ -99.244056423080409, 19.533812735248397 ], [ -99.244061699287457, 19.533992305411765 ], [ -99.244071189206295, 19.534315283615278 ], [ -99.244052571207959, 19.534554605899121 ], [ -99.243999696166313, 19.534913148583914 ], [ -99.243965017312547, 19.535145660892312 ], [ -99.243921054059669, 19.535415822988838 ], [ -99.243970372666965, 19.535601728803055 ], [ -99.244016155316956, 19.535765499804413 ] ] ] ] } },
{ "type": "Feature", "properties": { "ENTIDAD": 15, "MUNICIPIO": 13, "LN": 3183, "DISTRITO_F": 22, "DISTRITO_L": 16, "SECCION": "410" }, "geometry": { "type": "MultiPolygon", "coordinates": [ [ [ [ -99.246357923357763, 19.535544535959172 ], [ -99.247022851758686, 19.53585624312279 ], [ -99.247162551897361, 19.53639049905409 ], [ -99.24731319331292, 19.536955722292092 ], [ -99.246986194138628, 19.536821912310909 ], [ -99.246612844731175, 19.536652018819474 ], [ -99.246365706992734, 19.537101601134992 ], [ -99.245730745796507, 19.53681587817016 ], [ -99.245505122475834, 19.537087281095236 ], [ -99.245256067168341, 19.537076101956181 ], [ -99.244946808162425, 19.5370622200236 ], [ -99.244728816258402, 19.536977313676832 ], [ -99.244630108482738, 19.536889712639649 ], [ -99.244327956281765, 19.536621558097004 ], [ -99.244172503827727, 19.536472019763721 ], [ -99.244017051659966, 19.53632248129113 ], [ -99.243888987631237, 19.536276180509248 ], [ -99.243431584718678, 19.536349089564872 ], [ -99.243545133314484, 19.536226638202482 ], [ -99.244016155316956, 19.535765499804413 ], [ -99.243970372666965, 19.535601728803055 ], [ -99.243921054059669, 19.535415822988838 ], [ -99.243965017312547, 19.535145660892312 ], [ -99.243999696166313, 19.534913148583914 ], [ -99.244052571207959, 19.534554605899121 ], [ -99.244071189206295, 19.534315283615278 ], [ -99.244061699287457, 19.533992305411765 ], [ -99.244056423080409, 19.533812735248397 ], [ -99.244011299793726, 19.533310227837436 ], [ -99.243968990707486, 19.533126526477485 ], [ -99.244202334866486, 19.533011085568923 ], [ -99.244217618476995, 19.532996553961858 ], [ -99.244358686127967, 19.532860526984599 ], [ -99.244482008934767, 19.532647618453048 ], [ -99.24472903620611, 19.532315190513895 ], [ -99.244917292152664, 19.532178984011558 ], [ -99.245010728220976, 19.532130973742888 ], [ -99.245489255939717, 19.531924492857982 ], [ -99.245839734963951, 19.531760193876256 ], [ -99.246050819802889, 19.531597180778434 ], [ -99.246236292053268, 19.531469522901691 ], [ -99.246507211515762, 19.531303393323746 ], [ -99.24672110355975, 19.531177935551803 ], [ -99.246878019877869, 19.53112697835304 ], [ -99.247163601295824, 19.531217925404171 ], [ -99.247577957018763, 19.531521816063115 ], [ -99.247508336058686, 19.531803761130043 ], [ -99.247371498898517, 19.531804292920231 ], [ -99.247350060624171, 19.532072809322603 ], [ -99.247336764977334, 19.532181717793904 ], [ -99.247349020965629, 19.532312028052399 ], [ -99.247290953824248, 19.532841525566052 ], [ -99.247199180263763, 19.532856818471597 ], [ -99.246861109491576, 19.532913153272588 ], [ -99.246595372971996, 19.532969333255625 ], [ -99.246517103810845, 19.533119977425642 ], [ -99.246372678854655, 19.533174300155803 ], [ -99.246587600340902, 19.533725413709679 ], [ -99.246977647638175, 19.534582895251326 ], [ -99.246709504698742, 19.534924394940607 ], [ -99.246519068976724, 19.535298942461278 ], [ -99.246357923357763, 19.535544535959172 ] ] ] ] } },
{ "type": "Feature", "properties": { "ENTIDAD": 15, "MUNICIPIO": 13, "LN": 3104, "DISTRITO_F": 22, "DISTRITO_L": 16, "SECCION": "411" }, "geometry": { "type": "MultiPolygon", "coordinates": [ [ [ [ -99.251996229238642, 19.540447517483102 ], [ -99.251986003284514, 19.540709617846087 ], [ -99.251795314989323, 19.54082014202643 ], [ -99.251707885352985, 19.540802555948659 ], [ -99.251440780845272, 19.540748827659929 ], [ -99.250916221518395, 19.540654533669798 ], [ -99.25025454249112, 19.540510209634807 ], [ -99.250156717324984, 19.54051871977833 ], [ -99.249952252826631, 19.540491982163886 ], [ -99.249859521267027, 19.540363450068213 ], [ -99.249905445186926, 19.540345401271441 ], [ -99.249896436854414, 19.540282451368803 ], [ -99.249827363575733, 19.540286757309609 ], [ -99.249811282897255, 19.540247211911264 ], [ -99.249704450158305, 19.540133852434142 ], [ -99.24899699555958, 19.538999757124074 ], [ -99.248954777220135, 19.538959847982333 ], [ -99.248929411922617, 19.538913520844567 ], [ -99.248917125923384, 19.537498694796685 ], [ -99.249272015647506, 19.53687339585354 ], [ -99.249106482317728, 19.536796168147319 ], [ -99.249079443112691, 19.536826163801603 ], [ -99.248998874426093, 19.536783477138261 ], [ -99.248916810889355, 19.53674721215139 ], [ -99.249125432416378, 19.536311024086491 ], [ -99.249576403974217, 19.535712862615501 ], [ -99.248504671251922, 19.534752263572805 ], [ -99.24883684499234, 19.534233187462171 ], [ -99.248250016454449, 19.534121251166777 ], [ -99.247243302427066, 19.534094210083573 ], [ -99.247298997223211, 19.534329250958674 ], [ -99.246977647637607, 19.534582894879534 ], [ -99.24658760034032, 19.533725413337717 ], [ -99.246372678854087, 19.533174299783745 ], [ -99.246517103810277, 19.533119977053691 ], [ -99.246595372971441, 19.532969332883521 ], [ -99.246861109491022, 19.532913152900548 ], [ -99.247199180263209, 19.532856818099553 ], [ -99.247290953823665, 19.532841525194009 ], [ -99.247349020965075, 19.532312027680195 ], [ -99.247336764976765, 19.532181717421842 ], [ -99.247350060623617, 19.532072808950453 ], [ -99.247371498897962, 19.531804292548106 ], [ -99.247508336058104, 19.531803760757882 ], [ -99.247577957018194, 19.531521815690898 ], [ -99.247163601295256, 19.531217925031953 ], [ -99.246878019877315, 19.531126977980733 ], [ -99.246721103559196, 19.531177935179418 ], [ -99.246507211515208, 19.531303392951436 ], [ -99.2462362920527, 19.531469522529431 ], [ -99.246050819802335, 19.531597180406141 ], [ -99.245864699684645, 19.531283051667121 ], [ -99.245827858731062, 19.531222536008567 ], [ -99.245648960402974, 19.530928673413833 ], [ -99.245418842888981, 19.530889129190484 ], [ -99.245249871436428, 19.530830025530644 ], [ -99.245140046429142, 19.530781467427104 ], [ -99.245087459069524, 19.530750543323609 ], [ -99.245044173882803, 19.530694146077686 ], [ -99.245031277212135, 19.530658740232024 ], [ -99.245441876629741, 19.530403578018159 ], [ -99.245661158186792, 19.530257158919589 ], [ -99.245777013338696, 19.530104111646999 ], [ -99.245583232265233, 19.529683849654852 ], [ -99.246444661352911, 19.529333693584022 ], [ -99.247036594099811, 19.529733829657051 ], [ -99.247302202768395, 19.530001895090034 ], [ -99.24765342470657, 19.530008209919107 ], [ -99.24799347007081, 19.529735917318572 ], [ -99.24775996967675, 19.529372669643976 ], [ -99.247663181785924, 19.529355813118087 ], [ -99.247243166412829, 19.528887487422935 ], [ -99.248002193878278, 19.528407353607815 ], [ -99.248375522522068, 19.528811182924663 ], [ -99.248908941445436, 19.528443483565393 ], [ -99.249019803611361, 19.528290428513706 ], [ -99.24922748935181, 19.528178013906736 ], [ -99.249162679682996, 19.52798102906187 ], [ -99.249858030988065, 19.528048025984816 ], [ -99.250001464536297, 19.528102192980082 ], [ -99.250399307794268, 19.528132222849461 ], [ -99.250557123743633, 19.528216949952775 ], [ -99.251051875647789, 19.528341983291064 ], [ -99.251546375844811, 19.528303919772402 ], [ -99.251703876785641, 19.528184776498442 ], [ -99.252198455425003, 19.528197678542835 ], [ -99.252563860680397, 19.52810882484275 ], [ -99.253262575123131, 19.528033095098767 ], [ -99.253875071995253, 19.527824968393126 ], [ -99.255006750636355, 19.527323894691076 ], [ -99.25505660824679, 19.527123352401187 ], [ -99.255264368295386, 19.527061898242295 ], [ -99.255291545313369, 19.52718098514908 ], [ -99.255316692611387, 19.527291177865962 ], [ -99.255341987665631, 19.527325046389929 ], [ -99.255362598603966, 19.527352643157055 ], [ -99.255383209549322, 19.527380239921797 ], [ -99.255424431461151, 19.527435433443458 ], [ -99.255681743369536, 19.527548897013123 ], [ -99.25593905563359, 19.527662360211018 ], [ -99.256039550178215, 19.527757357137606 ], [ -99.256072001930022, 19.527883030861421 ], [ -99.256068648403314, 19.528029142272139 ], [ -99.255993566368602, 19.528141376971309 ], [ -99.255871804523778, 19.528195914616028 ], [ -99.255775070025734, 19.528213040649742 ], [ -99.255420225375602, 19.528179564047932 ], [ -99.255165869870609, 19.528237686335469 ], [ -99.25484355077225, 19.528377451991751 ], [ -99.254575008759332, 19.52853073267374 ], [ -99.254192026687988, 19.528851573934201 ], [ -99.253870059572776, 19.529204494233703 ], [ -99.253748338651107, 19.529286213033537 ], [ -99.253522585575098, 19.529351897766645 ], [ -99.253067728453047, 19.529484241209694 ], [ -99.252383395574157, 19.529593928467111 ], [ -99.252121895516041, 19.529669045617119 ], [ -99.252007393620019, 19.529784731478749 ], [ -99.251961009879466, 19.529917311483494 ], [ -99.251955707954835, 19.529964888485253 ], [ -99.251950406027291, 19.530012465486596 ], [ -99.252516632389217, 19.530641102742337 ], [ -99.253519385377686, 19.53051860852079 ], [ -99.254270027547136, 19.530590246316887 ], [ -99.254739356547361, 19.530494446331655 ], [ -99.255366051710482, 19.530194553176628 ], [ -99.255674135002437, 19.530115967635606 ], [ -99.256337131125221, 19.530111630867179 ], [ -99.256634392638688, 19.529988887270719 ], [ -99.257485526185164, 19.528682353636107 ], [ -99.257624191875749, 19.529634697132177 ], [ -99.25760454609636, 19.530219903883083 ], [ -99.257337311557691, 19.530360077209711 ], [ -99.257225544781477, 19.530705614317554 ], [ -99.257091154207316, 19.530818817474074 ], [ -99.257075790865443, 19.530861102231185 ], [ -99.257060427515682, 19.530903386986907 ], [ -99.257149801102472, 19.53104305255756 ], [ -99.259169601897653, 19.531137697687768 ], [ -99.259609898429375, 19.532008331745427 ], [ -99.255854820082163, 19.53465602439481 ], [ -99.256121818806577, 19.534952557908404 ], [ -99.25579495543505, 19.535429452151565 ], [ -99.255704563122165, 19.535547915213453 ], [ -99.254760878075516, 19.535453177301395 ], [ -99.254131235203744, 19.535276920573018 ], [ -99.25371744762343, 19.535099929247988 ], [ -99.253133001888486, 19.534669567789496 ], [ -99.252763632184028, 19.534331740585007 ], [ -99.252495378523889, 19.534199528722418 ], [ -99.25201127497364, 19.534020119507279 ], [ -99.251807351515069, 19.534018711723267 ], [ -99.251995479824842, 19.534337174864035 ], [ -99.252332640704722, 19.535196360494567 ], [ -99.252569700049122, 19.535924624737781 ], [ -99.252988243445301, 19.537210404542197 ], [ -99.252969492267397, 19.537492434269367 ], [ -99.252773194070201, 19.537751970208689 ], [ -99.252399447028964, 19.538052689855874 ], [ -99.251829383754838, 19.538603846787343 ], [ -99.251781682397677, 19.538781302528911 ], [ -99.2518154985964, 19.538931354018267 ], [ -99.251969291363963, 19.53910398045387 ], [ -99.252146917379093, 19.539176507762122 ], [ -99.252909701464631, 19.539148151106748 ], [ -99.253240831541788, 19.539206817094527 ], [ -99.252951673069177, 19.539488560147859 ], [ -99.253228255631072, 19.539575534792256 ], [ -99.252693548853614, 19.539875330323142 ], [ -99.251996229238642, 19.540447517483102 ] ] ] ] } },
{ "type": "Feature", "properties": { "ENTIDAD": 15, "MUNICIPIO": 13, "LN": 1265, "DISTRITO_F": 22, "DISTRITO_L": 16, "SECCION": "412" }, "geometry": { "type": "MultiPolygon", "coordinates": [ [ [ [ -99.25389575734134, 19.519703203133076 ], [ -99.253806503644526, 19.52006017109359 ], [ -99.253724654196418, 19.520427251875972 ], [ -99.253622262291444, 19.521409369083727 ], [ -99.253500774858296, 19.521637194189875 ], [ -99.253339814420585, 19.521831096195033 ], [ -99.253479765931289, 19.521953222030579 ], [ -99.253731037763217, 19.522221298365395 ], [ -99.253820824514335, 19.522346892139446 ], [ -99.253939492705683, 19.52260835858085 ], [ -99.253952060805418, 19.52263831313066 ], [ -99.254158912054848, 19.52313131638067 ], [ -99.254022797514125, 19.523172281626383 ], [ -99.253871035988084, 19.523116129953646 ], [ -99.252793271011214, 19.522956543472183 ], [ -99.252420641571362, 19.523001235841868 ], [ -99.251783070128596, 19.523205994655743 ], [ -99.251442845007375, 19.523349177021807 ], [ -99.251159847385921, 19.523420924798859 ], [ -99.250805055987968, 19.523414621592163 ], [ -99.250453743551645, 19.523340356226779 ], [ -99.250177661772028, 19.523248996943174 ], [ -99.249947655160454, 19.52312055995311 ], [ -99.249862029689979, 19.523072746079315 ], [ -99.249542663391253, 19.522797962663422 ], [ -99.249305799738494, 19.522574032428519 ], [ -99.249007671653018, 19.522125929273624 ], [ -99.249118664866941, 19.522061217573683 ], [ -99.249222522016694, 19.522016902638818 ], [ -99.249319201458988, 19.521965801875009 ], [ -99.249326295730711, 19.521918222432408 ], [ -99.249007249280098, 19.52188289405483 ], [ -99.248927169872204, 19.521870924398662 ], [ -99.248076441740196, 19.521743761773998 ], [ -99.247890960794308, 19.521716036442431 ], [ -99.247884802280538, 19.521655539215701 ], [ -99.247862050625145, 19.521432041357148 ], [ -99.247814678184795, 19.520966682376898 ], [ -99.247770057957553, 19.520528356901661 ], [ -99.247727815034196, 19.520113382461229 ], [ -99.247673370007362, 19.519578536988302 ], [ -99.247663997602771, 19.51949488347832 ], [ -99.247646022891246, 19.519334449716496 ], [ -99.247642944223941, 19.519306970956368 ], [ -99.247612901173326, 19.519038820062761 ], [ -99.24754764224835, 19.518456344694751 ], [ -99.248211109614076, 19.518111990951724 ], [ -99.24852701467178, 19.518008029510618 ], [ -99.248685006765825, 19.517981369361159 ], [ -99.248931205529928, 19.517973499958345 ], [ -99.248973170194219, 19.517972158582324 ], [ -99.249168391308189, 19.517974827847318 ], [ -99.249200373550863, 19.517980295960577 ], [ -99.249338863562627, 19.518003974001285 ], [ -99.249493752507817, 19.518051847734402 ], [ -99.249518672485905, 19.518059550091941 ], [ -99.24965378216146, 19.518113776081091 ], [ -99.249890744114751, 19.518208879938118 ], [ -99.250389943879725, 19.518410919005582 ], [ -99.250783739626016, 19.51858078367437 ], [ -99.25108450287199, 19.518703766923977 ], [ -99.251307762935852, 19.518803352512549 ], [ -99.252634865716786, 19.519356805963323 ], [ -99.252938730471683, 19.519479781758484 ], [ -99.253242595681058, 19.519602757036239 ], [ -99.253642452562232, 19.519681525581323 ], [ -99.25389575734134, 19.519703203133076 ] ] ] ] } },
{ "type": "Feature", "properties": { "ENTIDAD": 15, "MUNICIPIO": 13, "LN": 1464, "DISTRITO_F": 22, "DISTRITO_L": 16, "SECCION": "413" }, "geometry": { "type": "MultiPolygon", "coordinates": [ [ [ [ -99.25741427170108, 19.520134784596657 ], [ -99.25749965814714, 19.520143407652863 ], [ -99.25758504460174, 19.520152030668637 ], [ -99.257665327912349, 19.520165209397558 ], [ -99.25867242519864, 19.52033052400245 ], [ -99.258724003704828, 19.520338990432549 ], [ -99.258766608071014, 19.520345310682817 ], [ -99.258809212440369, 19.520351630923042 ], [ -99.259450650290304, 19.520455822502857 ], [ -99.259504477266759, 19.520464565746234 ], [ -99.259438757519774, 19.520622011491522 ], [ -99.259391312301901, 19.520735676481095 ], [ -99.259576866979913, 19.520793041526058 ], [ -99.259701613898258, 19.520834238734484 ], [ -99.25975946531598, 19.520950895952794 ], [ -99.259698784857193, 19.521014525296358 ], [ -99.259429395654237, 19.521161206773971 ], [ -99.259096045602661, 19.521269558644271 ], [ -99.258977169742835, 19.521335307886442 ], [ -99.258742425168194, 19.521465142758839 ], [ -99.258635048170461, 19.521524531730233 ], [ -99.258262970157872, 19.521730322933706 ], [ -99.258181424354461, 19.521782325351012 ], [ -99.257705582379145, 19.52208577222693 ], [ -99.257369231516208, 19.522269489205328 ], [ -99.256799273645967, 19.522562889145604 ], [ -99.256388181263858, 19.522791042200282 ], [ -99.256241808558556, 19.523097581225475 ], [ -99.256232840712514, 19.523116361972544 ], [ -99.256123855160169, 19.523187447193969 ], [ -99.255568154450543, 19.523203655248128 ], [ -99.255484884199205, 19.523206083833937 ], [ -99.255367196122307, 19.523331995102843 ], [ -99.254588668338954, 19.524164913952085 ], [ -99.254503454698522, 19.524318910752807 ], [ -99.254457880248907, 19.524247850674861 ], [ -99.254135567980214, 19.523447376791687 ], [ -99.254022797514125, 19.523172281626383 ], [ -99.254158912054848, 19.52313131638067 ], [ -99.253952060805418, 19.52263831313066 ], [ -99.253939492705683, 19.52260835858085 ], [ -99.253820824514335, 19.522346892139446 ], [ -99.253731037763217, 19.522221298365395 ], [ -99.253479765931289, 19.521953222030579 ], [ -99.253339814420585, 19.521831096195033 ], [ -99.253500774858296, 19.521637194189875 ], [ -99.253622262291444, 19.521409369083727 ], [ -99.253724654196418, 19.520427251875972 ], [ -99.253806503644526, 19.52006017109359 ], [ -99.25389575734134, 19.519703203133076 ], [ -99.254225028002381, 19.519692460007185 ], [ -99.254257932067375, 19.519687703457301 ], [ -99.254389222745544, 19.519668724260711 ], [ -99.254599852034985, 19.519615541927674 ], [ -99.254816660175592, 19.519550598215325 ], [ -99.255048150032621, 19.519494774950381 ], [ -99.255098536309802, 19.519482624367182 ], [ -99.255364955608002, 19.519438176765703 ], [ -99.255677869144861, 19.519402477369724 ], [ -99.255842095729406, 19.519399307013636 ], [ -99.255982680013958, 19.5194065354499 ], [ -99.256524976998477, 19.51947681949769 ], [ -99.256741042035145, 19.519522488004878 ], [ -99.256873368181061, 19.519576634322277 ], [ -99.25741427170108, 19.520134784596657 ] ] ] ] } },
{ "type": "Feature", "properties": { "ENTIDAD": 15, "MUNICIPIO": 13, "LN": 972, "DISTRITO_F": 22, "DISTRITO_L": 16, "SECCION": "414" }, "geometry": { "type": "MultiPolygon", "coordinates": [ [ [ [ -99.265510847784739, 19.525884125309137 ], [ -99.265126132658253, 19.526644399337002 ], [ -99.264405759487161, 19.527344912731156 ], [ -99.264061645091516, 19.527459767654143 ], [ -99.263028586214645, 19.527402510816994 ], [ -99.262449478226188, 19.527001806749364 ], [ -99.262133461563081, 19.526404843559103 ], [ -99.261916430073384, 19.52633660150973 ], [ -99.261872639930687, 19.526299075395467 ], [ -99.260694606111201, 19.525289544615742 ], [ -99.26102329997839, 19.525003328032014 ], [ -99.260901094429215, 19.524915874802932 ], [ -99.260876821373813, 19.524898504399673 ], [ -99.260541770438678, 19.524658732881143 ], [ -99.259674552914106, 19.524089336523318 ], [ -99.259228740397859, 19.52374882114211 ], [ -99.25888480428759, 19.523489563587663 ], [ -99.259199090785586, 19.523290252558969 ], [ -99.259499677422824, 19.523077991466945 ], [ -99.25942007315048, 19.522938863142411 ], [ -99.259266303762317, 19.52255091281938 ], [ -99.259305380022056, 19.522300369167862 ], [ -99.259324976588417, 19.522174722382946 ], [ -99.259867186575349, 19.521946983296985 ], [ -99.260302293598272, 19.521747496693141 ], [ -99.260328147911736, 19.521734241849394 ], [ -99.26093837031253, 19.521424603968637 ], [ -99.26121806726664, 19.52132900078438 ], [ -99.261496212188817, 19.521341567973391 ], [ -99.261817706367239, 19.521375687281459 ], [ -99.262415125393417, 19.521459121022822 ], [ -99.262996597541317, 19.521549060567047 ], [ -99.263299854742016, 19.521583203753824 ], [ -99.2633931897183, 19.521500929686848 ], [ -99.263426558134711, 19.52141131522259 ], [ -99.263718983907225, 19.521384478762872 ], [ -99.263969358573732, 19.519953994667006 ], [ -99.264013384294444, 19.519702456615125 ], [ -99.264124440124533, 19.519716979685366 ], [ -99.267323318401722, 19.521760979032745 ], [ -99.267433873728777, 19.521817256188019 ], [ -99.267396221986843, 19.521904012377036 ], [ -99.267196328584021, 19.522159895921352 ], [ -99.267035454372973, 19.522397622666936 ], [ -99.266837499047725, 19.523038810127058 ], [ -99.266707899060535, 19.523517232777444 ], [ -99.266591414857075, 19.523624762631083 ], [ -99.266399407017801, 19.523709630769488 ], [ -99.266142169071117, 19.523771821802441 ], [ -99.266039393104236, 19.523869571300473 ], [ -99.265995165584272, 19.52410061889665 ], [ -99.265913466150081, 19.52449763861031 ], [ -99.265691293335934, 19.52500521270046 ], [ -99.265510847784739, 19.525884125309137 ] ] ] ] } },
{ "type": "Feature", "properties": { "ENTIDAD": 15, "MUNICIPIO": 13, "LN": 1332, "DISTRITO_F": 22, "DISTRITO_L": 16, "SECCION": "415" }, "geometry": { "type": "MultiPolygon", "coordinates": [ [ [ [ -99.269732250377643, 19.524078117696508 ], [ -99.270696140006962, 19.523980802444083 ], [ -99.27220791034776, 19.523303586085184 ], [ -99.272000186067132, 19.524024447360762 ], [ -99.272378187447686, 19.524320527746823 ], [ -99.272673187547312, 19.524574011593469 ], [ -99.270242186107112, 19.52843982229081 ], [ -99.271376918250027, 19.529102748833562 ], [ -99.271421859501316, 19.529128468214466 ], [ -99.271514020368997, 19.529168923928694 ], [ -99.271906824368955, 19.529343031411539 ], [ -99.271088588776792, 19.530068213970356 ], [ -99.269935497367271, 19.531023439965224 ], [ -99.267737236039551, 19.53063824613217 ], [ -99.266317755036582, 19.529883358540594 ], [ -99.265783347743991, 19.52847686824845 ], [ -99.265782377907058, 19.527883866172306 ], [ -99.266125811710495, 19.526684077652089 ], [ -99.266241585813802, 19.526126306797579 ], [ -99.265971409643285, 19.526037369713627 ], [ -99.265510847784739, 19.525884125309137 ], [ -99.265691293335934, 19.52500521270046 ], [ -99.265913466150081, 19.52449763861031 ], [ -99.265995165584272, 19.524100618896739 ], [ -99.266039393104236, 19.523869571300473 ], [ -99.266142169071117, 19.523771821802441 ], [ -99.266399407017801, 19.523709630769488 ], [ -99.266591414857075, 19.523624762631083 ], [ -99.266707899060535, 19.523517232777444 ], [ -99.266837499047725, 19.523038810127058 ], [ -99.267035454372973, 19.522397622666936 ], [ -99.267196328584021, 19.522159895921352 ], [ -99.267396221986843, 19.521904012377036 ], [ -99.267433873728777, 19.521817256188019 ], [ -99.268264410159446, 19.522240026636929 ], [ -99.269422253863667, 19.52282940982133 ], [ -99.26929482877712, 19.523345915667289 ], [ -99.269406380624432, 19.523776151539391 ], [ -99.269430130923141, 19.523867746386841 ], [ -99.269732250377643, 19.524078117696508 ] ] ] ] } },
{ "type": "Feature", "properties": { "ENTIDAD": 15, "MUNICIPIO": 13, "LN": 2694, "DISTRITO_F": 22, "DISTRITO_L": 16, "SECCION": "6662" }, "geometry": { "type": "MultiPolygon", "coordinates": [ [ [ [ -99.248873096212677, 19.542687895946308 ], [ -99.248880927248265, 19.54310179333682 ], [ -99.248855299983475, 19.543399446619102 ], [ -99.248826969014473, 19.543728501449753 ], [ -99.248814932897204, 19.543868296213621 ], [ -99.248806472329974, 19.544059879972881 ], [ -99.248796791874582, 19.544279086785302 ], [ -99.248787111397078, 19.544498293962576 ], [ -99.248811292055578, 19.544623342414894 ], [ -99.248585819250266, 19.544639572718125 ], [ -99.24859809931948, 19.544826041887497 ], [ -99.248397707582185, 19.544831008464737 ], [ -99.247820880249279, 19.544845303137631 ], [ -99.247726661079696, 19.543829538817487 ], [ -99.248008477114681, 19.543874779696097 ], [ -99.248467623461792, 19.543923759144658 ], [ -99.248471591088901, 19.543813974600877 ], [ -99.248484085259989, 19.543707941281838 ], [ -99.248446653288084, 19.543631933788873 ], [ -99.248261596139585, 19.543549923482605 ], [ -99.248213914488176, 19.543423413427217 ], [ -99.248123001772484, 19.543331746232166 ], [ -99.248074326880982, 19.543159702929323 ], [ -99.248158618078477, 19.54287847392624 ], [ -99.248001086927587, 19.54275247612124 ], [ -99.247674097439898, 19.542615236545974 ], [ -99.246832333113488, 19.542397278055088 ], [ -99.245924267691166, 19.541986556151976 ], [ -99.245433875263188, 19.541838060803521 ], [ -99.244707036910384, 19.541397297144481 ], [ -99.244428507394687, 19.541288671020357 ], [ -99.24393142369307, 19.541109502983893 ], [ -99.243763131582071, 19.540989445411185 ], [ -99.243495788874569, 19.540756388680293 ], [ -99.243723169815681, 19.540877069954206 ], [ -99.244090728165304, 19.540944472747658 ], [ -99.244475025172292, 19.541014944211664 ], [ -99.244483795852275, 19.540979899487297 ], [ -99.244535001877878, 19.540958822303651 ], [ -99.244591650068671, 19.540935505018155 ], [ -99.244825188464389, 19.540823844306832 ], [ -99.244939205730773, 19.540757540415079 ], [ -99.245032613821394, 19.540703221180504 ], [ -99.245097831112091, 19.540682888285925 ], [ -99.245361361402175, 19.540679112677211 ], [ -99.245271696864791, 19.540310570205101 ], [ -99.245228078065267, 19.54013128597256 ], [ -99.244988478123886, 19.539411664306417 ], [ -99.245184497722889, 19.53937137947284 ], [ -99.245380517222202, 19.539331094427453 ], [ -99.245400677108378, 19.539326388903284 ], [ -99.245636420625672, 19.539271363760953 ], [ -99.246221752823075, 19.53914921930442 ], [ -99.246349659208079, 19.539089661996517 ], [ -99.247076918025883, 19.539548581775996 ], [ -99.247243771484065, 19.539653869987617 ], [ -99.247486360944592, 19.539792958771837 ], [ -99.247693504060678, 19.539903695268627 ], [ -99.247957038913583, 19.540060070563449 ], [ -99.248045134485679, 19.540112344220024 ], [ -99.248211432731807, 19.540268465292318 ], [ -99.248451458755696, 19.540480637854856 ], [ -99.248613254580775, 19.540623260735114 ], [ -99.248299402124402, 19.540882953328591 ], [ -99.248407719823774, 19.541210662884808 ], [ -99.248427132697216, 19.541269395371344 ], [ -99.248504299832277, 19.541533098911824 ], [ -99.248665827993349, 19.542058221741755 ], [ -99.248675130601114, 19.542087961847987 ], [ -99.24876466589312, 19.542374202394409 ], [ -99.248873096212677, 19.542687895946308 ] ] ] ] } },
{ "type": "Feature", "properties": { "ENTIDAD": 15, "MUNICIPIO": 13, "LN": 1303, "DISTRITO_F": 22, "DISTRITO_L": 16, "SECCION": "6663" }, "geometry": { "type": "MultiPolygon", "coordinates": [ [ [ [ -99.243335981708768, 19.538978834987901 ], [ -99.243350946027462, 19.53887426603864 ], [ -99.243328726202776, 19.538585126623349 ], [ -99.2433282963908, 19.538298231403481 ], [ -99.243317190863166, 19.538156551870642 ], [ -99.243316997475063, 19.538027458667603 ], [ -99.243363576012982, 19.537650309156277 ], [ -99.243424691700028, 19.537201115423887 ], [ -99.243505562313644, 19.536648486382887 ], [ -99.243494417596949, 19.536480679870312 ], [ -99.243431584718692, 19.536349089564787 ], [ -99.24388898763128, 19.536276180509248 ], [ -99.244017051659981, 19.53632248129113 ], [ -99.244172503827798, 19.536472019763721 ], [ -99.244327956281779, 19.536621558097004 ], [ -99.244630108482795, 19.536889712639649 ], [ -99.244728816258402, 19.536977313676832 ], [ -99.244583297995192, 19.537999930905638 ], [ -99.244761235250465, 19.538611592934966 ], [ -99.244988478123886, 19.539411664306417 ], [ -99.245228078065267, 19.54013128597256 ], [ -99.245271696864791, 19.540310570205101 ], [ -99.245361361402175, 19.540679112677211 ], [ -99.245097831112091, 19.540682888285925 ], [ -99.245032613821394, 19.540703221180504 ], [ -99.244939205730773, 19.540757540415079 ], [ -99.244825188464389, 19.540823844306832 ], [ -99.244591650068671, 19.540935505018155 ], [ -99.244535001877878, 19.540958822303651 ], [ -99.244483795852275, 19.540979899487297 ], [ -99.244475025172292, 19.541014944211664 ], [ -99.244090728165304, 19.540944472747658 ], [ -99.243723169815681, 19.540877069954206 ], [ -99.243495788874569, 19.540756388680293 ], [ -99.243170206534174, 19.54058973221634 ], [ -99.242771637338279, 19.540349200622895 ], [ -99.242097172046172, 19.540088569998915 ], [ -99.241888457822469, 19.539968495362821 ], [ -99.243499192477387, 19.539603414340405 ], [ -99.243548293616882, 19.539385682256487 ], [ -99.243478729043872, 19.539207840038124 ], [ -99.243442200932407, 19.539105530751776 ], [ -99.243412282904373, 19.53906664330081 ], [ -99.243335981708768, 19.538978834987901 ] ] ] ] } },
{ "type": "Feature", "properties": { "ENTIDAD": null, "MUNICIPIO": null, "LN": null, "DISTRITO_F": 15, "DISTRITO_L": 26, "SECCION": "6737" }, "geometry": { "type": "MultiPolygon", "coordinates": [ [ [ [ -99.21582887269507, 19.601063473849663 ], [ -99.215688804026613, 19.600913985730386 ], [ -99.215431357853547, 19.600713327279415 ], [ -99.215318497751966, 19.600666427830273 ], [ -99.215160444836769, 19.600563995458735 ], [ -99.215101699255968, 19.600495651492928 ], [ -99.215024934552204, 19.600448708409733 ], [ -99.214764499556892, 19.600333718948452 ], [ -99.214538970151963, 19.600239048785127 ], [ -99.214228419638829, 19.600241721205929 ], [ -99.214041480426644, 19.600189340874447 ], [ -99.213895957762929, 19.600092129963908 ], [ -99.213800319058294, 19.599998362446819 ], [ -99.213382650837929, 19.598963503114589 ], [ -99.213250553778678, 19.598575144293726 ], [ -99.213085988110038, 19.59808106693016 ], [ -99.212996320039565, 19.5978834641083 ], [ -99.213030263104329, 19.597782969156526 ], [ -99.213025680482502, 19.597675323263651 ], [ -99.213232488845549, 19.597615528212444 ], [ -99.213266362144466, 19.597330321348487 ], [ -99.213491178727537, 19.597142262444748 ], [ -99.213624243098394, 19.596943879092045 ], [ -99.214123045916807, 19.596753176052601 ], [ -99.214394117009633, 19.596395815735537 ], [ -99.214653191941366, 19.596216988352545 ], [ -99.215014785877329, 19.595867633783925 ], [ -99.216147019998701, 19.594638671328035 ], [ -99.216297178436108, 19.594421718057625 ], [ -99.216797907419391, 19.594764244132261 ], [ -99.216738497288574, 19.595156130141373 ], [ -99.21666826303148, 19.595685975667081 ], [ -99.21730159667095, 19.595138343892039 ], [ -99.217370264295596, 19.595410412946158 ], [ -99.217459787520085, 19.596402813218713 ], [ -99.217464528864298, 19.596539974478556 ], [ -99.217428580391982, 19.597225027303406 ], [ -99.21759265537159, 19.597344866781842 ], [ -99.217127876748549, 19.598005632965425 ], [ -99.216793268599801, 19.59850736866715 ], [ -99.216588823665774, 19.598843013238806 ], [ -99.216826222607054, 19.599207762738668 ], [ -99.217043137434615, 19.599541038226072 ], [ -99.216401398873813, 19.600307376051994 ], [ -99.21582887269507, 19.601063473849663 ] ] ] ] } },
{ "type": "Feature", "properties": { "ENTIDAD": null, "MUNICIPIO": null, "LN": null, "DISTRITO_F": 15, "DISTRITO_L": 26, "SECCION": "6739" }, "geometry": { "type": "MultiPolygon", "coordinates": [ [ [ [ -99.216681044957454, 19.595640171325822 ], [ -99.216797907419391, 19.594764244132261 ], [ -99.216297178436108, 19.594421718057625 ], [ -99.216116193394825, 19.594223999188998 ], [ -99.215412852078884, 19.593743187207178 ], [ -99.215590455466895, 19.59346911037008 ], [ -99.214819107727209, 19.592892742060041 ], [ -99.214803678095777, 19.592325904250586 ], [ -99.215166848196034, 19.592248962986545 ], [ -99.214898552075979, 19.591925861951804 ], [ -99.21539271418294, 19.59101760672851 ], [ -99.215733887945746, 19.590958078843421 ], [ -99.215853727184438, 19.590019840404818 ], [ -99.216550796148695, 19.589937279874469 ], [ -99.216900906449013, 19.589868068896006 ], [ -99.217042698370307, 19.590044424110911 ], [ -99.217794062612384, 19.59006955700001 ], [ -99.218490243832278, 19.589921338675762 ], [ -99.218615168582033, 19.590399611831664 ], [ -99.218899500166685, 19.591284921119662 ], [ -99.218933826594551, 19.591485473600827 ], [ -99.220195747743574, 19.591873112949891 ], [ -99.220498551105592, 19.59198201430576 ], [ -99.220435559308484, 19.592229227408815 ], [ -99.220186609753625, 19.592699090151267 ], [ -99.21992461413015, 19.593118512960054 ], [ -99.219762856305636, 19.593377466094172 ], [ -99.219553331646495, 19.593630689757163 ], [ -99.219379785146586, 19.59384043011374 ], [ -99.219162770878029, 19.593963359809916 ], [ -99.219132368939142, 19.593980581176634 ], [ -99.218652797468167, 19.594252236246078 ], [ -99.218438321960051, 19.594368216663376 ], [ -99.218367283894565, 19.594406541783769 ], [ -99.218214653527127, 19.59448439793039 ], [ -99.218061070835063, 19.594580918784057 ], [ -99.217765661982355, 19.594766571633706 ], [ -99.21730159667095, 19.595138343892039 ], [ -99.216739730358881, 19.595620394125952 ], [ -99.216681044957454, 19.595640171325822 ] ] ] ] } },
{ "type": "Feature", "properties": { "ENTIDAD": null, "MUNICIPIO": null, "LN": null, "DISTRITO_F": 15, "DISTRITO_L": 26, "SECCION": "6738" }, "geometry": { "type": "MultiPolygon", "coordinates": [ [ [ [ -99.213025680482502, 19.597675323263651 ], [ -99.212887945738288, 19.597479859396451 ], [ -99.212796078130836, 19.59745095868459 ], [ -99.212693013883282, 19.597371964351488 ], [ -99.212626021033415, 19.597213811430784 ], [ -99.212494686897145, 19.596797288797312 ], [ -99.212310762415498, 19.596594441161308 ], [ -99.212093594639072, 19.596505032031889 ], [ -99.211965014076199, 19.596064770926144 ], [ -99.211697951495978, 19.595776307166648 ], [ -99.212652311575326, 19.594217125098428 ], [ -99.214620743212208, 19.590997631014297 ], [ -99.215480210889098, 19.589591870635633 ], [ -99.21653748223271, 19.58785083451496 ], [ -99.216924149314067, 19.587258572778094 ], [ -99.217265494738783, 19.586736061002053 ], [ -99.217325588456021, 19.587103162090905 ], [ -99.217449051566874, 19.587501961762282 ], [ -99.217936781365353, 19.587310725009466 ], [ -99.218017669363064, 19.587672583948656 ], [ -99.217677026734123, 19.588055978326935 ], [ -99.217544762567925, 19.588227101145332 ], [ -99.21724593374806, 19.588631932239675 ], [ -99.216986526254942, 19.589000450187335 ], [ -99.216926406995228, 19.589090920283688 ], [ -99.216780988381487, 19.589335105046935 ], [ -99.216729096419186, 19.589529345865845 ], [ -99.216900906449013, 19.589868068896006 ], [ -99.215853727184438, 19.590019840404818 ], [ -99.215733887945746, 19.590958078843421 ], [ -99.21539271418294, 19.59101760672851 ], [ -99.214898552075979, 19.591925861951804 ], [ -99.215166848196034, 19.592248962986545 ], [ -99.214803678095777, 19.592325904250586 ], [ -99.214819107727209, 19.592892742060041 ], [ -99.215590455466895, 19.59346911037008 ], [ -99.215412852078884, 19.593743187207178 ], [ -99.216116193394825, 19.594223999188998 ], [ -99.216297178436108, 19.594421718057625 ], [ -99.216147019998701, 19.594638671328035 ], [ -99.215014785877329, 19.595867633783925 ], [ -99.214653191941366, 19.596216988352545 ], [ -99.214394117009633, 19.596395815735537 ], [ -99.214123045916807, 19.596753176052601 ], [ -99.213624243098394, 19.596943879092045 ], [ -99.213491178727537, 19.597142262444748 ], [ -99.213266362144466, 19.597330321348487 ], [ -99.213232488845549, 19.597615528212444 ], [ -99.213025680482502, 19.597675323263651 ] ] ] ] } },
{ "type": "Feature", "properties": { "ENTIDAD": null, "MUNICIPIO": null, "LN": null, "DISTRITO_F": 15, "DISTRITO_L": 16, "SECCION": "6742" }, "geometry": { "type": "MultiPolygon", "coordinates": [ [ [ [ -99.252822721195642, 19.598820046209859 ], [ -99.252341822964794, 19.598896449230693 ], [ -99.251578526117356, 19.599135018327399 ], [ -99.250525270100411, 19.599450661378224 ], [ -99.249663374634736, 19.599736111802525 ], [ -99.249392002894893, 19.599068863575067 ], [ -99.248512436662978, 19.599412305907833 ], [ -99.248300461267377, 19.598870270442703 ], [ -99.248167444740403, 19.598344956842723 ], [ -99.247787206445707, 19.598741940208452 ], [ -99.247741640334908, 19.598624186835711 ], [ -99.247407871233762, 19.597794322880581 ], [ -99.24721562448758, 19.597245713571557 ], [ -99.247091740907464, 19.596883084851065 ], [ -99.247139065207833, 19.596860578822078 ], [ -99.247083491049636, 19.596649334176092 ], [ -99.246779091819988, 19.595664210567115 ], [ -99.247872761106876, 19.595334508154668 ], [ -99.248177481258722, 19.595237778943932 ], [ -99.248947941356477, 19.595019772750245 ], [ -99.249131412332218, 19.595578875624192 ], [ -99.249210218375822, 19.595783957664771 ], [ -99.249540467461031, 19.59556620675373 ], [ -99.249583927242483, 19.595537551303515 ], [ -99.249847960297657, 19.595322865616119 ], [ -99.249960609002997, 19.595231270488263 ], [ -99.250164843397656, 19.595071648036289 ], [ -99.250414390881261, 19.594830139611666 ], [ -99.250447543941092, 19.594788745911835 ], [ -99.250623523703268, 19.594569023551742 ], [ -99.250718252171509, 19.594450748483084 ], [ -99.251212658549946, 19.593877300557477 ], [ -99.251231054946359, 19.594019388217188 ], [ -99.251194903542526, 19.594148632498126 ], [ -99.251018615518632, 19.594476696016915 ], [ -99.250842326786454, 19.594804759359274 ], [ -99.250949877072713, 19.595098093216816 ], [ -99.251045591769412, 19.595319694782539 ], [ -99.251169428259203, 19.59560316269647 ], [ -99.251311225502221, 19.595993341207162 ], [ -99.251759209070599, 19.597162558830775 ], [ -99.251895385649917, 19.59752392163341 ], [ -99.252363371840644, 19.59748881532337 ], [ -99.252822721195642, 19.598820046209859 ] ] ] ] } },
{ "type": "Feature", "properties": { "ENTIDAD": null, "MUNICIPIO": null, "LN": null, "DISTRITO_F": 15, "DISTRITO_L": 16, "SECCION": "6741" }, "geometry": { "type": "MultiPolygon", "coordinates": [ [ [ [ -99.252822721195642, 19.598820046209859 ], [ -99.252933030208197, 19.598800737785051 ], [ -99.252875442231343, 19.599494325488848 ], [ -99.252912287382287, 19.599809228348008 ], [ -99.252958024903009, 19.599998648410043 ], [ -99.25299158076642, 19.600259146343969 ], [ -99.253084517824476, 19.600570748359207 ], [ -99.25317467187169, 19.600938330244333 ], [ -99.253332936507405, 19.601462318127322 ], [ -99.253138553059642, 19.601534752811244 ], [ -99.252424495373219, 19.60171767395785 ], [ -99.252320483348242, 19.601759307499783 ], [ -99.25201630045639, 19.601804776951827 ], [ -99.25194225150139, 19.601866824981535 ], [ -99.251555110493953, 19.60197406465954 ], [ -99.251408800822233, 19.601533539015943 ], [ -99.251277241211042, 19.601515915232916 ], [ -99.251075418359818, 19.601627491935012 ], [ -99.250619870956669, 19.601703806906787 ], [ -99.250549841493452, 19.601984368719954 ], [ -99.250099148632728, 19.602163067414057 ], [ -99.249521015741891, 19.601950181624947 ], [ -99.249197624956182, 19.602050443383977 ], [ -99.248942376040546, 19.602012754023669 ], [ -99.248854939924072, 19.601999843357302 ], [ -99.248288998630898, 19.601877362431161 ], [ -99.247855187062171, 19.602001868094849 ], [ -99.247457712694739, 19.602096618279266 ], [ -99.246837568342613, 19.601853045239672 ], [ -99.246391075481554, 19.601886489255747 ], [ -99.245906081789343, 19.601916336594211 ], [ -99.245394062267138, 19.601895172812213 ], [ -99.245598154966956, 19.601171122139284 ], [ -99.246341225557259, 19.600393784732901 ], [ -99.246651731492207, 19.599837941768037 ], [ -99.247787206445707, 19.598741940208452 ], [ -99.248167444740403, 19.598344956842723 ], [ -99.248300461267377, 19.598870270442703 ], [ -99.248512436662978, 19.599412305907833 ], [ -99.249392002894893, 19.599068863575067 ], [ -99.249663374634736, 19.599736111802525 ], [ -99.250525270100411, 19.599450661378224 ], [ -99.251578526117356, 19.599135018327399 ], [ -99.252341822964794, 19.598896449230693 ], [ -99.252822721195642, 19.598820046209859 ] ] ] ] } },
{ "type": "Feature", "properties": { "ENTIDAD": null, "MUNICIPIO": null, "LN": null, "DISTRITO_F": 15, "DISTRITO_L": 16, "SECCION": "6740" }, "geometry": { "type": "MultiPolygon", "coordinates": [ [ [ [ -99.245394062267138, 19.601895172812213 ], [ -99.245211396358087, 19.601879133291252 ], [ -99.244955206335888, 19.602198493603936 ], [ -99.244846802530674, 19.602315157135369 ], [ -99.244336660435408, 19.602809032076085 ], [ -99.244036841834514, 19.603092686889301 ], [ -99.243740554839732, 19.603413675487438 ], [ -99.243130281994027, 19.603978851214062 ], [ -99.242593127006103, 19.604519764902758 ], [ -99.242544682824317, 19.604474459634947 ], [ -99.242348085259366, 19.604350949989058 ], [ -99.242129031456784, 19.604138379295115 ], [ -99.24203860229423, 19.603769414264544 ], [ -99.2419567635622, 19.603420717115721 ], [ -99.241951553348088, 19.603401898955124 ], [ -99.241853489644001, 19.603047713305173 ], [ -99.241801713492407, 19.602767925940732 ], [ -99.242216935719966, 19.60282009496877 ], [ -99.242615026721467, 19.602864174309872 ], [ -99.243009807489216, 19.602812914106135 ], [ -99.243560649454793, 19.602716886464709 ], [ -99.243444410855204, 19.602262783164825 ], [ -99.243293891826724, 19.601780334768527 ], [ -99.242943499067039, 19.600722218402925 ], [ -99.243164597955726, 19.600145286389182 ], [ -99.243390272631885, 19.59956558957796 ], [ -99.243610483192228, 19.598979654976276 ], [ -99.243870906511532, 19.598305110904541 ], [ -99.243847412240243, 19.598222009736119 ], [ -99.243523286559011, 19.597358037358667 ], [ -99.244506468584248, 19.59698941438181 ], [ -99.245005254529673, 19.598176890861438 ], [ -99.245301039388195, 19.598069389046298 ], [ -99.245395660484448, 19.598295293462424 ], [ -99.245824685674876, 19.597942049695121 ], [ -99.246363252151767, 19.597362622001643 ], [ -99.246707490118141, 19.597094698247496 ], [ -99.247091740907464, 19.596883084851065 ], [ -99.24721562448758, 19.597245713571549 ], [ -99.247407871233762, 19.597794322880581 ], [ -99.247741640334908, 19.598624186835711 ], [ -99.247787206445707, 19.598741940208452 ], [ -99.246651731492207, 19.599837941768037 ], [ -99.246341225557259, 19.600393784732901 ], [ -99.245598154966956, 19.601171122139284 ], [ -99.245394062267138, 19.601895172812213 ] ] ] ] } },
{ "type": "Feature", "properties": { "ENTIDAD": null, "MUNICIPIO": null, "LN": null, "DISTRITO_F": 15, "DISTRITO_L": 16, "SECCION": "6743" }, "geometry": { "type": "MultiPolygon", "coordinates": [ [ [ [ -99.243523286559011, 19.597358037358664 ], [ -99.242697687820666, 19.595453345951594 ], [ -99.242525909744572, 19.595070432637407 ], [ -99.242447163385876, 19.594894540824875 ], [ -99.242366496494014, 19.594705649066931 ], [ -99.242293113635, 19.594531246994023 ], [ -99.24208600793483, 19.594039994623952 ], [ -99.241877963232511, 19.593575507129103 ], [ -99.241827856360899, 19.593474655482378 ], [ -99.242131170796824, 19.593367005042147 ], [ -99.242204844460417, 19.593341933938095 ], [ -99.242412145823366, 19.593263113348247 ], [ -99.24258182459792, 19.593204314751301 ], [ -99.242731577215139, 19.593145350761528 ], [ -99.242948111776911, 19.593070714526004 ], [ -99.243227329267071, 19.59296349845966 ], [ -99.243364098476889, 19.593147354527954 ], [ -99.243527939987899, 19.593319391913735 ], [ -99.243728075240355, 19.593452621889362 ], [ -99.24397218287595, 19.593575698069834 ], [ -99.24446715422313, 19.5937426394906 ], [ -99.24533545642997, 19.594031150033782 ], [ -99.247517786969524, 19.594445339630269 ], [ -99.24776020221482, 19.59446285518624 ], [ -99.247987280337412, 19.594432993672907 ], [ -99.248359821567632, 19.594389416166841 ], [ -99.248745974704391, 19.594332898264042 ], [ -99.248947941356477, 19.595019772750245 ], [ -99.247872761106876, 19.595334508154668 ], [ -99.246779091819988, 19.595664210567115 ], [ -99.247139065207833, 19.596860578822078 ], [ -99.247091740907464, 19.596883084851065 ], [ -99.246707490118141, 19.597094698247496 ], [ -99.246363252151767, 19.597362622001643 ], [ -99.245824685674876, 19.597942049695121 ], [ -99.245395660484448, 19.598295293462424 ], [ -99.245301039388195, 19.598069389046298 ], [ -99.245005254529673, 19.598176890861438 ], [ -99.244506468584248, 19.59698941438181 ], [ -99.243523286559011, 19.597358037358664 ] ] ] ] } }
]
}
