{
    "type": "FeatureCollection",
    "name": "3_REGIONES",
    "crs": {
        "type": "name",
        "properties": {
            "name": "urn:ogc:def:crs:OGC:1.3:CRS84"
        }
    },
    "features": [
        {
            "type": "Feature",
            "properties": {
                "REGIÓN": "3",
                "DIRECCIÓN": "SERVICIOS PÚBLICOS"
            },
            "geometry": {
                "type": "MultiPolygon",
                "coordinates": [
                    [
                        [
                            [
                                -99.252922065296431,
                                19.601945440480186
                            ],
                            [
                                -99.252871001082852,
                                19.602050700355914
                            ],
                            [
                                -99.252891012089961,
                                19.602128674591562
                            ],
                            [
                                -99.252948414946871,
                                19.602252136860432
                            ],
                            [
                                -99.252996958177093,
                                19.602407608250488
                            ],
                            [
                                -99.253071874258637,
                                19.602635518215209
                            ],
                            [
                                -99.253184614842439,
                                19.602765873535319
                            ],
                            [
                                -99.253237473534469,
                                19.602880295649694
                            ],
                            [
                                -99.253304283414408,
                                19.603040050244431
                            ],
                            [
                                -99.253478583722725,
                                19.603116195275135
                            ],
                            [
                                -99.253539957404271,
                                19.603136304843719
                            ],
                            [
                                -99.253990519190523,
                                19.603283934153403
                            ],
                            [
                                -99.254056348767946,
                                19.603323907690093
                            ],
                            [
                                -99.254125664404796,
                                19.603465437715425
                            ],
                            [
                                -99.254339123058813,
                                19.604008270609512
                            ],
                            [
                                -99.254484778262835,
                                19.604457010883234
                            ],
                            [
                                -99.254607401379374,
                                19.604862147823539
                            ],
                            [
                                -99.254670020031185,
                                19.605050599795099
                            ],
                            [
                                -99.254729633921826,
                                19.605222041620515
                            ],
                            [
                                -99.254751982465237,
                                19.605285134843523
                            ],
                            [
                                -99.254914373991582,
                                19.605727942570422
                            ],
                            [
                                -99.255091728200881,
                                19.606205854810536
                            ],
                            [
                                -99.255225471705728,
                                19.606617999964545
                            ],
                            [
                                -99.255232852818267,
                                19.606640834544127
                            ],
                            [
                                -99.255243405673184,
                                19.606674312501344
                            ],
                            [
                                -99.255250790800346,
                                19.606699094695056
                            ],
                            [
                                -99.255451466541771,
                                19.607372497060307
                            ],
                            [
                                -99.255141654119754,
                                19.607264645680083
                            ],
                            [
                                -99.255069554524354,
                                19.608295252885046
                            ],
                            [
                                -99.254272586756258,
                                19.608229629301128
                            ],
                            [
                                -99.254005294350961,
                                19.608207619220238
                            ],
                            [
                                -99.253062522604111,
                                19.608208046798669
                            ],
                            [
                                -99.252852461132761,
                                19.60804684307082
                            ],
                            [
                                -99.252314513996623,
                                19.607642576539707
                            ],
                            [
                                -99.251795037422127,
                                19.607252187128289
                            ],
                            [
                                -99.250733061345599,
                                19.60645409580685
                            ],
                            [
                                -99.249763864048845,
                                19.606569407382949
                            ],
                            [
                                -99.248882230031981,
                                19.606647774385767
                            ],
                            [
                                -99.248295121878783,
                                19.606708167371949
                            ],
                            [
                                -99.247249349591357,
                                19.606815736081376
                            ],
                            [
                                -99.247201151718031,
                                19.60685709579105
                            ],
                            [
                                -99.246505411629613,
                                19.607454122662332
                            ],
                            [
                                -99.246291521937167,
                                19.607646773586318
                            ],
                            [
                                -99.245332724753382,
                                19.608510355608196
                            ],
                            [
                                -99.244541177880009,
                                19.609198597618963
                            ],
                            [
                                -99.243345151601702,
                                19.610253029297731
                            ],
                            [
                                -99.242341720218107,
                                19.611172159966355
                            ],
                            [
                                -99.242145709483793,
                                19.611147573481684
                            ],
                            [
                                -99.242069172977011,
                                19.611188703369024
                            ],
                            [
                                -99.242049344381684,
                                19.611291297572151
                            ],
                            [
                                -99.242061965409349,
                                19.611379646509519
                            ],
                            [
                                -99.242074586452972,
                                19.611467996529395
                            ],
                            [
                                -99.24207490760061,
                                19.611682598982625
                            ],
                            [
                                -99.241990895773924,
                                19.611823758583554
                            ],
                            [
                                -99.241719085486139,
                                19.612034962403538
                            ],
                            [
                                -99.241539482788482,
                                19.612271210138186
                            ],
                            [
                                -99.241493062874369,
                                19.612251665758947
                            ],
                            [
                                -99.241449623913709,
                                19.612232510749866
                            ],
                            [
                                -99.241271872164319,
                                19.612156626358516
                            ],
                            [
                                -99.240502754091736,
                                19.611806790851027
                            ],
                            [
                                -99.239411295653312,
                                19.61131044913019
                            ],
                            [
                                -99.238330192555281,
                                19.610840038612785
                            ],
                            [
                                -99.238265075622905,
                                19.610813270486485
                            ],
                            [
                                -99.237725983349719,
                                19.610605281910569
                            ],
                            [
                                -99.237326852952819,
                                19.610527033244715
                            ],
                            [
                                -99.236287478176763,
                                19.61032326151123
                            ],
                            [
                                -99.235940284466025,
                                19.610277992493373
                            ],
                            [
                                -99.235823119071171,
                                19.610262715670327
                            ],
                            [
                                -99.235493855252173,
                                19.610219783584657
                            ],
                            [
                                -99.234551552632624,
                                19.610010595595533
                            ],
                            [
                                -99.233963573699157,
                                19.609879888356879
                            ],
                            [
                                -99.233927645580934,
                                19.609408107225409
                            ],
                            [
                                -99.234096317273739,
                                19.60918652622426
                            ],
                            [
                                -99.23394915011184,
                                19.608128395101449
                            ],
                            [
                                -99.233822620011836,
                                19.607217673200775
                            ],
                            [
                                -99.233815106885316,
                                19.607161801887962
                            ],
                            [
                                -99.233687507052252,
                                19.606212900371968
                            ],
                            [
                                -99.233664974122632,
                                19.606045332068827
                            ],
                            [
                                -99.233452132527063,
                                19.604462496871779
                            ],
                            [
                                -99.233315462340471,
                                19.603446106887329
                            ],
                            [
                                -99.233159318690568,
                                19.602284879921452
                            ],
                            [
                                -99.23306618071959,
                                19.601592212386755
                            ],
                            [
                                -99.232982307093209,
                                19.600948511063677
                            ],
                            [
                                -99.232994969283325,
                                19.600418981952821
                            ],
                            [
                                -99.232955812005542,
                                19.600097311608597
                            ],
                            [
                                -99.232854982344591,
                                19.600107880720834
                            ],
                            [
                                -99.232796182646311,
                                19.599610058452871
                            ],
                            [
                                -99.232739518511437,
                                19.599206345666072
                            ],
                            [
                                -99.232662914700072,
                                19.598660566040845
                            ],
                            [
                                -99.232584343208998,
                                19.598090350238582
                            ],
                            [
                                -99.232504320338847,
                                19.597509596987987
                            ],
                            [
                                -99.232450120679246,
                                19.597116249072329
                            ],
                            [
                                -99.232426382279897,
                                19.596943969679106
                            ],
                            [
                                -99.23234802794795,
                                19.596375317090967
                            ],
                            [
                                -99.232290031675149,
                                19.595954409358331
                            ],
                            [
                                -99.232359615505956,
                                19.595891639413974
                            ],
                            [
                                -99.233240819870943,
                                19.595096719064077
                            ],
                            [
                                -99.23412058737749,
                                19.594263355521285
                            ],
                            [
                                -99.23501178343615,
                                19.593478451811016
                            ],
                            [
                                -99.235105415305924,
                                19.593383664040854
                            ],
                            [
                                -99.235462985466228,
                                19.593033472049843
                            ],
                            [
                                -99.235644385342951,
                                19.59266167292872
                            ],
                            [
                                -99.236082850105305,
                                19.592636504802222
                            ],
                            [
                                -99.23590111311259,
                                19.591418278480052
                            ],
                            [
                                -99.236338679865952,
                                19.591371919679986
                            ],
                            [
                                -99.236084191475953,
                                19.589852489300469
                            ],
                            [
                                -99.236523444106879,
                                19.589564710424742
                            ],
                            [
                                -99.236482344174902,
                                19.589345139078628
                            ],
                            [
                                -99.236613422642222,
                                19.589260471700229
                            ],
                            [
                                -99.236757192923477,
                                19.590109227349519
                            ],
                            [
                                -99.237040583276027,
                                19.59163979029768
                            ],
                            [
                                -99.237326041712095,
                                19.593211369489904
                            ],
                            [
                                -99.237713143796256,
                                19.593140041011026
                            ],
                            [
                                -99.238093452447799,
                                19.593068720675543
                            ],
                            [
                                -99.238500923589342,
                                19.592990925565545
                            ],
                            [
                                -99.238877849233191,
                                19.592929265119892
                            ],
                            [
                                -99.23926392625124,
                                19.592880360836872
                            ],
                            [
                                -99.239659223012481,
                                19.592823153638051
                            ],
                            [
                                -99.240064523154672,
                                19.592757953896065
                            ],
                            [
                                -99.240470476500619,
                                19.592692159286965
                            ],
                            [
                                -99.240867755898847,
                                19.592614372437104
                            ],
                            [
                                -99.241107377557384,
                                19.593866251231919
                            ],
                            [
                                -99.241492670744961,
                                19.593720879589775
                            ],
                            [
                                -99.241877963232511,
                                19.593575507129103
                            ],
                            [
                                -99.241827856360899,
                                19.593474655482378
                            ],
                            [
                                -99.242131170796824,
                                19.593367005042147
                            ],
                            [
                                -99.242204844460417,
                                19.593341933938095
                            ],
                            [
                                -99.242412145823366,
                                19.593263113348247
                            ],
                            [
                                -99.24258182459792,
                                19.593204314751301
                            ],
                            [
                                -99.242731577215139,
                                19.593145350761528
                            ],
                            [
                                -99.242948111776911,
                                19.593070714526004
                            ],
                            [
                                -99.243227329267071,
                                19.59296349845966
                            ],
                            [
                                -99.243364098476889,
                                19.593147354527954
                            ],
                            [
                                -99.243527939987899,
                                19.593319391913735
                            ],
                            [
                                -99.243728075240355,
                                19.593452621889362
                            ],
                            [
                                -99.24397218287595,
                                19.593575698069834
                            ],
                            [
                                -99.24446715422313,
                                19.5937426394906
                            ],
                            [
                                -99.24533545642997,
                                19.594031150033782
                            ],
                            [
                                -99.247517786969524,
                                19.594445339630269
                            ],
                            [
                                -99.24776020221482,
                                19.59446285518624
                            ],
                            [
                                -99.247987280337412,
                                19.594432993672907
                            ],
                            [
                                -99.248359821567632,
                                19.594389416166841
                            ],
                            [
                                -99.248745974704391,
                                19.594332898264042
                            ],
                            [
                                -99.248947941356477,
                                19.595019772750245
                            ],
                            [
                                -99.249131412332218,
                                19.595578875624192
                            ],
                            [
                                -99.249210218375822,
                                19.595783957664771
                            ],
                            [
                                -99.249540467461031,
                                19.59556620675373
                            ],
                            [
                                -99.249583927242483,
                                19.595537551303515
                            ],
                            [
                                -99.249847960297657,
                                19.595322865616119
                            ],
                            [
                                -99.249960609002997,
                                19.595231270488263
                            ],
                            [
                                -99.250164843397656,
                                19.595071648036289
                            ],
                            [
                                -99.250414390881261,
                                19.594830139611666
                            ],
                            [
                                -99.250447543941092,
                                19.594788745911835
                            ],
                            [
                                -99.250623523703268,
                                19.594569023551742
                            ],
                            [
                                -99.250718252171509,
                                19.594450748483084
                            ],
                            [
                                -99.251212658549946,
                                19.593877300557477
                            ],
                            [
                                -99.251231054946359,
                                19.594019388217188
                            ],
                            [
                                -99.251194903542526,
                                19.594148632498126
                            ],
                            [
                                -99.251018615518632,
                                19.594476696016915
                            ],
                            [
                                -99.250842326786454,
                                19.594804759359274
                            ],
                            [
                                -99.250949877072713,
                                19.595098093216816
                            ],
                            [
                                -99.251045591769412,
                                19.595319694782539
                            ],
                            [
                                -99.251169428259203,
                                19.59560316269647
                            ],
                            [
                                -99.251311225502221,
                                19.595993341207162
                            ],
                            [
                                -99.251759209070599,
                                19.597162558830775
                            ],
                            [
                                -99.251895385649917,
                                19.59752392163341
                            ],
                            [
                                -99.252363371840644,
                                19.59748881532337
                            ],
                            [
                                -99.252822721195642,
                                19.598820046209859
                            ],
                            [
                                -99.252933030208197,
                                19.598800737785051
                            ],
                            [
                                -99.252875442231343,
                                19.599494325488848
                            ],
                            [
                                -99.252912287382287,
                                19.599809228348008
                            ],
                            [
                                -99.252958024903009,
                                19.599998648410043
                            ],
                            [
                                -99.25299158076642,
                                19.600259146343969
                            ],
                            [
                                -99.253084517824476,
                                19.600570748359207
                            ],
                            [
                                -99.25317467187169,
                                19.600938330244333
                            ],
                            [
                                -99.253332936507405,
                                19.601462318127322
                            ],
                            [
                                -99.253138553059642,
                                19.601534752811244
                            ],
                            [
                                -99.252424495373219,
                                19.60171767395785
                            ],
                            [
                                -99.252320483348242,
                                19.601759307499783
                            ],
                            [
                                -99.25254134584587,
                                19.601807968108343
                            ],
                            [
                                -99.25272469040317,
                                19.601896747405338
                            ],
                            [
                                -99.252922065296431,
                                19.601945440480186
                            ]
                        ]
                    ]
                ]
            }
        },
        {
            "type": "Feature",
            "properties": {
                "REGIÓN": "4",
                "DIRECCIÓN": "SAPASA"
            },
            "geometry": {
                "type": "MultiPolygon",
                "coordinates": [
                    [
                        [
                            [
                                -99.227539067610536,
                                19.607190354780343
                            ],
                            [
                                -99.227078030766165,
                                19.606730021423569
                            ],
                            [
                                -99.226678181677855,
                                19.606312986271902
                            ],
                            [
                                -99.226641532277952,
                                19.606274761837984
                            ],
                            [
                                -99.226585700899548,
                                19.605677779516427
                            ],
                            [
                                -99.226463748120537,
                                19.605251413272903
                            ],
                            [
                                -99.226229993509023,
                                19.603949839925054
                            ],
                            [
                                -99.226106639939943,
                                19.603169900089107
                            ],
                            [
                                -99.226078572595171,
                                19.602919001784684
                            ],
                            [
                                -99.225907911005351,
                                19.601393413802047
                            ],
                            [
                                -99.225931901093887,
                                19.601121606873402
                            ],
                            [
                                -99.22597051903648,
                                19.601003813328365
                            ],
                            [
                                -99.226110138576075,
                                19.600594661273487
                            ],
                            [
                                -99.227382337991003,
                                19.598355813216699
                            ],
                            [
                                -99.228383739803874,
                                19.596669199107712
                            ],
                            [
                                -99.228535262206861,
                                19.596108640346213
                            ],
                            [
                                -99.228577112621991,
                                19.59595381358729
                            ],
                            [
                                -99.22928783580565,
                                19.594823319794926
                            ],
                            [
                                -99.229658522617569,
                                19.594418545933891
                            ],
                            [
                                -99.23026753027456,
                                19.593645841899633
                            ],
                            [
                                -99.230283207087624,
                                19.593625951160618
                            ],
                            [
                                -99.231281787664329,
                                19.592407310477299
                            ],
                            [
                                -99.231384198773824,
                                19.592268254595254
                            ],
                            [
                                -99.231404535984566,
                                19.592240640282725
                            ],
                            [
                                -99.231460474271344,
                                19.592164685984727
                            ],
                            [
                                -99.231641979016047,
                                19.591905898013657
                            ],
                            [
                                -99.23169647433194,
                                19.591788817515766
                            ],
                            [
                                -99.23172413837834,
                                19.591729382606065
                            ],
                            [
                                -99.231806297563296,
                                19.591552867159407
                            ],
                            [
                                -99.231965149639365,
                                19.59108447178092
                            ],
                            [
                                -99.231981747156155,
                                19.591035531746773
                            ],
                            [
                                -99.232199544039702,
                                19.590324225439858
                            ],
                            [
                                -99.233021358488131,
                                19.590702917692358
                            ],
                            [
                                -99.233206137172928,
                                19.590747117906851
                            ],
                            [
                                -99.233390915956562,
                                19.59079131793073
                            ],
                            [
                                -99.234726362439972,
                                19.590663000152073
                            ],
                            [
                                -99.235124578272007,
                                19.590508355535842
                            ],
                            [
                                -99.235969207516092,
                                19.58978840946758
                            ],
                            [
                                -99.236482344174902,
                                19.589345139078628
                            ],
                            [
                                -99.236523444106879,
                                19.589564710424742
                            ],
                            [
                                -99.236084191475953,
                                19.589852489300469
                            ],
                            [
                                -99.236338679865952,
                                19.591371919679986
                            ],
                            [
                                -99.23590111311259,
                                19.591418278480052
                            ],
                            [
                                -99.236082850105305,
                                19.592636504802222
                            ],
                            [
                                -99.235644385342951,
                                19.59266167292872
                            ],
                            [
                                -99.235462985466228,
                                19.593033472049843
                            ],
                            [
                                -99.235105415305924,
                                19.593383664040854
                            ],
                            [
                                -99.23501178343615,
                                19.593478451811016
                            ],
                            [
                                -99.23412058737749,
                                19.594263355521285
                            ],
                            [
                                -99.233240819870943,
                                19.595096719064077
                            ],
                            [
                                -99.232359615505956,
                                19.595891639413974
                            ],
                            [
                                -99.232290031675149,
                                19.595954409358331
                            ],
                            [
                                -99.23234802794795,
                                19.596375317090967
                            ],
                            [
                                -99.232426382279897,
                                19.596943969679106
                            ],
                            [
                                -99.232450120679246,
                                19.597116249072329
                            ],
                            [
                                -99.232504320338847,
                                19.597509596987987
                            ],
                            [
                                -99.232584343208998,
                                19.598090350238582
                            ],
                            [
                                -99.232662914700072,
                                19.598660566040845
                            ],
                            [
                                -99.232739518511437,
                                19.599206345666072
                            ],
                            [
                                -99.232796182646311,
                                19.599610058452871
                            ],
                            [
                                -99.232854982344591,
                                19.600107880720834
                            ],
                            [
                                -99.232955812005542,
                                19.600097311608597
                            ],
                            [
                                -99.232994969283325,
                                19.600418981952821
                            ],
                            [
                                -99.232982307093209,
                                19.600948511063677
                            ],
                            [
                                -99.23306618071959,
                                19.601592212386755
                            ],
                            [
                                -99.233159318690568,
                                19.602284879921452
                            ],
                            [
                                -99.233315462340471,
                                19.603446106887329
                            ],
                            [
                                -99.233452132527063,
                                19.604462496871779
                            ],
                            [
                                -99.233664974122632,
                                19.606045332068827
                            ],
                            [
                                -99.233687507052252,
                                19.606212900371968
                            ],
                            [
                                -99.233815106885316,
                                19.607161801887962
                            ],
                            [
                                -99.233822620011836,
                                19.607217673200775
                            ],
                            [
                                -99.23394915011184,
                                19.608128395101449
                            ],
                            [
                                -99.234096317273739,
                                19.60918652622426
                            ],
                            [
                                -99.233927645580934,
                                19.609408107225409
                            ],
                            [
                                -99.233963573699157,
                                19.609879888356879
                            ],
                            [
                                -99.233827461976233,
                                19.60985197511954
                            ],
                            [
                                -99.233493517365346,
                                19.609783490641931
                            ],
                            [
                                -99.232574398603973,
                                19.609560255084226
                            ],
                            [
                                -99.232489053813424,
                                19.609539526272069
                            ],
                            [
                                -99.231724328081469,
                                19.609319696719158
                            ],
                            [
                                -99.231652006779413,
                                19.609308297559274
                            ],
                            [
                                -99.231549791387238,
                                19.609292186491757
                            ],
                            [
                                -99.227861156326654,
                                19.607906845337823
                            ],
                            [
                                -99.227329665536104,
                                19.607707380381864
                            ],
                            [
                                -99.227539067610536,
                                19.607190354780343
                            ]
                        ]
                    ]
                ]
            }
        },
        {
            "type": "Feature",
            "properties": {
                "REGIÓN": "5",
                "DIRECCIÓN": "DIF"
            },
            "geometry": {
                "type": "MultiPolygon",
                "coordinates": [
                    [
                        [
                            [
                                -99.215828872695553,
                                19.601063474212495
                            ],
                            [
                                -99.215828872695553,
                                19.601063474212495
                            ],
                            [
                                -99.21582887269507,
                                19.601063473849663
                            ],
                            [
                                -99.21582887269507,
                                19.601063473849663
                            ],
                            [
                                -99.21582887269507,
                                19.601063473849663
                            ],
                            [
                                -99.215688804026613,
                                19.600913985730386
                            ],
                            [
                                -99.215431357853547,
                                19.600713327279415
                            ],
                            [
                                -99.215318497751966,
                                19.600666427830273
                            ],
                            [
                                -99.215160444836769,
                                19.600563995458735
                            ],
                            [
                                -99.215101699255968,
                                19.600495651492928
                            ],
                            [
                                -99.215024934552204,
                                19.600448708409733
                            ],
                            [
                                -99.214764499556892,
                                19.600333718948452
                            ],
                            [
                                -99.214538970151963,
                                19.600239048785127
                            ],
                            [
                                -99.214228419638829,
                                19.600241721205929
                            ],
                            [
                                -99.214041480426644,
                                19.600189340874447
                            ],
                            [
                                -99.213895957762929,
                                19.600092129963908
                            ],
                            [
                                -99.213800319058294,
                                19.599998362446819
                            ],
                            [
                                -99.213382650837929,
                                19.598963503114589
                            ],
                            [
                                -99.213250553778678,
                                19.598575144293726
                            ],
                            [
                                -99.213085988110038,
                                19.59808106693016
                            ],
                            [
                                -99.212996320039565,
                                19.5978834641083
                            ],
                            [
                                -99.213030263104329,
                                19.597782969156526
                            ],
                            [
                                -99.213025680482502,
                                19.597675323263651
                            ],
                            [
                                -99.212887945738288,
                                19.597479859396451
                            ],
                            [
                                -99.212796078130836,
                                19.59745095868459
                            ],
                            [
                                -99.212693013883282,
                                19.597371964351488
                            ],
                            [
                                -99.212626021033415,
                                19.597213811430784
                            ],
                            [
                                -99.212494686897145,
                                19.596797288797312
                            ],
                            [
                                -99.212310762415498,
                                19.596594441161308
                            ],
                            [
                                -99.212093594639072,
                                19.596505032031889
                            ],
                            [
                                -99.211965014076199,
                                19.596064770926144
                            ],
                            [
                                -99.211697951495978,
                                19.595776307166648
                            ],
                            [
                                -99.212652311575326,
                                19.594217125098428
                            ],
                            [
                                -99.214620743212208,
                                19.590997631014297
                            ],
                            [
                                -99.215480210889098,
                                19.589591870635633
                            ],
                            [
                                -99.21653748223271,
                                19.58785083451496
                            ],
                            [
                                -99.216924149314067,
                                19.587258572778094
                            ],
                            [
                                -99.217265494738783,
                                19.586736061002053
                            ],
                            [
                                -99.217534390281074,
                                19.586372816791254
                            ],
                            [
                                -99.217443011346319,
                                19.585899900281831
                            ],
                            [
                                -99.217332771341304,
                                19.585459258252111
                            ],
                            [
                                -99.217279414686189,
                                19.585143971370073
                            ],
                            [
                                -99.216677430213323,
                                19.583731928750399
                            ],
                            [
                                -99.216964888080398,
                                19.583748620361543
                            ],
                            [
                                -99.217585603947043,
                                19.583818702436425
                            ],
                            [
                                -99.217718764518679,
                                19.583850083755699
                            ],
                            [
                                -99.218110911979977,
                                19.583793284903628
                            ],
                            [
                                -99.218329557518203,
                                19.583756972330775
                            ],
                            [
                                -99.21834230673349,
                                19.583515885754668
                            ],
                            [
                                -99.218819992417934,
                                19.583431945776944
                            ],
                            [
                                -99.219341856554209,
                                19.582807294107219
                            ],
                            [
                                -99.219377708992724,
                                19.582764379859793
                            ],
                            [
                                -99.21943414161106,
                                19.582717984817645
                            ],
                            [
                                -99.219579883678918,
                                19.582598165444889
                            ],
                            [
                                -99.219838345672969,
                                19.582380808747757
                            ],
                            [
                                -99.219929745858835,
                                19.58229395676441
                            ],
                            [
                                -99.219983121740782,
                                19.582213910119648
                            ],
                            [
                                -99.220146944794791,
                                19.582069518143104
                            ],
                            [
                                -99.220334673183558,
                                19.582024228883377
                            ],
                            [
                                -99.220897008207373,
                                19.581788327711511
                            ],
                            [
                                -99.220820175762697,
                                19.581575287847485
                            ],
                            [
                                -99.220872431531873,
                                19.58154593484522
                            ],
                            [
                                -99.221359476753946,
                                19.58135833865218
                            ],
                            [
                                -99.221701633566951,
                                19.581254280350436
                            ],
                            [
                                -99.221846588698298,
                                19.581220307101024
                            ],
                            [
                                -99.222215013168821,
                                19.581204082577877
                            ],
                            [
                                -99.222630972787073,
                                19.581183292634559
                            ],
                            [
                                -99.223279798277019,
                                19.581099129586349
                            ],
                            [
                                -99.223584050750858,
                                19.581089740699376
                            ],
                            [
                                -99.22377191079741,
                                19.581141326768531
                            ],
                            [
                                -99.224280249921236,
                                19.58134395175006
                            ],
                            [
                                -99.224351235065527,
                                19.58137224641386
                            ],
                            [
                                -99.22460367943701,
                                19.581472870379837
                            ],
                            [
                                -99.224640882168643,
                                19.581487934753735
                            ],
                            [
                                -99.224953974597724,
                                19.581615239658973
                            ],
                            [
                                -99.225213032138996,
                                19.581583374367334
                            ],
                            [
                                -99.225543134116478,
                                19.581581313295271
                            ],
                            [
                                -99.225873289954322,
                                19.581559501786543
                            ],
                            [
                                -99.226369742107508,
                                19.581528743808629
                            ],
                            [
                                -99.226446127506335,
                                19.58152401118523
                            ],
                            [
                                -99.226491359739043,
                                19.581504858762695
                            ],
                            [
                                -99.226579636208243,
                                19.581467480322644
                            ],
                            [
                                -99.226621213213122,
                                19.581449875569696
                            ],
                            [
                                -99.226719067732617,
                                19.581422807466858
                            ],
                            [
                                -99.227692579371492,
                                19.581323836079786
                            ],
                            [
                                -99.227799241579831,
                                19.581680183523414
                            ],
                            [
                                -99.227893682565224,
                                19.581973299503812
                            ],
                            [
                                -99.227985034075189,
                                19.582226171349969
                            ],
                            [
                                -99.228009643468354,
                                19.582470502959438
                            ],
                            [
                                -99.227972024316728,
                                19.582644959276294
                            ],
                            [
                                -99.227809820505442,
                                19.582732367304747
                            ],
                            [
                                -99.227802524553496,
                                19.583074608023097
                            ],
                            [
                                -99.227789901735676,
                                19.583666720424524
                            ],
                            [
                                -99.227789219256493,
                                19.583725455709548
                            ],
                            [
                                -99.227787195921778,
                                19.583899587103634
                            ],
                            [
                                -99.227715909912604,
                                19.584974872851774
                            ],
                            [
                                -99.227671625054597,
                                19.585171822172704
                            ],
                            [
                                -99.227598192967278,
                                19.585606470210166
                            ],
                            [
                                -99.227349911862831,
                                19.587110239435596
                            ],
                            [
                                -99.227140366466244,
                                19.588439985656855
                            ],
                            [
                                -99.227122972396074,
                                19.588584886592681
                            ],
                            [
                                -99.227111936297305,
                                19.588689279269342
                            ],
                            [
                                -99.226994595348572,
                                19.590009122213349
                            ],
                            [
                                -99.226972605214854,
                                19.590259291745255
                            ],
                            [
                                -99.227014085806118,
                                19.590261954607222
                            ],
                            [
                                -99.22709820656344,
                                19.59026735497471
                            ],
                            [
                                -99.227145128543214,
                                19.590270366881075
                            ],
                            [
                                -99.227840369908535,
                                19.590314996213834
                            ],
                            [
                                -99.228075335262432,
                                19.590330078632441
                            ],
                            [
                                -99.228442987562175,
                                19.590347480837718
                            ],
                            [
                                -99.228956171555467,
                                19.590369758757753
                            ],
                            [
                                -99.229836834542397,
                                19.590287045313456
                            ],
                            [
                                -99.230621507683836,
                                19.590229555912476
                            ],
                            [
                                -99.230700958489166,
                                19.590216901504466
                            ],
                            [
                                -99.231412414366375,
                                19.590162470177688
                            ],
                            [
                                -99.23195245530259,
                                19.590121150107816
                            ],
                            [
                                -99.23219954403865,
                                19.590324224711161
                            ],
                            [
                                -99.231981747155118,
                                19.591035531018349
                            ],
                            [
                                -99.231965149638327,
                                19.591084471052557
                            ],
                            [
                                -99.231806297562258,
                                19.591552866431147
                            ],
                            [
                                -99.231724138377288,
                                19.591729381877862
                            ],
                            [
                                -99.23169647433194,
                                19.591788817515766
                            ],
                            [
                                -99.231641979015009,
                                19.591905897285471
                            ],
                            [
                                -99.231460474270321,
                                19.592164685256598
                            ],
                            [
                                -99.231404535983543,
                                19.592240639554603
                            ],
                            [
                                -99.231384198772787,
                                19.592268253867111
                            ],
                            [
                                -99.231281787663292,
                                19.592407309749269
                            ],
                            [
                                -99.230283207086572,
                                19.593625950432862
                            ],
                            [
                                -99.230267530273522,
                                19.59364584117197
                            ],
                            [
                                -99.229658522616546,
                                19.594418545206331
                            ],
                            [
                                -99.229287835804612,
                                19.594823319067476
                            ],
                            [
                                -99.228577112620968,
                                19.595953812860149
                            ],
                            [
                                -99.228535262206861,
                                19.596108640346213
                            ],
                            [
                                -99.228383739803874,
                                19.596669199107712
                            ],
                            [
                                -99.227382337991003,
                                19.598355813216699
                            ],
                            [
                                -99.226110138576075,
                                19.600594661273487
                            ],
                            [
                                -99.22597051903648,
                                19.601003813328365
                            ],
                            [
                                -99.225931901093887,
                                19.601121606873402
                            ],
                            [
                                -99.225907911004853,
                                19.601393413439212
                            ],
                            [
                                -99.226078572594645,
                                19.602919001422137
                            ],
                            [
                                -99.226106639939431,
                                19.603169899726449
                            ],
                            [
                                -99.226229993508525,
                                19.603949839562663
                            ],
                            [
                                -99.226463748120025,
                                19.605251412910611
                            ],
                            [
                                -99.226585700899051,
                                19.605677779154117
                            ],
                            [
                                -99.226641532277426,
                                19.60627476147576
                            ],
                            [
                                -99.226678181677855,
                                19.606312986271902
                            ],
                            [
                                -99.227078030765668,
                                19.606730021061473
                            ],
                            [
                                -99.227539067610053,
                                19.607190354418332
                            ],
                            [
                                -99.227539067610053,
                                19.607190354418332
                            ],
                            [
                                -99.227539067610053,
                                19.607190354418332
                            ],
                            [
                                -99.227539067610053,
                                19.607190354418332
                            ],
                            [
                                -99.227539067611048,
                                19.607190355142393
                            ],
                            [
                                -99.227539067611048,
                                19.607190355142393
                            ],
                            [
                                -99.227539067611048,
                                19.607190355142393
                            ],
                            [
                                -99.227539067610053,
                                19.607190354418332
                            ],
                            [
                                -99.227539067610053,
                                19.607190354418332
                            ],
                            [
                                -99.227539067611048,
                                19.607190355142393
                            ],
                            [
                                -99.227539067611048,
                                19.607190355142393
                            ],
                            [
                                -99.227539067610053,
                                19.607190354418332
                            ],
                            [
                                -99.227539067611048,
                                19.607190355142393
                            ],
                            [
                                -99.227539067611048,
                                19.607190355142393
                            ],
                            [
                                -99.227539067611048,
                                19.607190355142393
                            ],
                            [
                                -99.227539067611048,
                                19.607190355142393
                            ],
                            [
                                -99.227539067610053,
                                19.607190354418332
                            ],
                            [
                                -99.227539067611048,
                                19.607190355142393
                            ],
                            [
                                -99.227539067611048,
                                19.607190355142393
                            ],
                            [
                                -99.227539067611048,
                                19.607190355142393
                            ],
                            [
                                -99.227539067610053,
                                19.607190354418332
                            ],
                            [
                                -99.227539067611048,
                                19.607190355142393
                            ],
                            [
                                -99.227539067611048,
                                19.607190355142393
                            ],
                            [
                                -99.227539067610053,
                                19.607190354418332
                            ],
                            [
                                -99.227539067610053,
                                19.607190354418332
                            ],
                            [
                                -99.227539067611048,
                                19.607190355142393
                            ],
                            [
                                -99.227539067611048,
                                19.607190355142393
                            ],
                            [
                                -99.227539067611048,
                                19.607190355142393
                            ],
                            [
                                -99.227539067611048,
                                19.607190355142393
                            ],
                            [
                                -99.227539067611048,
                                19.607190355142393
                            ],
                            [
                                -99.227329665536104,
                                19.607707380381864
                            ],
                            [
                                -99.22728639580842,
                                19.607620796250774
                            ],
                            [
                                -99.22640538487255,
                                19.607463974530177
                            ],
                            [
                                -99.225471600177272,
                                19.607003954662019
                            ],
                            [
                                -99.224821505627489,
                                19.60668324262803
                            ],
                            [
                                -99.223953518012436,
                                19.606274953641528
                            ],
                            [
                                -99.223507309702342,
                                19.606065178125149
                            ],
                            [
                                -99.223075140123768,
                                19.605847023521338
                            ],
                            [
                                -99.222660168564019,
                                19.605651039189286
                            ],
                            [
                                -99.222189859675098,
                                19.605422372530974
                            ],
                            [
                                -99.221574348972339,
                                19.605151308751587
                            ],
                            [
                                -99.221111003917841,
                                19.604958655243333
                            ],
                            [
                                -99.220409114662758,
                                19.60469751829482
                            ],
                            [
                                -99.220295228669528,
                                19.604812281194139
                            ],
                            [
                                -99.219793796465865,
                                19.604563996492256
                            ],
                            [
                                -99.219358310314561,
                                19.604525227623835
                            ],
                            [
                                -99.218756962948021,
                                19.604499758979198
                            ],
                            [
                                -99.218428543146402,
                                19.604503066134495
                            ],
                            [
                                -99.2183871951231,
                                19.604503482462636
                            ],
                            [
                                -99.217804882304492,
                                19.60438951883096
                            ],
                            [
                                -99.217545846126853,
                                19.604388078333304
                            ],
                            [
                                -99.217025305095518,
                                19.604282430481049
                            ],
                            [
                                -99.216980265383725,
                                19.604197335717881
                            ],
                            [
                                -99.216914442588191,
                                19.604076241382639
                            ],
                            [
                                -99.216848619891877,
                                19.603955147020809
                            ],
                            [
                                -99.216703151600925,
                                19.60371297484124
                            ],
                            [
                                -99.216544907818061,
                                19.603400434998463
                            ],
                            [
                                -99.216512578790415,
                                19.603336583289654
                            ],
                            [
                                -99.216404589591804,
                                19.603085274864505
                            ],
                            [
                                -99.21654853200171,
                                19.602755859254959
                            ],
                            [
                                -99.216403606201311,
                                19.602349824810332
                            ],
                            [
                                -99.21607349770116,
                                19.601798632439948
                            ],
                            [
                                -99.216019194731032,
                                19.601678972904825
                            ],
                            [
                                -99.21601907488666,
                                19.601589179571263
                            ],
                            [
                                -99.216036968491338,
                                19.601473709364203
                            ],
                            [
                                -99.216027830505837,
                                19.601388202718912
                            ],
                            [
                                -99.215919247812053,
                                19.601165987081476
                            ],
                            [
                                -99.215828872695553,
                                19.601063474212495
                            ],
                            [
                                -99.215828872695553,
                                19.601063474212495
                            ]
                        ]
                    ]
                ]
            }
        },
        {
            "type": "Feature",
            "properties": {
                "REGIÓN": "8",
                "DIRECCIÓN": "SRIA DEL AYUNTAMIENTO"
            },
            "geometry": {
                "type": "MultiPolygon",
                "coordinates": [
                    [
                        [
                            [
                                -99.224953974597724,
                                19.581615239658973
                            ],
                            [
                                -99.224640882168643,
                                19.581487934753735
                            ],
                            [
                                -99.22460367943701,
                                19.581472870379837
                            ],
                            [
                                -99.224351235065527,
                                19.58137224641386
                            ],
                            [
                                -99.224280249921236,
                                19.58134395175006
                            ],
                            [
                                -99.22377191079741,
                                19.581141326768531
                            ],
                            [
                                -99.223584050750858,
                                19.581089740699376
                            ],
                            [
                                -99.223279798277019,
                                19.581099129586349
                            ],
                            [
                                -99.222630972787073,
                                19.581183292634559
                            ],
                            [
                                -99.222215013168821,
                                19.581204082577877
                            ],
                            [
                                -99.221846588698298,
                                19.581220307101024
                            ],
                            [
                                -99.221701633566951,
                                19.581254280350436
                            ],
                            [
                                -99.221359476753946,
                                19.58135833865218
                            ],
                            [
                                -99.220872431531873,
                                19.58154593484522
                            ],
                            [
                                -99.220820175762697,
                                19.581575287847485
                            ],
                            [
                                -99.220897008207373,
                                19.581788327711511
                            ],
                            [
                                -99.220334673183558,
                                19.582024228883377
                            ],
                            [
                                -99.220146944794791,
                                19.582069518143104
                            ],
                            [
                                -99.219983121740782,
                                19.582213910119648
                            ],
                            [
                                -99.219929745858835,
                                19.58229395676441
                            ],
                            [
                                -99.219838345672969,
                                19.582380808747757
                            ],
                            [
                                -99.219579883678918,
                                19.582598165444889
                            ],
                            [
                                -99.21943414161106,
                                19.582717984817645
                            ],
                            [
                                -99.219377708992724,
                                19.582764379859793
                            ],
                            [
                                -99.219341856554209,
                                19.582807294107219
                            ],
                            [
                                -99.218819992417934,
                                19.583431945776944
                            ],
                            [
                                -99.21834230673349,
                                19.583515885754668
                            ],
                            [
                                -99.218329557518203,
                                19.583756972330775
                            ],
                            [
                                -99.218110911979977,
                                19.583793284903628
                            ],
                            [
                                -99.217718764518679,
                                19.583850083755699
                            ],
                            [
                                -99.217585603947043,
                                19.583818702436425
                            ],
                            [
                                -99.216964888080398,
                                19.583748620361543
                            ],
                            [
                                -99.216677430213323,
                                19.583731928750399
                            ],
                            [
                                -99.216169111025195,
                                19.58233905973195
                            ],
                            [
                                -99.215920978064432,
                                19.581946459255374
                            ],
                            [
                                -99.215702450800563,
                                19.581579976090584
                            ],
                            [
                                -99.215524135401665,
                                19.581186994066098
                            ],
                            [
                                -99.215071517411573,
                                19.580371721116535
                            ],
                            [
                                -99.214291190575238,
                                19.579289356732136
                            ],
                            [
                                -99.21429090761454,
                                19.579075373230715
                            ],
                            [
                                -99.214250551979717,
                                19.57902314119082
                            ],
                            [
                                -99.21408001324815,
                                19.57880241352354
                            ],
                            [
                                -99.213931480946627,
                                19.578512974546303
                            ],
                            [
                                -99.213644230520828,
                                19.578237820862984
                            ],
                            [
                                -99.213475990415361,
                                19.578120787874244
                            ],
                            [
                                -99.213345827418905,
                                19.578018739461921
                            ],
                            [
                                -99.213209341515395,
                                19.577931728190556
                            ],
                            [
                                -99.213123491753976,
                                19.577763496270109
                            ],
                            [
                                -99.213122320656268,
                                19.57771223844302
                            ],
                            [
                                -99.213120126644753,
                                19.577616208549514
                            ],
                            [
                                -99.213148523113276,
                                19.577504954738842
                            ],
                            [
                                -99.213126157194537,
                                19.577378731134608
                            ],
                            [
                                -99.213132314225618,
                                19.577237444064565
                            ],
                            [
                                -99.21317334880257,
                                19.577090103876749
                            ],
                            [
                                -99.213192187441365,
                                19.576945795861981
                            ],
                            [
                                -99.213150836654364,
                                19.576852660172477
                            ],
                            [
                                -99.21312847873476,
                                19.576732448455765
                            ],
                            [
                                -99.213108064576062,
                                19.576674641208992
                            ],
                            [
                                -99.213083873652053,
                                19.576576191572105
                            ],
                            [
                                -99.213023467005499,
                                19.576462036680521
                            ],
                            [
                                -99.212959857456781,
                                19.576323837919684
                            ],
                            [
                                -99.212953372494852,
                                19.576215631249255
                            ],
                            [
                                -99.212940572413856,
                                19.576128473705715
                            ],
                            [
                                -99.212915039422299,
                                19.576005259744807
                            ],
                            [
                                -99.212898989029597,
                                19.575857986959587
                            ],
                            [
                                -99.212854419944534,
                                19.575728783540914
                            ],
                            [
                                -99.212794076922748,
                                19.575662723742237
                            ],
                            [
                                -99.212765443768873,
                                19.575593620576036
                            ],
                            [
                                -99.212727272843921,
                                19.575506492928209
                            ],
                            [
                                -99.212527164868987,
                                19.575269258408134
                            ],
                            [
                                -99.212492161577529,
                                19.575179121020373
                            ],
                            [
                                -99.21254585804833,
                                19.575013730304441
                            ],
                            [
                                -99.212507608562831,
                                19.574866483614823
                            ],
                            [
                                -99.212402792113139,
                                19.574743362924721
                            ],
                            [
                                -99.212388448128962,
                                19.574687769660066
                            ],
                            [
                                -99.212374104154804,
                                19.574632176393798
                            ],
                            [
                                -99.212230637415558,
                                19.574055201996856
                            ],
                            [
                                -99.212430254970258,
                                19.573919699140397
                            ],
                            [
                                -99.212411140252499,
                                19.573853590648458
                            ],
                            [
                                -99.213990071872402,
                                19.573551129527761
                            ],
                            [
                                -99.214358320508509,
                                19.573833252102357
                            ],
                            [
                                -99.214637002545714,
                                19.57353382837076
                            ],
                            [
                                -99.214819113348838,
                                19.573351751420464
                            ],
                            [
                                -99.214838771887841,
                                19.573332411854576
                            ],
                            [
                                -99.214953719582581,
                                19.573219329128996
                            ],
                            [
                                -99.215417472525445,
                                19.57258151376546
                            ],
                            [
                                -99.215397828550138,
                                19.572564236855662
                            ],
                            [
                                -99.215315077781682,
                                19.572491457349084
                            ],
                            [
                                -99.215054639956435,
                                19.572031333337218
                            ],
                            [
                                -99.215038635488952,
                                19.572003057622581
                            ],
                            [
                                -99.215022631027082,
                                19.571974781906327
                            ],
                            [
                                -99.214635552710476,
                                19.571839974783664
                            ],
                            [
                                -99.214318299262899,
                                19.57174716727209
                            ],
                            [
                                -99.214018906940069,
                                19.57084670220765
                            ],
                            [
                                -99.213926674425977,
                                19.570569297612753
                            ],
                            [
                                -99.213689342863532,
                                19.569851972598855
                            ],
                            [
                                -99.213530859197959,
                                19.569372958351124
                            ],
                            [
                                -99.213076469371046,
                                19.567999555768459
                            ],
                            [
                                -99.212984232957723,
                                19.567720766259956
                            ],
                            [
                                -99.212500312467014,
                                19.566275471554061
                            ],
                            [
                                -99.212573202650077,
                                19.566239314238892
                            ],
                            [
                                -99.213128208899363,
                                19.566274731201418
                            ],
                            [
                                -99.21368321537328,
                                19.566310146454757
                            ],
                            [
                                -99.214133031682039,
                                19.566341734707063
                            ],
                            [
                                -99.21466224482559,
                                19.566392318868381
                            ],
                            [
                                -99.214686219044808,
                                19.566394625956033
                            ],
                            [
                                -99.215184136702405,
                                19.56642409257136
                            ],
                            [
                                -99.215288066779621,
                                19.566429413763814
                            ],
                            [
                                -99.215391996863033,
                                19.566434734896283
                            ],
                            [
                                -99.216687741550047,
                                19.5665010708735
                            ],
                            [
                                -99.217070431078739,
                                19.566520660969918
                            ],
                            [
                                -99.217100059361883,
                                19.566522177624641
                            ],
                            [
                                -99.217129687645539,
                                19.56652369427454
                            ],
                            [
                                -99.217188944214357,
                                19.566526727559687
                            ],
                            [
                                -99.217398580070011,
                                19.565774785702402
                            ],
                            [
                                -99.217477537783296,
                                19.565491570804703
                            ],
                            [
                                -99.217458900365799,
                                19.565248527425751
                            ],
                            [
                                -99.217529667775608,
                                19.56509988904045
                            ],
                            [
                                -99.217487921031989,
                                19.564839270672213
                            ],
                            [
                                -99.217540835728514,
                                19.564607968560065
                            ],
                            [
                                -99.217593750277459,
                                19.564376666427783
                            ],
                            [
                                -99.217652787285715,
                                19.564300917242992
                            ],
                            [
                                -99.217812442520469,
                                19.564286710213384
                            ],
                            [
                                -99.217924975210636,
                                19.564412704396116
                            ],
                            [
                                -99.218081658524767,
                                19.564387289159637
                            ],
                            [
                                -99.218585409205176,
                                19.565182700272903
                            ],
                            [
                                -99.218613783598926,
                                19.56508465817296
                            ],
                            [
                                -99.219303549169794,
                                19.562701272368688
                            ],
                            [
                                -99.21961453193704,
                                19.563076481465753
                            ],
                            [
                                -99.219656228466533,
                                19.563297858980537
                            ],
                            [
                                -99.219712542612982,
                                19.563395891566284
                            ],
                            [
                                -99.219822024259784,
                                19.563451816057594
                            ],
                            [
                                -99.220058565734433,
                                19.56344311917999
                            ],
                            [
                                -99.220437114732718,
                                19.563749146048448
                            ],
                            [
                                -99.220467068997422,
                                19.563773361613688
                            ],
                            [
                                -99.220961138346027,
                                19.564113534939498
                            ],
                            [
                                -99.22143895656059,
                                19.564428949646775
                            ],
                            [
                                -99.22147609552654,
                                19.564453424329233
                            ],
                            [
                                -99.221497025303705,
                                19.564467217104259
                            ],
                            [
                                -99.221751570316982,
                                19.564649092320774
                            ],
                            [
                                -99.221982792592669,
                                19.564883203409074
                            ],
                            [
                                -99.222043613441642,
                                19.564944783969437
                            ],
                            [
                                -99.222140078254498,
                                19.565042453581547
                            ],
                            [
                                -99.222169077573156,
                                19.565071815054282
                            ],
                            [
                                -99.222271740703846,
                                19.565224299962168
                            ],
                            [
                                -99.222283712534207,
                                19.565242081624355
                            ],
                            [
                                -99.222397227039536,
                                19.565410683557516
                            ],
                            [
                                -99.222737425987972,
                                19.565519576695177
                            ],
                            [
                                -99.222749071099798,
                                19.565959137778801
                            ],
                            [
                                -99.222749900551293,
                                19.565990446478494
                            ],
                            [
                                -99.222811734712849,
                                19.566181800972863
                            ],
                            [
                                -99.222824140267377,
                                19.566220191644781
                            ],
                            [
                                -99.223164950630363,
                                19.566771939444468
                            ],
                            [
                                -99.222637988912624,
                                19.566816492337214
                            ],
                            [
                                -99.222431364433319,
                                19.566833961335984
                            ],
                            [
                                -99.222389829523735,
                                19.566837472862318
                            ],
                            [
                                -99.222067041207225,
                                19.566876074252701
                            ],
                            [
                                -99.22203553352017,
                                19.566879842140779
                            ],
                            [
                                -99.221788034816043,
                                19.56691020223953
                            ],
                            [
                                -99.221662361744734,
                                19.566929963547768
                            ],
                            [
                                -99.22104897569929,
                                19.567026413361791
                            ],
                            [
                                -99.220626739500915,
                                19.56708712474245
                            ],
                            [
                                -99.22036500975598,
                                19.56712465097722
                            ],
                            [
                                -99.220180724049271,
                                19.567151073218369
                            ],
                            [
                                -99.219694639827665,
                                19.567220765333822
                            ],
                            [
                                -99.219358743243035,
                                19.567328452368049
                            ],
                            [
                                -99.21910086374055,
                                19.567413247288275
                            ],
                            [
                                -99.218763564955523,
                                19.5675511561119
                            ],
                            [
                                -99.218781353325141,
                                19.567615255665441
                            ],
                            [
                                -99.218841228551227,
                                19.567831012831064
                            ],
                            [
                                -99.218852793147477,
                                19.567872685162996
                            ],
                            [
                                -99.218921372805255,
                                19.567996217395827
                            ],
                            [
                                -99.218954519910113,
                                19.568055925050402
                            ],
                            [
                                -99.219152926977415,
                                19.568321004974496
                            ],
                            [
                                -99.219403358100863,
                                19.568655589583543
                            ],
                            [
                                -99.219669341089869,
                                19.569010950098235
                            ],
                            [
                                -99.219422956111472,
                                19.569729673026298
                            ],
                            [
                                -99.219595010267909,
                                19.57032464274069
                            ],
                            [
                                -99.219821860130764,
                                19.570401018385695
                            ],
                            [
                                -99.219773695865058,
                                19.571075847605773
                            ],
                            [
                                -99.219539653052976,
                                19.571106846734793
                            ],
                            [
                                -99.219109598904296,
                                19.569612524568281
                            ],
                            [
                                -99.218346910112984,
                                19.56973383917359
                            ],
                            [
                                -99.218384252917232,
                                19.569834397616258
                            ],
                            [
                                -99.218401218382581,
                                19.569880082966758
                            ],
                            [
                                -99.218468497826436,
                                19.570065084587451
                            ],
                            [
                                -99.218546102430508,
                                19.570318776945303
                            ],
                            [
                                -99.218625651750756,
                                19.570517073588451
                            ],
                            [
                                -99.21865400982611,
                                19.571080127596115
                            ],
                            [
                                -99.218642001638017,
                                19.571411373255813
                            ],
                            [
                                -99.218631723449349,
                                19.571703665711848
                            ],
                            [
                                -99.218623064896107,
                                19.571928737840274
                            ],
                            [
                                -99.218628932465393,
                                19.572064771239368
                            ],
                            [
                                -99.218625411215342,
                                19.572690378733963
                            ],
                            [
                                -99.218617928831691,
                                19.57302104271108
                            ],
                            [
                                -99.218615095995915,
                                19.573272043272677
                            ],
                            [
                                -99.218614616916653,
                                19.573791222745658
                            ],
                            [
                                -99.218622342695966,
                                19.573942362120555
                            ],
                            [
                                -99.218648804139121,
                                19.574750931477396
                            ],
                            [
                                -99.218694562886881,
                                19.574811317354605
                            ],
                            [
                                -99.218809243821852,
                                19.574962656664308
                            ],
                            [
                                -99.218883277385387,
                                19.575017910023323
                            ],
                            [
                                -99.218929877407263,
                                19.575052688912876
                            ],
                            [
                                -99.218922109361927,
                                19.575171433479984
                            ],
                            [
                                -99.219068596868453,
                                19.575211422706765
                            ],
                            [
                                -99.219428367555281,
                                19.575309634938968
                            ],
                            [
                                -99.219917026968417,
                                19.575484564326381
                            ],
                            [
                                -99.220321705429072,
                                19.575568210302745
                            ],
                            [
                                -99.220829947939009,
                                19.575598155060284
                            ],
                            [
                                -99.221076388767685,
                                19.575612674401913
                            ],
                            [
                                -99.221313886499445,
                                19.575626666529757
                            ],
                            [
                                -99.22118351955254,
                                19.575702621006403
                            ],
                            [
                                -99.22107854358751,
                                19.575880268613908
                            ],
                            [
                                -99.221085025362257,
                                19.576003925549287
                            ],
                            [
                                -99.22144859084635,
                                19.576544083580472
                            ],
                            [
                                -99.221727750108201,
                                19.57693254998923
                            ],
                            [
                                -99.221991656543452,
                                19.577283341961738
                            ],
                            [
                                -99.222581973845223,
                                19.578076463113543
                            ],
                            [
                                -99.222771736570451,
                                19.578343504490348
                            ],
                            [
                                -99.222784101340878,
                                19.578358734343052
                            ],
                            [
                                -99.222910862647325,
                                19.578514867718827
                            ],
                            [
                                -99.223037117451142,
                                19.5786610151346
                            ],
                            [
                                -99.223049663807117,
                                19.578676080299683
                            ],
                            [
                                -99.223303814380117,
                                19.578980962885684
                            ],
                            [
                                -99.223369712092548,
                                19.579058371156687
                            ],
                            [
                                -99.223525677810755,
                                19.579248386197545
                            ],
                            [
                                -99.223646826680849,
                                19.579394249625768
                            ],
                            [
                                -99.223984644293253,
                                19.579805159068059
                            ],
                            [
                                -99.224207921759316,
                                19.580076744398074
                            ],
                            [
                                -99.224426345063748,
                                19.580342424164115
                            ],
                            [
                                -99.224477516452325,
                                19.580365610454312
                            ],
                            [
                                -99.224946300853375,
                                19.580595058920807
                            ],
                            [
                                -99.22514116949732,
                                19.580699132842994
                            ],
                            [
                                -99.226621213213122,
                                19.581449875569696
                            ],
                            [
                                -99.226579636208243,
                                19.581467480322644
                            ],
                            [
                                -99.226491359739043,
                                19.581504858762695
                            ],
                            [
                                -99.226446127506335,
                                19.58152401118523
                            ],
                            [
                                -99.226369742107508,
                                19.581528743808629
                            ],
                            [
                                -99.225873289954322,
                                19.581559501786543
                            ],
                            [
                                -99.225543134116478,
                                19.581581313295271
                            ],
                            [
                                -99.225213032138996,
                                19.581583374367334
                            ],
                            [
                                -99.224953974597724,
                                19.581615239658973
                            ]
                        ]
                    ]
                ]
            }
        },
        {
            "type": "Feature",
            "properties": {
                "REGIÓN": "8.1",
                "DIRECCIÓN": "NORMATIVIDAD"
            },
            "geometry": {
                "type": "MultiPolygon",
                "coordinates": [
                    [
                        [
                            [
                                -99.234336341009481,
                                19.5866812860545
                            ],
                            [
                                -99.234678980430672,
                                19.586652056074882
                            ],
                            [
                                -99.234460772075053,
                                19.587033815688628
                            ],
                            [
                                -99.234248522832203,
                                19.586925980742251
                            ],
                            [
                                -99.234060384256495,
                                19.587249374158795
                            ],
                            [
                                -99.235033500586425,
                                19.587752911000958
                            ],
                            [
                                -99.235213873277559,
                                19.588437734665003
                            ],
                            [
                                -99.235690232027409,
                                19.588306607275772
                            ],
                            [
                                -99.236186876479991,
                                19.588169293370392
                            ],
                            [
                                -99.236403780601862,
                                19.588109322498045
                            ],
                            [
                                -99.236571068735955,
                                19.58900797149494
                            ],
                            [
                                -99.23661342264171,
                                19.589260471335827
                            ],
                            [
                                -99.236482344174391,
                                19.589345138714187
                            ],
                            [
                                -99.235969207515566,
                                19.589788409103242
                            ],
                            [
                                -99.235124578271495,
                                19.590508355171554
                            ],
                            [
                                -99.234726362439446,
                                19.590662999787781
                            ],
                            [
                                -99.233390915956051,
                                19.590791317566438
                            ],
                            [
                                -99.233206137172402,
                                19.590747117542548
                            ],
                            [
                                -99.233021358487591,
                                19.590702917328073
                            ],
                            [
                                -99.232199544039176,
                                19.590324225075559
                            ],
                            [
                                -99.231952455303116,
                                19.5901211504721
                            ],
                            [
                                -99.231412414366375,
                                19.590162470177688
                            ],
                            [
                                -99.230700958489678,
                                19.590216901868821
                            ],
                            [
                                -99.230621507684376,
                                19.590229556276739
                            ],
                            [
                                -99.229836834542908,
                                19.59028704567773
                            ],
                            [
                                -99.228956171555978,
                                19.590369759122012
                            ],
                            [
                                -99.228442987562701,
                                19.59034748120196
                            ],
                            [
                                -99.228075335262929,
                                19.590330078996836
                            ],
                            [
                                -99.227840369909046,
                                19.590314996578137
                            ],
                            [
                                -99.227145128543739,
                                19.590270367245367
                            ],
                            [
                                -99.22709820656344,
                                19.59026735497471
                            ],
                            [
                                -99.227014085806118,
                                19.590261954607222
                            ],
                            [
                                -99.226972605150664,
                                19.590259292105397
                            ],
                            [
                                -99.226994595348572,
                                19.590009122213349
                            ],
                            [
                                -99.227111936296808,
                                19.588689278904813
                            ],
                            [
                                -99.227122972395563,
                                19.588584886228126
                            ],
                            [
                                -99.227140366465733,
                                19.588439985292279
                            ],
                            [
                                -99.227349911862333,
                                19.587110239070888
                            ],
                            [
                                -99.227598192966781,
                                19.585606469845242
                            ],
                            [
                                -99.227671625054597,
                                19.585171822172704
                            ],
                            [
                                -99.227715909912604,
                                19.584974872851774
                            ],
                            [
                                -99.227787195921778,
                                19.583899587103634
                            ],
                            [
                                -99.227789219256493,
                                19.583725455709548
                            ],
                            [
                                -99.227789901735676,
                                19.583666720424524
                            ],
                            [
                                -99.227802524553496,
                                19.583074608023097
                            ],
                            [
                                -99.227809820505442,
                                19.582732367304747
                            ],
                            [
                                -99.227972024316728,
                                19.582644959276294
                            ],
                            [
                                -99.228009643468354,
                                19.582470502959438
                            ],
                            [
                                -99.227985034075189,
                                19.582226171349969
                            ],
                            [
                                -99.227893682565224,
                                19.581973299503812
                            ],
                            [
                                -99.227799241579831,
                                19.581680183523414
                            ],
                            [
                                -99.227692579371492,
                                19.581323836079786
                            ],
                            [
                                -99.226719067732617,
                                19.581422807466858
                            ],
                            [
                                -99.226621213213122,
                                19.581449875569696
                            ],
                            [
                                -99.22514116949732,
                                19.580699132842994
                            ],
                            [
                                -99.224946300853375,
                                19.580595058920807
                            ],
                            [
                                -99.224477516452325,
                                19.580365610454312
                            ],
                            [
                                -99.224426345063748,
                                19.580342424164115
                            ],
                            [
                                -99.224207921759316,
                                19.580076744398074
                            ],
                            [
                                -99.223984644293253,
                                19.579805159068059
                            ],
                            [
                                -99.223646826680849,
                                19.579394249625768
                            ],
                            [
                                -99.223525677810755,
                                19.579248386197545
                            ],
                            [
                                -99.223369712092548,
                                19.579058371156687
                            ],
                            [
                                -99.223303814380117,
                                19.578980962885684
                            ],
                            [
                                -99.223049663807117,
                                19.578676080299683
                            ],
                            [
                                -99.223037117451142,
                                19.5786610151346
                            ],
                            [
                                -99.222910862647325,
                                19.578514867718827
                            ],
                            [
                                -99.222784101340878,
                                19.578358734343052
                            ],
                            [
                                -99.222771736570451,
                                19.578343504490348
                            ],
                            [
                                -99.222581973845223,
                                19.578076463113543
                            ],
                            [
                                -99.221991656543452,
                                19.577283341961738
                            ],
                            [
                                -99.221727750108201,
                                19.57693254998923
                            ],
                            [
                                -99.22144859084635,
                                19.576544083580472
                            ],
                            [
                                -99.221085025362257,
                                19.576003925549287
                            ],
                            [
                                -99.22107854358751,
                                19.575880268613908
                            ],
                            [
                                -99.22118351955254,
                                19.575702621006403
                            ],
                            [
                                -99.221313886499445,
                                19.575626666529757
                            ],
                            [
                                -99.221076388767685,
                                19.575612674401913
                            ],
                            [
                                -99.220829947939009,
                                19.575598155060284
                            ],
                            [
                                -99.220321705429072,
                                19.575568210302745
                            ],
                            [
                                -99.219917026968417,
                                19.575484564326381
                            ],
                            [
                                -99.219428367555281,
                                19.575309634938968
                            ],
                            [
                                -99.219068596868453,
                                19.575211422706765
                            ],
                            [
                                -99.218922109361927,
                                19.575171433479984
                            ],
                            [
                                -99.218929877407263,
                                19.575052688912876
                            ],
                            [
                                -99.218883277385387,
                                19.575017910023323
                            ],
                            [
                                -99.218809243821852,
                                19.574962656664308
                            ],
                            [
                                -99.218694562886881,
                                19.574811317354605
                            ],
                            [
                                -99.218648804139121,
                                19.574750931477396
                            ],
                            [
                                -99.218622342695966,
                                19.573942362120555
                            ],
                            [
                                -99.218614616916653,
                                19.573791222745658
                            ],
                            [
                                -99.218615095995915,
                                19.573272043272677
                            ],
                            [
                                -99.218617928831691,
                                19.57302104271108
                            ],
                            [
                                -99.218625411215342,
                                19.572690378733963
                            ],
                            [
                                -99.218628932465393,
                                19.572064771239368
                            ],
                            [
                                -99.218623064896107,
                                19.571928737840274
                            ],
                            [
                                -99.218631723449349,
                                19.571703665711848
                            ],
                            [
                                -99.218642001638017,
                                19.571411373255813
                            ],
                            [
                                -99.21865400982611,
                                19.571080127596115
                            ],
                            [
                                -99.218625651750756,
                                19.570517073588451
                            ],
                            [
                                -99.218546102430508,
                                19.570318776945303
                            ],
                            [
                                -99.218468497826436,
                                19.570065084587451
                            ],
                            [
                                -99.218401218382581,
                                19.569880082966758
                            ],
                            [
                                -99.218384252917232,
                                19.569834397616258
                            ],
                            [
                                -99.218346910112984,
                                19.56973383917359
                            ],
                            [
                                -99.219109598904296,
                                19.569612524568281
                            ],
                            [
                                -99.219539653052976,
                                19.571106846734793
                            ],
                            [
                                -99.219773695865058,
                                19.571075847605773
                            ],
                            [
                                -99.219778497302173,
                                19.571164583581339
                            ],
                            [
                                -99.220122269814468,
                                19.572102022179351
                            ],
                            [
                                -99.220129272541143,
                                19.57212025581785
                            ],
                            [
                                -99.22051124218568,
                                19.573114818252431
                            ],
                            [
                                -99.220593242942698,
                                19.573291804606299
                            ],
                            [
                                -99.220790135596772,
                                19.573489956697021
                            ],
                            [
                                -99.221078403684928,
                                19.573561754455845
                            ],
                            [
                                -99.22148787002827,
                                19.573519161082771
                            ],
                            [
                                -99.221809718466815,
                                19.573145336162384
                            ],
                            [
                                -99.222393477662905,
                                19.572502034997175
                            ],
                            [
                                -99.223058336858628,
                                19.571689606942716
                            ],
                            [
                                -99.222478842396058,
                                19.571579920748352
                            ],
                            [
                                -99.222555189348668,
                                19.571188951374165
                            ],
                            [
                                -99.223078559575967,
                                19.570846537607856
                            ],
                            [
                                -99.223111713957294,
                                19.570826017870687
                            ],
                            [
                                -99.2235360444392,
                                19.570563392461299
                            ],
                            [
                                -99.223566349408941,
                                19.570544636125341
                            ],
                            [
                                -99.224062661842297,
                                19.570237457354953
                            ],
                            [
                                -99.225044482129988,
                                19.57173782089556
                            ],
                            [
                                -99.225860198894281,
                                19.571955907565133
                            ],
                            [
                                -99.226663621225129,
                                19.57218649332636
                            ],
                            [
                                -99.226743026421573,
                                19.572213932548809
                            ],
                            [
                                -99.226963965129826,
                                19.572103498844758
                            ],
                            [
                                -99.227012459563824,
                                19.572157785750559
                            ],
                            [
                                -99.22706095403035,
                                19.572212072642689
                            ],
                            [
                                -99.22721935836654,
                                19.57230736892005
                            ],
                            [
                                -99.227497305179128,
                                19.572370537301211
                            ],
                            [
                                -99.227701382545007,
                                19.572416917225272
                            ],
                            [
                                -99.228215316411948,
                                19.572536439021164
                            ],
                            [
                                -99.229896034834283,
                                19.572927299774815
                            ],
                            [
                                -99.229929122965501,
                                19.572936620581828
                            ],
                            [
                                -99.229962211100442,
                                19.572945941382692
                            ],
                            [
                                -99.230741067061885,
                                19.573165340052434
                            ],
                            [
                                -99.231182286077072,
                                19.57327560358501
                            ],
                            [
                                -99.231586063347393,
                                19.573376509098427
                            ],
                            [
                                -99.23180441928875,
                                19.573443396935481
                            ],
                            [
                                -99.231937777458498,
                                19.573537261077785
                            ],
                            [
                                -99.232338157110192,
                                19.574031104089471
                            ],
                            [
                                -99.232568060618149,
                                19.574243059471673
                            ],
                            [
                                -99.232673054997576,
                                19.574323525967042
                            ],
                            [
                                -99.23296397144577,
                                19.574420197049957
                            ],
                            [
                                -99.233277106346449,
                                19.57452425063352
                            ],
                            [
                                -99.233339501558831,
                                19.574548350507111
                            ],
                            [
                                -99.233464388780902,
                                19.57466371827671
                            ],
                            [
                                -99.233522466222908,
                                19.574731606324129
                            ],
                            [
                                -99.233289734194429,
                                19.575071424672313
                            ],
                            [
                                -99.233120755867546,
                                19.575211954649156
                            ],
                            [
                                -99.232951585195721,
                                19.5752188546588
                            ],
                            [
                                -99.232835168176095,
                                19.575145508401995
                            ],
                            [
                                -99.232779163389395,
                                19.575416181537936
                            ],
                            [
                                -99.232562980548309,
                                19.57542332902921
                            ],
                            [
                                -99.232148289836417,
                                19.575437038910927
                            ],
                            [
                                -99.232169322328318,
                                19.576132526501105
                            ],
                            [
                                -99.232088660833213,
                                19.576272468740932
                            ],
                            [
                                -99.231999003678794,
                                19.577024087791752
                            ],
                            [
                                -99.23190060932707,
                                19.577908764662102
                            ],
                            [
                                -99.231894249209788,
                                19.577954716385026
                            ],
                            [
                                -99.231796911721062,
                                19.578657974663336
                            ],
                            [
                                -99.231747340301098,
                                19.578670246502618
                            ],
                            [
                                -99.231568857054512,
                                19.578714431465968
                            ],
                            [
                                -99.231525608023063,
                                19.57872513808142
                            ],
                            [
                                -99.23065530558209,
                                19.578930038760298
                            ],
                            [
                                -99.230130276733988,
                                19.579034272588668
                            ],
                            [
                                -99.22983757726179,
                                19.578927741738006
                            ],
                            [
                                -99.229760346925147,
                                19.578969069874962
                            ],
                            [
                                -99.229995550343617,
                                19.579562794692801
                            ],
                            [
                                -99.230278550373569,
                                19.580212866231378
                            ],
                            [
                                -99.230629239376896,
                                19.580606496587439
                            ],
                            [
                                -99.230647041051625,
                                19.580813883499783
                            ],
                            [
                                -99.230669030022554,
                                19.581383905176143
                            ],
                            [
                                -99.230669868978737,
                                19.581477565233318
                            ],
                            [
                                -99.230596068332162,
                                19.581900775290173
                            ],
                            [
                                -99.230408615763395,
                                19.582423687148577
                            ],
                            [
                                -99.230719423689663,
                                19.582468919953818
                            ],
                            [
                                -99.231406144960616,
                                19.58217766671854
                            ],
                            [
                                -99.231757333474476,
                                19.582915594053418
                            ],
                            [
                                -99.231096715993175,
                                19.583098962179946
                            ],
                            [
                                -99.230510577352248,
                                19.583336159222217
                            ],
                            [
                                -99.230426052450127,
                                19.58337466277435
                            ],
                            [
                                -99.230594493562492,
                                19.583735888223313
                            ],
                            [
                                -99.230704055292762,
                                19.583970585232922
                            ],
                            [
                                -99.230822411816391,
                                19.58421649228697
                            ],
                            [
                                -99.231141420236483,
                                19.584879286796607
                            ],
                            [
                                -99.231336843911023,
                                19.585224213921805
                            ],
                            [
                                -99.231594737893005,
                                19.585516719082811
                            ],
                            [
                                -99.231831390789807,
                                19.585732120945128
                            ],
                            [
                                -99.232053281762518,
                                19.585957230260544
                            ],
                            [
                                -99.23253615498632,
                                19.586222571818066
                            ],
                            [
                                -99.232873796751775,
                                19.586245153511221
                            ],
                            [
                                -99.23324165448885,
                                19.586152600562066
                            ],
                            [
                                -99.233035794391597,
                                19.586414338156974
                            ],
                            [
                                -99.233186465853578,
                                19.586492452815129
                            ],
                            [
                                -99.232926651793392,
                                19.586825960804564
                            ],
                            [
                                -99.234336341009481,
                                19.5866812860545
                            ]
                        ]
                    ]
                ]
            }
        },
        {
            "type": "Feature",
            "properties": {
                "REGIÓN": "7",
                "DIRECCIÓN": "INNOVACIÓN"
            },
            "geometry": {
                "type": "MultiPolygon",
                "coordinates": [
                    [
                        [
                            [
                                -99.242032914776004,
                                19.575781728790606
                            ],
                            [
                                -99.242199599127261,
                                19.575890525412593
                            ],
                            [
                                -99.242366283701315,
                                19.575999321877031
                            ],
                            [
                                -99.242847101311227,
                                19.576089796757731
                            ],
                            [
                                -99.242943354649839,
                                19.576167771266949
                            ],
                            [
                                -99.243152749230106,
                                19.576246111120373
                            ],
                            [
                                -99.243192313433099,
                                19.576482424115344
                            ],
                            [
                                -99.24284773032187,
                                19.576509605432584
                            ],
                            [
                                -99.242911162448166,
                                19.57725665124152
                            ],
                            [
                                -99.242917633299825,
                                19.57733285861967
                            ],
                            [
                                -99.242983659543654,
                                19.577859972276748
                            ],
                            [
                                -99.242994360085802,
                                19.578126813476178
                            ],
                            [
                                -99.24300151982807,
                                19.578322064031276
                            ],
                            [
                                -99.243126558772374,
                                19.578342907541643
                            ],
                            [
                                -99.243175351221382,
                                19.578435072631923
                            ],
                            [
                                -99.243432193197918,
                                19.578635957174964
                            ],
                            [
                                -99.24362696732409,
                                19.578740502016394
                            ],
                            [
                                -99.243901357668264,
                                19.578844939014974
                            ],
                            [
                                -99.243984523065194,
                                19.579002520656676
                            ],
                            [
                                -99.243846467939179,
                                19.579097896662415
                            ],
                            [
                                -99.243679071013432,
                                19.579266670351473
                            ],
                            [
                                -99.243522176482983,
                                19.579570871230462
                            ],
                            [
                                -99.243474977285729,
                                19.579635687001165
                            ],
                            [
                                -99.24338295509115,
                                19.579719736071489
                            ],
                            [
                                -99.243617696287956,
                                19.579929034740193
                            ],
                            [
                                -99.243949867187709,
                                19.580217855256542
                            ],
                            [
                                -99.244215782122993,
                                19.580451735051984
                            ],
                            [
                                -99.244309718321176,
                                19.580523257846593
                            ],
                            [
                                -99.24429799362558,
                                19.580796873634291
                            ],
                            [
                                -99.244129802329184,
                                19.580878693569389
                            ],
                            [
                                -99.243952341950134,
                                19.580777856912086
                            ],
                            [
                                -99.243892987234474,
                                19.580823908501291
                            ],
                            [
                                -99.243844618707655,
                                19.581161446760895
                            ],
                            [
                                -99.243814109907078,
                                19.581374928894444
                            ],
                            [
                                -99.243792247338419,
                                19.581527909589045
                            ],
                            [
                                -99.242746508734498,
                                19.581252009342361
                            ],
                            [
                                -99.242790389653777,
                                19.580902235242249
                            ],
                            [
                                -99.242788235456601,
                                19.580694132199604
                            ],
                            [
                                -99.242813378293533,
                                19.580361673078709
                            ],
                            [
                                -99.241981692559278,
                                19.581214137928871
                            ],
                            [
                                -99.241424711173465,
                                19.581452170639889
                            ],
                            [
                                -99.240909026084225,
                                19.581672581139571
                            ],
                            [
                                -99.240109039647052,
                                19.582014501627754
                            ],
                            [
                                -99.2392851418562,
                                19.58236663680804
                            ],
                            [
                                -99.23980787398537,
                                19.583471584177342
                            ],
                            [
                                -99.24001810422368,
                                19.583922918420647
                            ],
                            [
                                -99.240309364377353,
                                19.584541334870767
                            ],
                            [
                                -99.240590867936334,
                                19.585139030645795
                            ],
                            [
                                -99.240375238548623,
                                19.58526000731521
                            ],
                            [
                                -99.240026511921002,
                                19.585455655907364
                            ],
                            [
                                -99.239693735402383,
                                19.585748774610977
                            ],
                            [
                                -99.237865504807388,
                                19.584496418780944
                            ],
                            [
                                -99.237541313286357,
                                19.584943396577437
                            ],
                            [
                                -99.237525846211327,
                                19.584964721670779
                            ],
                            [
                                -99.23740653042465,
                                19.585097848154778
                            ],
                            [
                                -99.237050859270084,
                                19.585278070912981
                            ],
                            [
                                -99.236669170687762,
                                19.58543370316066
                            ],
                            [
                                -99.236282296003509,
                                19.585596728587017
                            ],
                            [
                                -99.235892229214542,
                                19.58585557874618
                            ],
                            [
                                -99.23600503370416,
                                19.586258954999501
                            ],
                            [
                                -99.236098848440733,
                                19.58659442438579
                            ],
                            [
                                -99.236122931209508,
                                19.586702915965184
                            ],
                            [
                                -99.236403780602402,
                                19.588109322862639
                            ],
                            [
                                -99.236186876480502,
                                19.588169293735028
                            ],
                            [
                                -99.235690232027935,
                                19.588306607640323
                            ],
                            [
                                -99.235213873278099,
                                19.588437735029551
                            ],
                            [
                                -99.235033500586965,
                                19.587752911365705
                            ],
                            [
                                -99.23406038425702,
                                19.587249374523555
                            ],
                            [
                                -99.234248522832729,
                                19.586925981107079
                            ],
                            [
                                -99.23446077207555,
                                19.587033816053374
                            ],
                            [
                                -99.234678980431212,
                                19.586652056439718
                            ],
                            [
                                -99.234336341010021,
                                19.586681286419321
                            ],
                            [
                                -99.232926651793917,
                                19.586825961169389
                            ],
                            [
                                -99.233186465854104,
                                19.58649245317994
                            ],
                            [
                                -99.233035794391597,
                                19.586414338156974
                            ],
                            [
                                -99.23324165448885,
                                19.586152600562066
                            ],
                            [
                                -99.232873796751775,
                                19.586245153511221
                            ],
                            [
                                -99.23253615498632,
                                19.586222571818066
                            ],
                            [
                                -99.232053281762518,
                                19.585957230260544
                            ],
                            [
                                -99.231831390789807,
                                19.585732120945128
                            ],
                            [
                                -99.231594737893005,
                                19.585516719082811
                            ],
                            [
                                -99.231336843911023,
                                19.585224213921805
                            ],
                            [
                                -99.231141420236483,
                                19.584879286796607
                            ],
                            [
                                -99.230822411816391,
                                19.58421649228697
                            ],
                            [
                                -99.230704055292762,
                                19.583970585232922
                            ],
                            [
                                -99.230594493562492,
                                19.583735888223313
                            ],
                            [
                                -99.230426052450127,
                                19.58337466277435
                            ],
                            [
                                -99.230510577352248,
                                19.583336159222217
                            ],
                            [
                                -99.231096715993175,
                                19.583098962179946
                            ],
                            [
                                -99.231757333474476,
                                19.582915594053418
                            ],
                            [
                                -99.231406144960616,
                                19.58217766671854
                            ],
                            [
                                -99.230719423689663,
                                19.582468919953818
                            ],
                            [
                                -99.230408615763395,
                                19.582423687148577
                            ],
                            [
                                -99.230596068332162,
                                19.581900775290173
                            ],
                            [
                                -99.230669868978737,
                                19.581477565233318
                            ],
                            [
                                -99.230669030022554,
                                19.581383905176143
                            ],
                            [
                                -99.230647041051625,
                                19.580813883499783
                            ],
                            [
                                -99.230629239376896,
                                19.580606496587439
                            ],
                            [
                                -99.230278550373569,
                                19.580212866231378
                            ],
                            [
                                -99.229995550343617,
                                19.579562794692801
                            ],
                            [
                                -99.229760346925147,
                                19.578969069874962
                            ],
                            [
                                -99.22983757726179,
                                19.578927741738006
                            ],
                            [
                                -99.230130276733988,
                                19.579034272588668
                            ],
                            [
                                -99.23065530558209,
                                19.578930038760298
                            ],
                            [
                                -99.231525608023063,
                                19.57872513808142
                            ],
                            [
                                -99.231568857054512,
                                19.578714431465968
                            ],
                            [
                                -99.231747340301098,
                                19.578670246502618
                            ],
                            [
                                -99.231796911721062,
                                19.578657974663336
                            ],
                            [
                                -99.231894249209788,
                                19.577954716385026
                            ],
                            [
                                -99.23190060932707,
                                19.577908764662102
                            ],
                            [
                                -99.231999003678794,
                                19.577024087791752
                            ],
                            [
                                -99.232088660833213,
                                19.576272468740932
                            ],
                            [
                                -99.232169322328318,
                                19.576132526501105
                            ],
                            [
                                -99.232148289836417,
                                19.575437038910927
                            ],
                            [
                                -99.232562980548309,
                                19.57542332902921
                            ],
                            [
                                -99.232779163389395,
                                19.575416181537936
                            ],
                            [
                                -99.232835168176095,
                                19.575145508401995
                            ],
                            [
                                -99.232951585195721,
                                19.5752188546588
                            ],
                            [
                                -99.233120755867546,
                                19.575211954649156
                            ],
                            [
                                -99.233289734194429,
                                19.575071424672313
                            ],
                            [
                                -99.233522466222908,
                                19.574731606324129
                            ],
                            [
                                -99.233464388780902,
                                19.57466371827671
                            ],
                            [
                                -99.233339501558831,
                                19.574548350507111
                            ],
                            [
                                -99.233277106346449,
                                19.57452425063352
                            ],
                            [
                                -99.23296397144577,
                                19.574420197049957
                            ],
                            [
                                -99.232673054997576,
                                19.574323525967042
                            ],
                            [
                                -99.232568060618149,
                                19.574243059471673
                            ],
                            [
                                -99.232338157110192,
                                19.574031104089471
                            ],
                            [
                                -99.231937777458498,
                                19.573537261077785
                            ],
                            [
                                -99.232300667788763,
                                19.573584483673756
                            ],
                            [
                                -99.23293644808102,
                                19.574169370891056
                            ],
                            [
                                -99.233245619762044,
                                19.5743113680976
                            ],
                            [
                                -99.233384517074825,
                                19.574313875213804
                            ],
                            [
                                -99.233611065048308,
                                19.574163125225361
                            ],
                            [
                                -99.233816054508026,
                                19.573902205592869
                            ],
                            [
                                -99.234270305459319,
                                19.573324011115997
                            ],
                            [
                                -99.234317444204791,
                                19.573285285724957
                            ],
                            [
                                -99.234833709995939,
                                19.572861161378814
                            ],
                            [
                                -99.235167444530646,
                                19.572350248239879
                            ],
                            [
                                -99.235144631930751,
                                19.572256242456032
                            ],
                            [
                                -99.235447321161061,
                                19.571839404756332
                            ],
                            [
                                -99.235921557818287,
                                19.571314406928995
                            ],
                            [
                                -99.236261779396273,
                                19.570799789145845
                            ],
                            [
                                -99.236442053960317,
                                19.570427389950488
                            ],
                            [
                                -99.236914746713353,
                                19.568649201439239
                            ],
                            [
                                -99.23692704000041,
                                19.568600351118388
                            ],
                            [
                                -99.23700720041586,
                                19.56828181377486
                            ],
                            [
                                -99.237243509724522,
                                19.567370682881936
                            ],
                            [
                                -99.23726895331113,
                                19.567106217687289
                            ],
                            [
                                -99.237222186282025,
                                19.566920197558233
                            ],
                            [
                                -99.237139328418792,
                                19.566783193680596
                            ],
                            [
                                -99.236916857865481,
                                19.566558229156399
                            ],
                            [
                                -99.236032333177064,
                                19.56578568021855
                            ],
                            [
                                -99.23571677712664,
                                19.565492279470043
                            ],
                            [
                                -99.236239084946988,
                                19.565442003913027
                            ],
                            [
                                -99.236584296173305,
                                19.565393262720406
                            ],
                            [
                                -99.236609676214854,
                                19.565389679224946
                            ],
                            [
                                -99.236929507184598,
                                19.565344520869434
                            ],
                            [
                                -99.237034607949781,
                                19.565607289843662
                            ],
                            [
                                -99.237201788706955,
                                19.565743889142095
                            ],
                            [
                                -99.237561728858182,
                                19.566089487140939
                            ],
                            [
                                -99.237697644760971,
                                19.566134914502239
                            ],
                            [
                                -99.237822153425569,
                                19.566121336867091
                            ],
                            [
                                -99.238364954326201,
                                19.565715529533747
                            ],
                            [
                                -99.238361911221148,
                                19.565570666462161
                            ],
                            [
                                -99.238350361821077,
                                19.565415083725377
                            ],
                            [
                                -99.238333175751578,
                                19.565275604771983
                            ],
                            [
                                -99.238327326169966,
                                19.565146841742404
                            ],
                            [
                                -99.239862522465685,
                                19.564071718561483
                            ],
                            [
                                -99.24026111304228,
                                19.563759992461591
                            ],
                            [
                                -99.24035141537864,
                                19.563582812448448
                            ],
                            [
                                -99.240226169848015,
                                19.563097406074501
                            ],
                            [
                                -99.240629544423456,
                                19.562974546169993
                            ],
                            [
                                -99.240712734245108,
                                19.562949208063348
                            ],
                            [
                                -99.240786676139493,
                                19.563190554633781
                            ],
                            [
                                -99.241307161990349,
                                19.563015482530815
                            ],
                            [
                                -99.241674703702543,
                                19.562762814758827
                            ],
                            [
                                -99.24164911263189,
                                19.562682367290719
                            ],
                            [
                                -99.241994095017986,
                                19.562440347806909
                            ],
                            [
                                -99.241789875032694,
                                19.562157823673321
                            ],
                            [
                                -99.240967410911139,
                                19.561019989302071
                            ],
                            [
                                -99.241329973456644,
                                19.560627132439642
                            ],
                            [
                                -99.241448904222324,
                                19.560498263709416
                            ],
                            [
                                -99.242103702588309,
                                19.56001940321725
                            ],
                            [
                                -99.242157332945325,
                                19.559980182579046
                            ],
                            [
                                -99.242816287411401,
                                19.560302235402229
                            ],
                            [
                                -99.242890862178115,
                                19.560338682321181
                            ],
                            [
                                -99.243567452227097,
                                19.560663036297306
                            ],
                            [
                                -99.24414123720436,
                                19.560938102995586
                            ],
                            [
                                -99.245815436276359,
                                19.561746457506395
                            ],
                            [
                                -99.245124694994402,
                                19.562548927982455
                            ],
                            [
                                -99.244964580954971,
                                19.562730671015483
                            ],
                            [
                                -99.244941941248328,
                                19.56275636896115
                            ],
                            [
                                -99.244869850423328,
                                19.56284207338113
                            ],
                            [
                                -99.244585086535835,
                                19.56318061077307
                            ],
                            [
                                -99.243576445850763,
                                19.564380100868096
                            ],
                            [
                                -99.242217812332996,
                                19.565739394504956
                            ],
                            [
                                -99.241675180708839,
                                19.566282280566746
                            ],
                            [
                                -99.241392215959181,
                                19.566565375911672
                            ],
                            [
                                -99.241045497160712,
                                19.566268241352688
                            ],
                            [
                                -99.240749644623463,
                                19.566023555552743
                            ],
                            [
                                -99.240421441557004,
                                19.56575703014358
                            ],
                            [
                                -99.240167176203883,
                                19.565534170163328
                            ],
                            [
                                -99.239843611398868,
                                19.565311466583569
                            ],
                            [
                                -99.23959192750911,
                                19.565643948741332
                            ],
                            [
                                -99.23933218553961,
                                19.565999182037967
                            ],
                            [
                                -99.239180140689427,
                                19.566213829196204
                            ],
                            [
                                -99.24005844799504,
                                19.566939152278536
                            ],
                            [
                                -99.240261214893323,
                                19.567103684882216
                            ],
                            [
                                -99.240566964078084,
                                19.567371742767257
                            ],
                            [
                                -99.240382480626863,
                                19.567561814873912
                            ],
                            [
                                -99.240148308970518,
                                19.567803079505204
                            ],
                            [
                                -99.239832367699194,
                                19.568116662323593
                            ],
                            [
                                -99.239721025791653,
                                19.568230266087067
                            ],
                            [
                                -99.239268800663766,
                                19.568691675606516
                            ],
                            [
                                -99.239112167538607,
                                19.568849177624987
                            ],
                            [
                                -99.2389295189611,
                                19.56901439042306
                            ],
                            [
                                -99.238717211950771,
                                19.569228065638352
                            ],
                            [
                                -99.238527782642379,
                                19.56941871503194
                            ],
                            [
                                -99.238262946738104,
                                19.569685255620477
                            ],
                            [
                                -99.23874146351524,
                                19.570196416429251
                            ],
                            [
                                -99.239216701789559,
                                19.570701376705092
                            ],
                            [
                                -99.239284618072489,
                                19.570781939248501
                            ],
                            [
                                -99.2394952977575,
                                19.571001879511211
                            ],
                            [
                                -99.24009513031713,
                                19.571667964346137
                            ],
                            [
                                -99.241136777754633,
                                19.572820762851272
                            ],
                            [
                                -99.241380027023439,
                                19.573089965243117
                            ],
                            [
                                -99.241334545639049,
                                19.573313353920053
                            ],
                            [
                                -99.241338141311047,
                                19.573530473393724
                            ],
                            [
                                -99.24160617901363,
                                19.574577769686158
                            ],
                            [
                                -99.241739870734122,
                                19.575201792377939
                            ],
                            [
                                -99.24164462645976,
                                19.575573971653885
                            ],
                            [
                                -99.242032914776004,
                                19.575781728790606
                            ]
                        ],
                        [
                            [
                                -99.2392851418562,
                                19.58236663680804
                            ],
                            [
                                -99.2392851418562,
                                19.58236663680804
                            ],
                            [
                                -99.2392851418562,
                                19.58236663680804
                            ],
                            [
                                -99.2392851418562,
                                19.58236663680804
                            ],
                            [
                                -99.2392851418562,
                                19.58236663680804
                            ],
                            [
                                -99.2392851418562,
                                19.58236663680804
                            ],
                            [
                                -99.2392851418562,
                                19.58236663680804
                            ]
                        ]
                    ]
                ]
            }
        },
        {
            "type": "Feature",
            "properties": {
                "REGIÓN": "10",
                "DIRECCIÓN": "PROTECCIÓN CIVIL"
            },
            "geometry": {
                "type": "MultiPolygon",
                "coordinates": [
                    [
                        [
                            [
                                -99.24934720649641,
                                19.56377437864229
                            ],
                            [
                                -99.24967351936111,
                                19.564115120855789
                            ],
                            [
                                -99.250323048787052,
                                19.56485979040195
                            ],
                            [
                                -99.250963017534744,
                                19.565593489751514
                            ],
                            [
                                -99.251745100543289,
                                19.566597184720706
                            ],
                            [
                                -99.251877444586484,
                                19.567237587489647
                            ],
                            [
                                -99.251980349524899,
                                19.567518865884551
                            ],
                            [
                                -99.252177891011982,
                                19.567832387983312
                            ],
                            [
                                -99.252651185133303,
                                19.568272592844242
                            ],
                            [
                                -99.252675188559991,
                                19.56829491802899
                            ],
                            [
                                -99.253151391982925,
                                19.568707667044688
                            ],
                            [
                                -99.253623902408492,
                                19.569131359106418
                            ],
                            [
                                -99.253934343942831,
                                19.569496219371249
                            ],
                            [
                                -99.255738594082743,
                                19.572022198164351
                            ],
                            [
                                -99.255534569999938,
                                19.572168501829672
                            ],
                            [
                                -99.255480813095303,
                                19.57220705029561
                            ],
                            [
                                -99.254533334648031,
                                19.572047134016476
                            ],
                            [
                                -99.254237816150905,
                                19.572072148896357
                            ],
                            [
                                -99.253976955035611,
                                19.572132645342478
                            ],
                            [
                                -99.253918599776128,
                                19.572155275878483
                            ],
                            [
                                -99.253860244500174,
                                19.572177906395787
                            ],
                            [
                                -99.253683031996175,
                                19.57225605013009
                            ],
                            [
                                -99.253354395549934,
                                19.572408332392286
                            ],
                            [
                                -99.253170036247724,
                                19.572493759693074
                            ],
                            [
                                -99.253216587928137,
                                19.572692641216495
                            ],
                            [
                                -99.253310801735523,
                                19.573034716709554
                            ],
                            [
                                -99.253134124241555,
                                19.573136731037067
                            ],
                            [
                                -99.253031509311072,
                                19.573195981190885
                            ],
                            [
                                -99.252311837910483,
                                19.572654438202672
                            ],
                            [
                                -99.252168615906214,
                                19.572575779287991
                            ],
                            [
                                -99.252275514349392,
                                19.572478270080808
                            ],
                            [
                                -99.252151401128458,
                                19.572287972594374
                            ],
                            [
                                -99.251992345295562,
                                19.571816827222538
                            ],
                            [
                                -99.25185974020674,
                                19.571386047698354
                            ],
                            [
                                -99.251843890694914,
                                19.571340081732185
                            ],
                            [
                                -99.251778181790044,
                                19.571149515732149
                            ],
                            [
                                -99.25169877883107,
                                19.570993786594062
                            ],
                            [
                                -99.251584899861712,
                                19.57085734498175
                            ],
                            [
                                -99.251347181593701,
                                19.57070568422991
                            ],
                            [
                                -99.250577297300921,
                                19.570316193129138
                            ],
                            [
                                -99.249969975027639,
                                19.570041910582255
                            ],
                            [
                                -99.249783190037206,
                                19.570011386018788
                            ],
                            [
                                -99.249369128726556,
                                19.570017730516984
                            ],
                            [
                                -99.249101319177214,
                                19.570095058393147
                            ],
                            [
                                -99.24887420198398,
                                19.570235820108717
                            ],
                            [
                                -99.248718108304388,
                                19.570364939964517
                            ],
                            [
                                -99.248517896089908,
                                19.570602932729916
                            ],
                            [
                                -99.248415986476033,
                                19.570569294817272
                            ],
                            [
                                -99.248399651099092,
                                19.570505826954214
                            ],
                            [
                                -99.248277765195795,
                                19.57044058038996
                            ],
                            [
                                -99.248338463540946,
                                19.570313516166834
                            ],
                            [
                                -99.247484272566354,
                                19.570155409601714
                            ],
                            [
                                -99.247203505085693,
                                19.570103439963521
                            ],
                            [
                                -99.245566282761587,
                                19.569958493096365
                            ],
                            [
                                -99.245895864495822,
                                19.570443203347303
                            ],
                            [
                                -99.24608403156833,
                                19.570719935862986
                            ],
                            [
                                -99.246463469265748,
                                19.571277961677762
                            ],
                            [
                                -99.246603393806851,
                                19.571483742638353
                            ],
                            [
                                -99.24686651524884,
                                19.571873892418399
                            ],
                            [
                                -99.246971120483082,
                                19.572047503365425
                            ],
                            [
                                -99.247067982742365,
                                19.572202717168565
                            ],
                            [
                                -99.247818372632693,
                                19.573230470400159
                            ],
                            [
                                -99.248406176150894,
                                19.574035529692509
                            ],
                            [
                                -99.249451792521171,
                                19.575726730823988
                            ],
                            [
                                -99.24973013056966,
                                19.576177843651291
                            ],
                            [
                                -99.250249573245682,
                                19.577035696021092
                            ],
                            [
                                -99.251058647665843,
                                19.578284011306387
                            ],
                            [
                                -99.251435253739672,
                                19.578681657012677
                            ],
                            [
                                -99.251371278836544,
                                19.578734576748509
                            ],
                            [
                                -99.251438462500261,
                                19.578873124100728
                            ],
                            [
                                -99.251422689624235,
                                19.578929938776387
                            ],
                            [
                                -99.251364576695607,
                                19.578958416108659
                            ],
                            [
                                -99.251278222384897,
                                19.57895853641817
                            ],
                            [
                                -99.251227046109605,
                                19.578914342805717
                            ],
                            [
                                -99.251175869862195,
                                19.578870149178208
                            ],
                            [
                                -99.251111503396118,
                                19.578776592201748
                            ],
                            [
                                -99.251084021560942,
                                19.578736647177895
                            ],
                            [
                                -99.251020463820296,
                                19.578663239203873
                            ],
                            [
                                -99.250911189033474,
                                19.578656709735501
                            ],
                            [
                                -99.2508107233174,
                                19.578648497580019
                            ],
                            [
                                -99.250710257610848,
                                19.578640285368412
                            ],
                            [
                                -99.250509264256962,
                                19.57858377190097
                            ],
                            [
                                -99.250075494201539,
                                19.578430699388417
                            ],
                            [
                                -99.249666877918102,
                                19.578387545649971
                            ],
                            [
                                -99.2496383649775,
                                19.578384534378738
                            ],
                            [
                                -99.249137823053147,
                                19.578358500378634
                            ],
                            [
                                -99.248866573522548,
                                19.578455756458641
                            ],
                            [
                                -99.248766644744023,
                                19.578573920590141
                            ],
                            [
                                -99.248471001009591,
                                19.578923515931887
                            ],
                            [
                                -99.248458456148754,
                                19.578940727369581
                            ],
                            [
                                -99.248219413363628,
                                19.579355309093287
                            ],
                            [
                                -99.247737645757383,
                                19.57989207230878
                            ],
                            [
                                -99.247191726781296,
                                19.580352262915962
                            ],
                            [
                                -99.24681218287661,
                                19.580393322127904
                            ],
                            [
                                -99.24619087516183,
                                19.580460535607919
                            ],
                            [
                                -99.245898722501451,
                                19.580613914473645
                            ],
                            [
                                -99.245829577477778,
                                19.580650216101333
                            ],
                            [
                                -99.245750652472069,
                                19.58070166969814
                            ],
                            [
                                -99.245465196897669,
                                19.58073212510833
                            ],
                            [
                                -99.245183195148513,
                                19.580715804913506
                            ],
                            [
                                -99.244904672713844,
                                19.580669412828712
                            ],
                            [
                                -99.244582546384237,
                                19.580561773256719
                            ],
                            [
                                -99.244321863030336,
                                19.580432250584824
                            ],
                            [
                                -99.244215782122993,
                                19.580451735051984
                            ],
                            [
                                -99.243949867187709,
                                19.580217855256542
                            ],
                            [
                                -99.243617696287956,
                                19.579929034740193
                            ],
                            [
                                -99.24338295509115,
                                19.579719736071489
                            ],
                            [
                                -99.243474977285729,
                                19.579635687001165
                            ],
                            [
                                -99.243522176482983,
                                19.579570871230462
                            ],
                            [
                                -99.243679071013432,
                                19.579266670351473
                            ],
                            [
                                -99.243846467939179,
                                19.579097896662415
                            ],
                            [
                                -99.243984523065194,
                                19.579002520656676
                            ],
                            [
                                -99.243901357668264,
                                19.578844939014974
                            ],
                            [
                                -99.24362696732409,
                                19.578740502016394
                            ],
                            [
                                -99.243432193197918,
                                19.578635957174964
                            ],
                            [
                                -99.243175351221382,
                                19.578435072631923
                            ],
                            [
                                -99.243126558772374,
                                19.578342907541643
                            ],
                            [
                                -99.24300151982807,
                                19.578322064031276
                            ],
                            [
                                -99.242994360085802,
                                19.578126813476178
                            ],
                            [
                                -99.242983659543654,
                                19.577859972276748
                            ],
                            [
                                -99.242917633299825,
                                19.57733285861967
                            ],
                            [
                                -99.242911162448166,
                                19.57725665124152
                            ],
                            [
                                -99.24284773032187,
                                19.576509605432584
                            ],
                            [
                                -99.243192313433099,
                                19.576482424115344
                            ],
                            [
                                -99.243152749230106,
                                19.576246111120373
                            ],
                            [
                                -99.242943354649839,
                                19.576167771266949
                            ],
                            [
                                -99.242847101311227,
                                19.576089796757731
                            ],
                            [
                                -99.242366283701315,
                                19.575999321877031
                            ],
                            [
                                -99.242199599127261,
                                19.575890525412593
                            ],
                            [
                                -99.242032914776004,
                                19.575781728790606
                            ],
                            [
                                -99.24164462645976,
                                19.575573971653885
                            ],
                            [
                                -99.241739870734122,
                                19.575201792377939
                            ],
                            [
                                -99.24160617901363,
                                19.574577769686158
                            ],
                            [
                                -99.241338141311047,
                                19.573530473393724
                            ],
                            [
                                -99.241334545639049,
                                19.573313353920053
                            ],
                            [
                                -99.241380027023439,
                                19.573089965243117
                            ],
                            [
                                -99.241136777754633,
                                19.572820762851272
                            ],
                            [
                                -99.24009513031713,
                                19.571667964346137
                            ],
                            [
                                -99.2394952977575,
                                19.571001879511211
                            ],
                            [
                                -99.239284618072489,
                                19.570781939248501
                            ],
                            [
                                -99.239216701789559,
                                19.570701376705092
                            ],
                            [
                                -99.23874146351524,
                                19.570196416429251
                            ],
                            [
                                -99.238262946738104,
                                19.569685255620477
                            ],
                            [
                                -99.238527782642379,
                                19.56941871503194
                            ],
                            [
                                -99.238717211950771,
                                19.569228065638352
                            ],
                            [
                                -99.2389295189611,
                                19.56901439042306
                            ],
                            [
                                -99.239112167538607,
                                19.568849177624987
                            ],
                            [
                                -99.239268800663766,
                                19.568691675606516
                            ],
                            [
                                -99.239721025791653,
                                19.568230266087067
                            ],
                            [
                                -99.239832367699194,
                                19.568116662323593
                            ],
                            [
                                -99.240148308970518,
                                19.567803079505204
                            ],
                            [
                                -99.240382480626863,
                                19.567561814873912
                            ],
                            [
                                -99.240566964078084,
                                19.567371742767257
                            ],
                            [
                                -99.240261214893323,
                                19.567103684882216
                            ],
                            [
                                -99.24005844799504,
                                19.566939152278536
                            ],
                            [
                                -99.239180140689427,
                                19.566213829196204
                            ],
                            [
                                -99.23933218553961,
                                19.565999182037967
                            ],
                            [
                                -99.23959192750911,
                                19.565643948741332
                            ],
                            [
                                -99.239843611398868,
                                19.565311466583569
                            ],
                            [
                                -99.240167176203883,
                                19.565534170163328
                            ],
                            [
                                -99.240421441557004,
                                19.56575703014358
                            ],
                            [
                                -99.240749644623463,
                                19.566023555552743
                            ],
                            [
                                -99.241045497160712,
                                19.566268241352688
                            ],
                            [
                                -99.241392215959181,
                                19.566565375911672
                            ],
                            [
                                -99.241675180708839,
                                19.566282280566746
                            ],
                            [
                                -99.242217812332996,
                                19.565739394504956
                            ],
                            [
                                -99.243576445850763,
                                19.564380100868096
                            ],
                            [
                                -99.244585086535835,
                                19.56318061077307
                            ],
                            [
                                -99.244869850423328,
                                19.56284207338113
                            ],
                            [
                                -99.244941941248328,
                                19.56275636896115
                            ],
                            [
                                -99.244964580954971,
                                19.562730671015483
                            ],
                            [
                                -99.245124694994402,
                                19.562548927982455
                            ],
                            [
                                -99.245815436276359,
                                19.561746457506395
                            ],
                            [
                                -99.246604640900202,
                                19.560919793000238
                            ],
                            [
                                -99.247210459706594,
                                19.5615707678432
                            ],
                            [
                                -99.247301049294137,
                                19.561671042127777
                            ],
                            [
                                -99.247616209634444,
                                19.562019894099784
                            ],
                            [
                                -99.24781050401478,
                                19.56223987959353
                            ],
                            [
                                -99.248209239710079,
                                19.562720710588767
                            ],
                            [
                                -99.248534181668546,
                                19.563003456640057
                            ],
                            [
                                -99.248863011591453,
                                19.563274463975144
                            ],
                            [
                                -99.248883055774826,
                                19.563294451639479
                            ],
                            [
                                -99.249074481765263,
                                19.563485337496381
                            ],
                            [
                                -99.24914982850909,
                                19.563560471458036
                            ],
                            [
                                -99.24934720649641,
                                19.56377437864229
                            ]
                        ]
                    ]
                ]
            }
        },
        {
            "type": "Feature",
            "properties": {
                "REGIÓN": "6",
                "DIRECCIÓN": "DESARROLLO SOCIAL"
            },
            "geometry": {
                "type": "MultiPolygon",
                "coordinates": [
                    [
                        [
                            [
                                -99.250447543941092,
                                19.594788745911831
                            ],
                            [
                                -99.250414390881261,
                                19.594830139611666
                            ],
                            [
                                -99.250164843397656,
                                19.595071648036296
                            ],
                            [
                                -99.249960609002997,
                                19.595231270488263
                            ],
                            [
                                -99.249847960297657,
                                19.595322865616119
                            ],
                            [
                                -99.249583927242483,
                                19.595537551303515
                            ],
                            [
                                -99.249540467461031,
                                19.595566206753738
                            ],
                            [
                                -99.249210218375822,
                                19.595783957664779
                            ],
                            [
                                -99.249131412332218,
                                19.595578875624192
                            ],
                            [
                                -99.248947941356477,
                                19.595019772750245
                            ],
                            [
                                -99.248745974704391,
                                19.594332898264042
                            ],
                            [
                                -99.248359821567618,
                                19.594389416166841
                            ],
                            [
                                -99.247987280337412,
                                19.594432993672918
                            ],
                            [
                                -99.247760202214806,
                                19.59446285518624
                            ],
                            [
                                -99.247517786969524,
                                19.594445339630269
                            ],
                            [
                                -99.246893323770493,
                                19.594326824228261
                            ],
                            [
                                -99.246616234516651,
                                19.594274235359734
                            ],
                            [
                                -99.24533545642997,
                                19.594031150033793
                            ],
                            [
                                -99.244467154223145,
                                19.5937426394906
                            ],
                            [
                                -99.243972182875936,
                                19.593575698069834
                            ],
                            [
                                -99.243728075240355,
                                19.593452621889362
                            ],
                            [
                                -99.243527939987899,
                                19.593319391913735
                            ],
                            [
                                -99.243364098476889,
                                19.593147354527954
                            ],
                            [
                                -99.243227329267071,
                                19.592963498459664
                            ],
                            [
                                -99.242948111776897,
                                19.593070714526004
                            ],
                            [
                                -99.242731577215139,
                                19.593145350761528
                            ],
                            [
                                -99.24258182459792,
                                19.593204314751301
                            ],
                            [
                                -99.24241214582338,
                                19.593263113348247
                            ],
                            [
                                -99.242204844460417,
                                19.593341933938095
                            ],
                            [
                                -99.242131170796824,
                                19.593367005042147
                            ],
                            [
                                -99.241827856360899,
                                19.593474655482385
                            ],
                            [
                                -99.241877963232511,
                                19.593575507129103
                            ],
                            [
                                -99.241492670744961,
                                19.593720879589775
                            ],
                            [
                                -99.241107377557384,
                                19.593866251231919
                            ],
                            [
                                -99.240867755898847,
                                19.592614372437104
                            ],
                            [
                                -99.240470476500619,
                                19.592692159286965
                            ],
                            [
                                -99.240064523154672,
                                19.592757953896065
                            ],
                            [
                                -99.239659223012481,
                                19.592823153638051
                            ],
                            [
                                -99.23926392625124,
                                19.592880360836872
                            ],
                            [
                                -99.238877849233191,
                                19.592929265119892
                            ],
                            [
                                -99.238500923589342,
                                19.592990925565545
                            ],
                            [
                                -99.238093452447799,
                                19.593068720675543
                            ],
                            [
                                -99.237713143796256,
                                19.593140041011026
                            ],
                            [
                                -99.237326041712095,
                                19.593211369489904
                            ],
                            [
                                -99.237040583276027,
                                19.59163979029768
                            ],
                            [
                                -99.236757192923477,
                                19.590109227349519
                            ],
                            [
                                -99.236613422642222,
                                19.589260471700229
                            ],
                            [
                                -99.236571068736495,
                                19.589007971859356
                            ],
                            [
                                -99.236403780602402,
                                19.588109322862639
                            ],
                            [
                                -99.236122931209508,
                                19.586702915965184
                            ],
                            [
                                -99.236098848440733,
                                19.58659442438579
                            ],
                            [
                                -99.23600503370416,
                                19.586258954999501
                            ],
                            [
                                -99.235892229214542,
                                19.58585557874618
                            ],
                            [
                                -99.236282296003509,
                                19.585596728587017
                            ],
                            [
                                -99.236669170687762,
                                19.58543370316066
                            ],
                            [
                                -99.237050859270084,
                                19.585278070912981
                            ],
                            [
                                -99.23740653042465,
                                19.585097848154778
                            ],
                            [
                                -99.237525846211327,
                                19.584964721670779
                            ],
                            [
                                -99.237541313286357,
                                19.584943396577437
                            ],
                            [
                                -99.237865504807388,
                                19.584496418780944
                            ],
                            [
                                -99.239693735402383,
                                19.585748774610977
                            ],
                            [
                                -99.240026511921002,
                                19.585455655907364
                            ],
                            [
                                -99.240375238548623,
                                19.58526000731521
                            ],
                            [
                                -99.240590867936334,
                                19.585139030645795
                            ],
                            [
                                -99.240309364377353,
                                19.584541334870767
                            ],
                            [
                                -99.240018104223665,
                                19.583922918420559
                            ],
                            [
                                -99.23980787398537,
                                19.583471584177342
                            ],
                            [
                                -99.2392851418562,
                                19.58236663680804
                            ],
                            [
                                -99.240109039647052,
                                19.582014501627754
                            ],
                            [
                                -99.240909026084225,
                                19.581672581139571
                            ],
                            [
                                -99.241424711173465,
                                19.581452170639889
                            ],
                            [
                                -99.241981692559278,
                                19.581214137928871
                            ],
                            [
                                -99.242813378293533,
                                19.580361673078709
                            ],
                            [
                                -99.242788235456601,
                                19.580694132199604
                            ],
                            [
                                -99.242790389653777,
                                19.580902235242249
                            ],
                            [
                                -99.242746508734498,
                                19.581252009342361
                            ],
                            [
                                -99.243792247338419,
                                19.581527909589045
                            ],
                            [
                                -99.243814109907078,
                                19.581374928894444
                            ],
                            [
                                -99.243844618707655,
                                19.581161446760895
                            ],
                            [
                                -99.243892987234474,
                                19.580823908501291
                            ],
                            [
                                -99.243952341950134,
                                19.580777856912086
                            ],
                            [
                                -99.244129802328075,
                                19.580878692838247
                            ],
                            [
                                -99.24429799362558,
                                19.580796873634291
                            ],
                            [
                                -99.244309718321176,
                                19.580523257846593
                            ],
                            [
                                -99.244215782121898,
                                19.580451734320683
                            ],
                            [
                                -99.244321863029242,
                                19.580432249853569
                            ],
                            [
                                -99.244582546383143,
                                19.580561772525531
                            ],
                            [
                                -99.244904672712764,
                                19.58066941209756
                            ],
                            [
                                -99.245183195147405,
                                19.580715804182351
                            ],
                            [
                                -99.245465196896561,
                                19.580732124377146
                            ],
                            [
                                -99.245750652470974,
                                19.580701668966867
                            ],
                            [
                                -99.245829577476684,
                                19.580650215370031
                            ],
                            [
                                -99.245898722501451,
                                19.580613914473645
                            ],
                            [
                                -99.24619087516183,
                                19.580460535607919
                            ],
                            [
                                -99.24681218287661,
                                19.580393322127904
                            ],
                            [
                                -99.247191726780187,
                                19.580352262184714
                            ],
                            [
                                -99.24773764575626,
                                19.579892071577401
                            ],
                            [
                                -99.24821941336252,
                                19.579355308361766
                            ],
                            [
                                -99.248458456147645,
                                19.578940726637867
                            ],
                            [
                                -99.248471000655101,
                                19.57892351568503
                            ],
                            [
                                -99.248766644744023,
                                19.578573920590141
                            ],
                            [
                                -99.248866573521425,
                                19.578455755726825
                            ],
                            [
                                -99.249137823052024,
                                19.578358499646814
                            ],
                            [
                                -99.249638364976377,
                                19.578384533646904
                            ],
                            [
                                -99.24966687791698,
                                19.578387544918126
                            ],
                            [
                                -99.250075494200431,
                                19.578430698656629
                            ],
                            [
                                -99.250509264255854,
                                19.578583771169271
                            ],
                            [
                                -99.250710257609725,
                                19.578640284636673
                            ],
                            [
                                -99.250810723316263,
                                19.578648496848228
                            ],
                            [
                                -99.250911189032337,
                                19.578656709003777
                            ],
                            [
                                -99.25102046381916,
                                19.578663238472032
                            ],
                            [
                                -99.251084021559791,
                                19.578736646446163
                            ],
                            [
                                -99.251111503394995,
                                19.578776591470056
                            ],
                            [
                                -99.251175869861058,
                                19.578870148446587
                            ],
                            [
                                -99.251227046108482,
                                19.578914342074089
                            ],
                            [
                                -99.251278222383775,
                                19.578958535686539
                            ],
                            [
                                -99.251364576694471,
                                19.578958415377034
                            ],
                            [
                                -99.251422689623084,
                                19.578929938044769
                            ],
                            [
                                -99.251438462499124,
                                19.578873123369004
                            ],
                            [
                                -99.251371278835407,
                                19.578734576016736
                            ],
                            [
                                -99.251435253738549,
                                19.578681656280953
                            ],
                            [
                                -99.25207730486116,
                                19.579436817915546
                            ],
                            [
                                -99.252504120675283,
                                19.580015287890493
                            ],
                            [
                                -99.252504120675852,
                                19.580015288256103
                            ],
                            [
                                -99.252600402044891,
                                19.579959953715182
                            ],
                            [
                                -99.252900059179964,
                                19.579787733952386
                            ],
                            [
                                -99.253071256907205,
                                19.579689341976341
                            ],
                            [
                                -99.253217114546061,
                                19.579845864985231
                            ],
                            [
                                -99.253357923054978,
                                19.579929879163711
                            ],
                            [
                                -99.253575273191018,
                                19.580034838620037
                            ],
                            [
                                -99.25373089748652,
                                19.580123510112404
                            ],
                            [
                                -99.25388163722009,
                                19.580244937411418
                            ],
                            [
                                -99.253965733236029,
                                19.580361779985786
                            ],
                            [
                                -99.25404744569984,
                                19.580532427914232
                            ],
                            [
                                -99.254064835574169,
                                19.580604919577759
                            ],
                            [
                                -99.254082225463307,
                                19.580677410507715
                            ],
                            [
                                -99.254132117970883,
                                19.581016526973908
                            ],
                            [
                                -99.254142964620485,
                                19.581173253085005
                            ],
                            [
                                -99.254144744310096,
                                19.581198968259233
                            ],
                            [
                                -99.254204659749917,
                                19.581633978530252
                            ],
                            [
                                -99.254242043754374,
                                19.58186550849366
                            ],
                            [
                                -99.254333636821357,
                                19.582040820763197
                            ],
                            [
                                -99.254811136270064,
                                19.582781679071473
                            ],
                            [
                                -99.254934281597329,
                                19.583136277977157
                            ],
                            [
                                -99.254525035067246,
                                19.583287178518184
                            ],
                            [
                                -99.254996511859289,
                                19.584521795372599
                            ],
                            [
                                -99.255366296992236,
                                19.584249922872157
                            ],
                            [
                                -99.255467890401974,
                                19.584504753741104
                            ],
                            [
                                -99.255480477986737,
                                19.584661463504247
                            ],
                            [
                                -99.255384056644473,
                                19.584807042262355
                            ],
                            [
                                -99.255221929437951,
                                19.584908132283967
                            ],
                            [
                                -99.255088985379217,
                                19.584957489874213
                            ],
                            [
                                -99.255086594934042,
                                19.585128956118101
                            ],
                            [
                                -99.255181336219991,
                                19.58531667477634
                            ],
                            [
                                -99.255286522793241,
                                19.585379563721911
                            ],
                            [
                                -99.255354405678659,
                                19.585405943497324
                            ],
                            [
                                -99.255405642958493,
                                19.585421000380528
                            ],
                            [
                                -99.255456880246527,
                                19.585436056519058
                            ],
                            [
                                -99.255470530700279,
                                19.585486794086243
                            ],
                            [
                                -99.255445639703581,
                                19.585666697182699
                            ],
                            [
                                -99.255466077814361,
                                19.585709377627499
                            ],
                            [
                                -99.25557387223482,
                                19.585934481859802
                            ],
                            [
                                -99.255789005061573,
                                19.586047970774494
                            ],
                            [
                                -99.255944689030699,
                                19.586530456374994
                            ],
                            [
                                -99.255748124086907,
                                19.587070773568925
                            ],
                            [
                                -99.255748124087503,
                                19.587070773933601
                            ],
                            [
                                -99.255906290270204,
                                19.587436358988629
                            ],
                            [
                                -99.256444865178253,
                                19.588681206408303
                            ],
                            [
                                -99.256211784490731,
                                19.588761209319571
                            ],
                            [
                                -99.256187503986226,
                                19.588769053068912
                            ],
                            [
                                -99.255748317892525,
                                19.588910930217736
                            ],
                            [
                                -99.256001718657316,
                                19.589535099132309
                            ],
                            [
                                -99.255810325846738,
                                19.590398901542233
                            ],
                            [
                                -99.255768348430408,
                                19.590446680519083
                            ],
                            [
                                -99.255877627347616,
                                19.590894274031466
                            ],
                            [
                                -99.256169007148074,
                                19.591975841819917
                            ],
                            [
                                -99.256185549017204,
                                19.592036139821861
                            ],
                            [
                                -99.256293790218422,
                                19.59242047752366
                            ],
                            [
                                -99.256338068472715,
                                19.592708934630224
                            ],
                            [
                                -99.256343921159512,
                                19.592748196632446
                            ],
                            [
                                -99.256364084663829,
                                19.592962265688524
                            ],
                            [
                                -99.256576997942872,
                                19.593572278315598
                            ],
                            [
                                -99.256744651781844,
                                19.594052615723015
                            ],
                            [
                                -99.256898591890206,
                                19.594493659823399
                            ],
                            [
                                -99.257002452504778,
                                19.594791222852042
                            ],
                            [
                                -99.256620149168768,
                                19.594966523767877
                            ],
                            [
                                -99.256196839068977,
                                19.595145835518139
                            ],
                            [
                                -99.255948764387128,
                                19.594503756190797
                            ],
                            [
                                -99.25570786440484,
                                19.594585633776209
                            ],
                            [
                                -99.255513108576281,
                                19.594651827495813
                            ],
                            [
                                -99.255723668692397,
                                19.595277017873542
                            ],
                            [
                                -99.255488307302585,
                                19.595368584052419
                            ],
                            [
                                -99.255330862530641,
                                19.595429836929537
                            ],
                            [
                                -99.255677129291726,
                                19.596690947494853
                            ],
                            [
                                -99.255763567978363,
                                19.596924656133147
                            ],
                            [
                                -99.255911623932661,
                                19.597324504903376
                            ],
                            [
                                -99.256059941787271,
                                19.597727251110172
                            ],
                            [
                                -99.256164762115432,
                                19.597971091598403
                            ],
                            [
                                -99.255726760898966,
                                19.598142806019684
                            ],
                            [
                                -99.25529949403888,
                                19.598279360109853
                            ],
                            [
                                -99.2548579113774,
                                19.598434966210206
                            ],
                            [
                                -99.254510090213088,
                                19.598553871112124
                            ],
                            [
                                -99.254489927382366,
                                19.598560272203713
                            ],
                            [
                                -99.254239627036256,
                                19.598639734796041
                            ],
                            [
                                -99.253693790307082,
                                19.598707989682673
                            ],
                            [
                                -99.253223896306466,
                                19.598767138137884
                            ],
                            [
                                -99.252933030208197,
                                19.598800737785051
                            ],
                            [
                                -99.252822721195642,
                                19.598820046209863
                            ],
                            [
                                -99.252363371840644,
                                19.59748881532337
                            ],
                            [
                                -99.252261714196479,
                                19.597496441346895
                            ],
                            [
                                -99.252078549939881,
                                19.597510181583043
                            ],
                            [
                                -99.251895385649917,
                                19.59752392163341
                            ],
                            [
                                -99.251759209070599,
                                19.597162558830775
                            ],
                            [
                                -99.251707981542296,
                                19.597044674343415
                            ],
                            [
                                -99.251620215517661,
                                19.59683212973825
                            ],
                            [
                                -99.251490262287035,
                                19.596485225426207
                            ],
                            [
                                -99.251338748505788,
                                19.596069114473991
                            ],
                            [
                                -99.251311225502221,
                                19.595993341207162
                            ],
                            [
                                -99.251169428259203,
                                19.59560316269647
                            ],
                            [
                                -99.251045591769412,
                                19.595319694782539
                            ],
                            [
                                -99.250949877072713,
                                19.595098093216812
                            ],
                            [
                                -99.25094163372394,
                                19.595075610255748
                            ],
                            [
                                -99.250842326786454,
                                19.594804759359274
                            ],
                            [
                                -99.251018615518646,
                                19.594476696016923
                            ],
                            [
                                -99.251194903542526,
                                19.594148632498126
                            ],
                            [
                                -99.251231054946359,
                                19.594019388217188
                            ],
                            [
                                -99.251221856743925,
                                19.593948344387936
                            ],
                            [
                                -99.251212658549946,
                                19.593877300557466
                            ],
                            [
                                -99.250718252171509,
                                19.594450748483084
                            ],
                            [
                                -99.250623523703268,
                                19.594569023551742
                            ],
                            [
                                -99.250447543941092,
                                19.594788745911831
                            ]
                        ]
                    ]
                ]
            }
        },
        {
            "type": "Feature",
            "properties": {
                "REGIÓN": "9",
                "DIRECCIÓN": "TESORERÍA"
            },
            "geometry": {
                "type": "MultiPolygon",
                "coordinates": [
                    [
                        [
                            [
                                -99.256915770547323,
                                19.592380518465117
                            ],
                            [
                                -99.256788543876368,
                                19.592452845456524
                            ],
                            [
                                -99.256338068472715,
                                19.592708934630224
                            ],
                            [
                                -99.256293790218422,
                                19.59242047752366
                            ],
                            [
                                -99.256185549017204,
                                19.592036139821861
                            ],
                            [
                                -99.256169007148074,
                                19.591975841819917
                            ],
                            [
                                -99.255877627347616,
                                19.590894274031466
                            ],
                            [
                                -99.255768348430408,
                                19.590446680519083
                            ],
                            [
                                -99.255810325846738,
                                19.590398901542233
                            ],
                            [
                                -99.256001718657316,
                                19.589535099132309
                            ],
                            [
                                -99.255748317892525,
                                19.588910930217736
                            ],
                            [
                                -99.256187503986226,
                                19.588769053068912
                            ],
                            [
                                -99.256211784490731,
                                19.588761209319571
                            ],
                            [
                                -99.256444865178253,
                                19.588681206408303
                            ],
                            [
                                -99.256444865178253,
                                19.588681206408303
                            ],
                            [
                                -99.25644486517767,
                                19.588681206043749
                            ],
                            [
                                -99.25644486517767,
                                19.588681206043749
                            ],
                            [
                                -99.25644486517767,
                                19.588681206043749
                            ],
                            [
                                -99.25644486517767,
                                19.588681206043749
                            ],
                            [
                                -99.25644486517767,
                                19.588681206043749
                            ],
                            [
                                -99.255906290362319,
                                19.58743635883808
                            ],
                            [
                                -99.255906290270204,
                                19.587436358988629
                            ],
                            [
                                -99.255748124087503,
                                19.587070773933601
                            ],
                            [
                                -99.255944689031267,
                                19.586530456739812
                            ],
                            [
                                -99.255789005062141,
                                19.586047971139408
                            ],
                            [
                                -99.255573872235388,
                                19.585934482224733
                            ],
                            [
                                -99.25546607781493,
                                19.585709377992426
                            ],
                            [
                                -99.255445639704149,
                                19.585666697547595
                            ],
                            [
                                -99.255470530700848,
                                19.585486794451224
                            ],
                            [
                                -99.255456880247095,
                                19.58543605688406
                            ],
                            [
                                -99.255405642958493,
                                19.585421000380528
                            ],
                            [
                                -99.255354405679242,
                                19.585405943862362
                            ],
                            [
                                -99.25528652279381,
                                19.585379564086828
                            ],
                            [
                                -99.255181336220559,
                                19.585316675141343
                            ],
                            [
                                -99.255086594934596,
                                19.585128956483121
                            ],
                            [
                                -99.2550889853798,
                                19.584957490239191
                            ],
                            [
                                -99.255221929438534,
                                19.584908132648966
                            ],
                            [
                                -99.255384056645042,
                                19.584807042627389
                            ],
                            [
                                -99.255480477987305,
                                19.584661463869356
                            ],
                            [
                                -99.255467890402542,
                                19.584504754106213
                            ],
                            [
                                -99.255366296992804,
                                19.584249923237351
                            ],
                            [
                                -99.254996511859858,
                                19.584521795737665
                            ],
                            [
                                -99.254525035067815,
                                19.583287178883396
                            ],
                            [
                                -99.254934281597897,
                                19.583136278342419
                            ],
                            [
                                -99.254811136270632,
                                19.582781679436831
                            ],
                            [
                                -99.25433363682194,
                                19.582040821128665
                            ],
                            [
                                -99.254242043754942,
                                19.581865508859135
                            ],
                            [
                                -99.254204659750485,
                                19.581633978895681
                            ],
                            [
                                -99.254144744310665,
                                19.581198968624776
                            ],
                            [
                                -99.254142964620485,
                                19.581173253085005
                            ],
                            [
                                -99.254132117971437,
                                19.581016527339461
                            ],
                            [
                                -99.254082225463875,
                                19.580677410873346
                            ],
                            [
                                -99.254064835574169,
                                19.580604919577759
                            ],
                            [
                                -99.254047445700408,
                                19.580532428279856
                            ],
                            [
                                -99.253965733236598,
                                19.580361780351424
                            ],
                            [
                                -99.253881637220672,
                                19.580244937777056
                            ],
                            [
                                -99.253730897487088,
                                19.580123510478021
                            ],
                            [
                                -99.253575273191586,
                                19.580034838985764
                            ],
                            [
                                -99.25335792305556,
                                19.579929879529338
                            ],
                            [
                                -99.253217114546629,
                                19.579845865350975
                            ],
                            [
                                -99.253071256907774,
                                19.579689342342078
                            ],
                            [
                                -99.252764908041925,
                                19.57890023458198
                            ],
                            [
                                -99.252880098741088,
                                19.57880168014696
                            ],
                            [
                                -99.253102144794667,
                                19.578806835014735
                            ],
                            [
                                -99.25319716708448,
                                19.57871924122988
                            ],
                            [
                                -99.253550511780148,
                                19.577863272507919
                            ],
                            [
                                -99.2535760578088,
                                19.577603588405811
                            ],
                            [
                                -99.253462674818252,
                                19.577013389710277
                            ],
                            [
                                -99.253463986460517,
                                19.576987103240636
                            ],
                            [
                                -99.253473858600628,
                                19.576789256585375
                            ],
                            [
                                -99.25352234913251,
                                19.576450279182954
                            ],
                            [
                                -99.253971028500459,
                                19.575711700494519
                            ],
                            [
                                -99.254109550255194,
                                19.575782567068927
                            ],
                            [
                                -99.254250771327335,
                                19.575735904738018
                            ],
                            [
                                -99.254343422325263,
                                19.575976290407429
                            ],
                            [
                                -99.254883774085613,
                                19.575652523539478
                            ],
                            [
                                -99.25555049356889,
                                19.575253035911139
                            ],
                            [
                                -99.256126200891458,
                                19.574911136358889
                            ],
                            [
                                -99.256927532628097,
                                19.574435238123584
                            ],
                            [
                                -99.256976031579711,
                                19.574405428137947
                            ],
                            [
                                -99.257163751907498,
                                19.574290045206077
                            ],
                            [
                                -99.258144990260803,
                                19.575423893298311
                            ],
                            [
                                -99.258219618802599,
                                19.575510127763962
                            ],
                            [
                                -99.258986896406213,
                                19.576565425778377
                            ],
                            [
                                -99.259306786606317,
                                19.577122783745203
                            ],
                            [
                                -99.259672413661178,
                                19.577879742637073
                            ],
                            [
                                -99.259964857717875,
                                19.578272026508582
                            ],
                            [
                                -99.260181420173609,
                                19.578555159516995
                            ],
                            [
                                -99.260663805371166,
                                19.579185823694246
                            ],
                            [
                                -99.261353409023968,
                                19.580047242460314
                            ],
                            [
                                -99.261459495967628,
                                19.580154819865683
                            ],
                            [
                                -99.261521576913637,
                                19.580206147006251
                            ],
                            [
                                -99.261728383180127,
                                19.580296439149425
                            ],
                            [
                                -99.262118659982832,
                                19.580423191058845
                            ],
                            [
                                -99.262247933566584,
                                19.580491559334888
                            ],
                            [
                                -99.262369505066999,
                                19.580589319938031
                            ],
                            [
                                -99.262586923052467,
                                19.580850986080584
                            ],
                            [
                                -99.262812095503961,
                                19.581115089082562
                            ],
                            [
                                -99.263252097593409,
                                19.581635963990248
                            ],
                            [
                                -99.263347666777094,
                                19.581722489327362
                            ],
                            [
                                -99.263133313755318,
                                19.581980861415204
                            ],
                            [
                                -99.262606785774452,
                                19.58293382439151
                            ],
                            [
                                -99.262320553561651,
                                19.583568911330154
                            ],
                            [
                                -99.262063937997453,
                                19.584180008173643
                            ],
                            [
                                -99.262154310418865,
                                19.584229400209654
                            ],
                            [
                                -99.262279338067501,
                                19.584237119769906
                            ],
                            [
                                -99.262451994439658,
                                19.583986513029348
                            ],
                            [
                                -99.262479779496331,
                                19.583946183573129
                            ],
                            [
                                -99.262659450748586,
                                19.583889129373425
                            ],
                            [
                                -99.262796938447991,
                                19.583902292057747
                            ],
                            [
                                -99.262973323363028,
                                19.583992234998231
                            ],
                            [
                                -99.263139191124694,
                                19.584117270902055
                            ],
                            [
                                -99.262680583879032,
                                19.58496648795775
                            ],
                            [
                                -99.262615323755185,
                                19.584934845951437
                            ],
                            [
                                -99.262327922147634,
                                19.585295034732749
                            ],
                            [
                                -99.262647670807084,
                                19.585624743588067
                            ],
                            [
                                -99.262647670936119,
                                19.585624742992515
                            ],
                            [
                                -99.263121979312515,
                                19.586022349109424
                            ],
                            [
                                -99.263236755702295,
                                19.586051878922817
                            ],
                            [
                                -99.263452774162104,
                                19.586107509501026
                            ],
                            [
                                -99.26374617681428,
                                19.586185137843643
                            ],
                            [
                                -99.264147703127534,
                                19.586360066749428
                            ],
                            [
                                -99.264645775310058,
                                19.586654864392745
                            ],
                            [
                                -99.26486470803431,
                                19.586895076307631
                            ],
                            [
                                -99.265230233925237,
                                19.587265346701738
                            ],
                            [
                                -99.265403140254165,
                                19.587440495755352
                            ],
                            [
                                -99.26344899166979,
                                19.588644752485244
                            ],
                            [
                                -99.263292240116158,
                                19.588744056331851
                            ],
                            [
                                -99.262641292603661,
                                19.589156455490951
                            ],
                            [
                                -99.262522431352053,
                                19.58923164076916
                            ],
                            [
                                -99.260929937427861,
                                19.590133717085234
                            ],
                            [
                                -99.260929937428429,
                                19.590133717449639
                            ],
                            [
                                -99.260929937428429,
                                19.590133717449639
                            ],
                            [
                                -99.259997063611792,
                                19.59066213676811
                            ],
                            [
                                -99.259459989298236,
                                19.590959292584984
                            ],
                            [
                                -99.258868385673026,
                                19.59128661561077
                            ],
                            [
                                -99.257954833223124,
                                19.591792060393573
                            ],
                            [
                                -99.257881174953994,
                                19.591832813257497
                            ],
                            [
                                -99.257807516647532,
                                19.591873566091529
                            ],
                            [
                                -99.257730362232053,
                                19.591917428218689
                            ],
                            [
                                -99.257379688420656,
                                19.59211678484796
                            ],
                            [
                                -99.256915770547323,
                                19.592380518465117
                            ]
                        ],
                        [
                            [
                                -99.256444865178253,
                                19.588681206408303
                            ],
                            [
                                -99.256444865178253,
                                19.588681206408303
                            ],
                            [
                                -99.25644486517767,
                                19.588681206043749
                            ],
                            [
                                -99.25644486517767,
                                19.588681206043749
                            ],
                            [
                                -99.256444865178253,
                                19.588681206408303
                            ]
                        ]
                    ]
                ]
            }
        },
        {
            "type": "Feature",
            "properties": {
                "REGIÓN": "9.1",
                "DIRECCIÓN": "IMA"
            },
            "geometry": {
                "type": "MultiPolygon",
                "coordinates": [
                    [
                        [
                            [
                                -99.253463986460517,
                                19.576987103240636
                            ],
                            [
                                -99.253462674818252,
                                19.577013389710277
                            ],
                            [
                                -99.2535760578088,
                                19.577603588405811
                            ],
                            [
                                -99.253550511780148,
                                19.577863272507919
                            ],
                            [
                                -99.25319716708448,
                                19.57871924122988
                            ],
                            [
                                -99.253102144794667,
                                19.578806835014735
                            ],
                            [
                                -99.252880098741088,
                                19.57880168014696
                            ],
                            [
                                -99.252764908041925,
                                19.57890023458198
                            ],
                            [
                                -99.253071256907774,
                                19.579689342342078
                            ],
                            [
                                -99.252900059179964,
                                19.579787733952386
                            ],
                            [
                                -99.252600402044891,
                                19.579959953715182
                            ],
                            [
                                -99.252504120676406,
                                19.580015288621862
                            ],
                            [
                                -99.252077304862297,
                                19.579436818647068
                            ],
                            [
                                -99.251435253739672,
                                19.578681657012677
                            ],
                            [
                                -99.251058647665843,
                                19.578284011306387
                            ],
                            [
                                -99.250249573245682,
                                19.577035696021092
                            ],
                            [
                                -99.24973013056966,
                                19.576177843651291
                            ],
                            [
                                -99.249451792521171,
                                19.575726730823988
                            ],
                            [
                                -99.248406176150894,
                                19.574035529692509
                            ],
                            [
                                -99.247818372632693,
                                19.573230470400159
                            ],
                            [
                                -99.247067982742365,
                                19.572202717168565
                            ],
                            [
                                -99.246971120483082,
                                19.572047503365425
                            ],
                            [
                                -99.24686651524884,
                                19.571873892418399
                            ],
                            [
                                -99.246603393806851,
                                19.571483742638353
                            ],
                            [
                                -99.246463469265748,
                                19.571277961677762
                            ],
                            [
                                -99.24608403156833,
                                19.570719935862986
                            ],
                            [
                                -99.245895864495822,
                                19.570443203347303
                            ],
                            [
                                -99.245566282761587,
                                19.569958493096365
                            ],
                            [
                                -99.247203505085693,
                                19.570103439963521
                            ],
                            [
                                -99.247484272566354,
                                19.570155409601714
                            ],
                            [
                                -99.248338463540946,
                                19.570313516166834
                            ],
                            [
                                -99.248277765195795,
                                19.57044058038996
                            ],
                            [
                                -99.248399651099092,
                                19.570505826954214
                            ],
                            [
                                -99.248415986476033,
                                19.570569294817272
                            ],
                            [
                                -99.248517896089908,
                                19.570602932729916
                            ],
                            [
                                -99.248718108304388,
                                19.570364939964517
                            ],
                            [
                                -99.24887420198398,
                                19.570235820108717
                            ],
                            [
                                -99.249101319177214,
                                19.570095058393147
                            ],
                            [
                                -99.249369128726556,
                                19.570017730516984
                            ],
                            [
                                -99.249783190037206,
                                19.570011386018788
                            ],
                            [
                                -99.249969975027639,
                                19.570041910582255
                            ],
                            [
                                -99.250577297300921,
                                19.570316193129138
                            ],
                            [
                                -99.251347181593701,
                                19.57070568422991
                            ],
                            [
                                -99.251584899861712,
                                19.57085734498175
                            ],
                            [
                                -99.25169877883107,
                                19.570993786594062
                            ],
                            [
                                -99.251778181790044,
                                19.571149515732149
                            ],
                            [
                                -99.251843890694914,
                                19.571340081732185
                            ],
                            [
                                -99.25185974020674,
                                19.571386047698354
                            ],
                            [
                                -99.251992345295562,
                                19.571816827222538
                            ],
                            [
                                -99.252151401128458,
                                19.572287972594374
                            ],
                            [
                                -99.252275514349392,
                                19.572478270080808
                            ],
                            [
                                -99.252168615906214,
                                19.572575779287991
                            ],
                            [
                                -99.252311837910483,
                                19.572654438202672
                            ],
                            [
                                -99.253031509311072,
                                19.573195981190885
                            ],
                            [
                                -99.253134124241555,
                                19.573136731037067
                            ],
                            [
                                -99.253310801735523,
                                19.573034716709554
                            ],
                            [
                                -99.253216587928137,
                                19.572692641216495
                            ],
                            [
                                -99.253170036247724,
                                19.572493759693074
                            ],
                            [
                                -99.253354395549934,
                                19.572408332392286
                            ],
                            [
                                -99.253683031996175,
                                19.57225605013009
                            ],
                            [
                                -99.253860244500174,
                                19.572177906395787
                            ],
                            [
                                -99.253918599776128,
                                19.572155275878483
                            ],
                            [
                                -99.253976955035611,
                                19.572132645342478
                            ],
                            [
                                -99.254237816150905,
                                19.572072148896357
                            ],
                            [
                                -99.254533334648031,
                                19.572047134016476
                            ],
                            [
                                -99.255480813095303,
                                19.57220705029561
                            ],
                            [
                                -99.255534569999938,
                                19.572168501829672
                            ],
                            [
                                -99.255738594082743,
                                19.572022198164351
                            ],
                            [
                                -99.255958596528515,
                                19.572372292006381
                            ],
                            [
                                -99.256167299469467,
                                19.57270440306652
                            ],
                            [
                                -99.256258402460261,
                                19.572849375647529
                            ],
                            [
                                -99.256370877227269,
                                19.573028356798762
                            ],
                            [
                                -99.256431496078378,
                                19.573124819409198
                            ],
                            [
                                -99.256577435415281,
                                19.573357051708104
                            ],
                            [
                                -99.256643936458445,
                                19.573462874112241
                            ],
                            [
                                -99.256778937853397,
                                19.573677699889192
                            ],
                            [
                                -99.256988699218695,
                                19.574011488775589
                            ],
                            [
                                -99.257163751907498,
                                19.574290045206077
                            ],
                            [
                                -99.256976031579711,
                                19.574405428137947
                            ],
                            [
                                -99.256927532628097,
                                19.574435238123584
                            ],
                            [
                                -99.256126200891458,
                                19.574911136358889
                            ],
                            [
                                -99.25555049356889,
                                19.575253035911139
                            ],
                            [
                                -99.254883774085613,
                                19.575652523539478
                            ],
                            [
                                -99.254343422325263,
                                19.575976290407429
                            ],
                            [
                                -99.254250771327335,
                                19.575735904738018
                            ],
                            [
                                -99.254109550255194,
                                19.575782567068927
                            ],
                            [
                                -99.253971028500459,
                                19.575711700494519
                            ],
                            [
                                -99.25352234913251,
                                19.576450279182954
                            ],
                            [
                                -99.253473858600628,
                                19.576789256585375
                            ],
                            [
                                -99.253463986460517,
                                19.576987103240636
                            ]
                        ]
                    ]
                ]
            }
        },
        {
            "type": "Feature",
            "properties": {
                "REGIÓN": "1",
                "DIRECCIÓN": "JURÍDICO"
            },
            "geometry": {
                "type": "MultiPolygon",
                "coordinates": [
                    [
                        [
                            [
                                -99.262522431352053,
                                19.58923164076916
                            ],
                            [
                                -99.262641292603661,
                                19.589156455490951
                            ],
                            [
                                -99.263292240116158,
                                19.588744056331851
                            ],
                            [
                                -99.26344899166979,
                                19.588644752485244
                            ],
                            [
                                -99.265403140254165,
                                19.587440495755352
                            ],
                            [
                                -99.265230233925237,
                                19.587265346701738
                            ],
                            [
                                -99.264864708035489,
                                19.586895077037223
                            ],
                            [
                                -99.264645775311266,
                                19.586654865122352
                            ],
                            [
                                -99.264147703128728,
                                19.586360067479074
                            ],
                            [
                                -99.263746176815459,
                                19.586185138573295
                            ],
                            [
                                -99.26345277416327,
                                19.586107510230775
                            ],
                            [
                                -99.263236755703488,
                                19.586051879652558
                            ],
                            [
                                -99.263121979313709,
                                19.586022349839169
                            ],
                            [
                                -99.262647670937284,
                                19.585624743722338
                            ],
                            [
                                -99.262327922147634,
                                19.585295034732749
                            ],
                            [
                                -99.262615323755185,
                                19.584934845951437
                            ],
                            [
                                -99.262680583879032,
                                19.58496648795775
                            ],
                            [
                                -99.263139191124694,
                                19.584117270902055
                            ],
                            [
                                -99.262973323363028,
                                19.583992234998231
                            ],
                            [
                                -99.262796938447991,
                                19.583902292057747
                            ],
                            [
                                -99.262659450748586,
                                19.583889129373425
                            ],
                            [
                                -99.262479779496331,
                                19.583946183573129
                            ],
                            [
                                -99.262451994439658,
                                19.583986513029348
                            ],
                            [
                                -99.262279338067501,
                                19.584237119769906
                            ],
                            [
                                -99.262154310418865,
                                19.584229400209654
                            ],
                            [
                                -99.262063937997453,
                                19.584180008173643
                            ],
                            [
                                -99.262320553561651,
                                19.583568911330154
                            ],
                            [
                                -99.262606785774452,
                                19.58293382439151
                            ],
                            [
                                -99.263133313755318,
                                19.581980861415204
                            ],
                            [
                                -99.263347666777094,
                                19.581722489327362
                            ],
                            [
                                -99.263585819233782,
                                19.581865793404457
                            ],
                            [
                                -99.263806174411101,
                                19.581902219419494
                            ],
                            [
                                -99.264328439107985,
                                19.58185854911223
                            ],
                            [
                                -99.264521769093633,
                                19.581842383012653
                            ],
                            [
                                -99.264785911795443,
                                19.581817265223812
                            ],
                            [
                                -99.264990348527562,
                                19.581818635360133
                            ],
                            [
                                -99.265223256098565,
                                19.581877518159576
                            ],
                            [
                                -99.265452355565046,
                                19.581981652390319
                            ],
                            [
                                -99.265499904860519,
                                19.582017591504069
                            ],
                            [
                                -99.265611165456647,
                                19.582101685323483
                            ],
                            [
                                -99.265743545566906,
                                19.582225097797849
                            ],
                            [
                                -99.26589007964354,
                                19.58238189672937
                            ],
                            [
                                -99.265951874939589,
                                19.582450290837503
                            ],
                            [
                                -99.266015410717728,
                                19.582505319387405
                            ],
                            [
                                -99.266165376756561,
                                19.582605320406795
                            ],
                            [
                                -99.266310009191045,
                                19.582676932866139
                            ],
                            [
                                -99.26641052477467,
                                19.582713532586173
                            ],
                            [
                                -99.26650044968612,
                                19.582740125672533
                            ],
                            [
                                -99.266935862859754,
                                19.582804626250677
                            ],
                            [
                                -99.267757308882324,
                                19.582920051044631
                            ],
                            [
                                -99.268075523222635,
                                19.58295801976962
                            ],
                            [
                                -99.269269451001762,
                                19.583029766522845
                            ],
                            [
                                -99.270399379960466,
                                19.583359713440295
                            ],
                            [
                                -99.270769552665058,
                                19.583516169454253
                            ],
                            [
                                -99.271079368193824,
                                19.583759574862466
                            ],
                            [
                                -99.271573894133041,
                                19.584374170586443
                            ],
                            [
                                -99.27185005782168,
                                19.584613201935174
                            ],
                            [
                                -99.271936825432348,
                                19.58467197641313
                            ],
                            [
                                -99.272625830794496,
                                19.58497749912884
                            ],
                            [
                                -99.272888761624714,
                                19.585105043333861
                            ],
                            [
                                -99.273432678019773,
                                19.585374156003166
                            ],
                            [
                                -99.274503607055138,
                                19.586264759514304
                            ],
                            [
                                -99.274657050624043,
                                19.586401067372105
                            ],
                            [
                                -99.274856087950198,
                                19.586627804162234
                            ],
                            [
                                -99.275205005661078,
                                19.587599758908812
                            ],
                            [
                                -99.275610952138123,
                                19.589137211680775
                            ],
                            [
                                -99.275789385097355,
                                19.589488299355761
                            ],
                            [
                                -99.275866918378668,
                                19.589592895903944
                            ],
                            [
                                -99.277357681369807,
                                19.591281343338192
                            ],
                            [
                                -99.277817663458762,
                                19.591805000689529
                            ],
                            [
                                -99.278066478552489,
                                19.592073953137593
                            ],
                            [
                                -99.278176680554353,
                                19.592168338583534
                            ],
                            [
                                -99.27857395700741,
                                19.592346498169881
                            ],
                            [
                                -99.278894281003758,
                                19.592484688364099
                            ],
                            [
                                -99.278985674257143,
                                19.592522569625029
                            ],
                            [
                                -99.278093463053125,
                                19.593390047807308
                            ],
                            [
                                -99.276659532942816,
                                19.594523317519542
                            ],
                            [
                                -99.275847457507808,
                                19.595092231258093
                            ],
                            [
                                -99.27555971091931,
                                19.595275404553412
                            ],
                            [
                                -99.275487693041541,
                                19.595326784129234
                            ],
                            [
                                -99.274993463161138,
                                19.595638148564419
                            ],
                            [
                                -99.274600209669046,
                                19.595900248103252
                            ],
                            [
                                -99.27452713053809,
                                19.595970485601427
                            ],
                            [
                                -99.274229462414823,
                                19.596132090594544
                            ],
                            [
                                -99.273960907918323,
                                19.596328007040587
                            ],
                            [
                                -99.273928234981611,
                                19.596386312064855
                            ],
                            [
                                -99.273861259664059,
                                19.596447949189809
                            ],
                            [
                                -99.273794284295491,
                                19.5965095862902
                            ],
                            [
                                -99.273346024294554,
                                19.596841721577963
                            ],
                            [
                                -99.273083823983427,
                                19.597126398315414
                            ],
                            [
                                -99.272859090424774,
                                19.5972317749087
                            ],
                            [
                                -99.272456654702054,
                                19.597392355359698
                            ],
                            [
                                -99.272115707484247,
                                19.597541478589022
                            ],
                            [
                                -99.271530538049547,
                                19.597922210128509
                            ],
                            [
                                -99.270962122597382,
                                19.598314470033767
                            ],
                            [
                                -99.270836961166566,
                                19.598417811403859
                            ],
                            [
                                -99.269955408380881,
                                19.597599973788096
                            ],
                            [
                                -99.268631731685375,
                                19.596442596010856
                            ],
                            [
                                -99.267700307845459,
                                19.59573026677521
                            ],
                            [
                                -99.267343648128261,
                                19.595396194123037
                            ],
                            [
                                -99.267075576335287,
                                19.595129215617721
                            ],
                            [
                                -99.266971377816404,
                                19.595025441705413
                            ],
                            [
                                -99.266318297236836,
                                19.594375017947986
                            ],
                            [
                                -99.26555115157187,
                                19.593641338746611
                            ],
                            [
                                -99.265571457382066,
                                19.593623276633849
                            ],
                            [
                                -99.265632631822513,
                                19.593568861645913
                            ],
                            [
                                -99.265682594290155,
                                19.593524419724627
                            ],
                            [
                                -99.265900015752891,
                                19.593331021556089
                            ],
                            [
                                -99.266028462061769,
                                19.593216767174614
                            ],
                            [
                                -99.266506273954249,
                                19.592791746112855
                            ],
                            [
                                -99.26627881088281,
                                19.592562410023973
                            ],
                            [
                                -99.265915011807877,
                                19.592900227834708
                            ],
                            [
                                -99.265228716090704,
                                19.592389965026889
                            ],
                            [
                                -99.264715433432229,
                                19.592018242462331
                            ],
                            [
                                -99.264562994296625,
                                19.591907844453971
                            ],
                            [
                                -99.264344502239879,
                                19.590923104634598
                            ],
                            [
                                -99.263469681884771,
                                19.590696680767046
                            ],
                            [
                                -99.263352202086864,
                                19.590666273888136
                            ],
                            [
                                -99.263321533585426,
                                19.59043401528141
                            ],
                            [
                                -99.263302074401281,
                                19.59038262662672
                            ],
                            [
                                -99.263282615229699,
                                19.590331237969512
                            ],
                            [
                                -99.2632032516252,
                                19.590339368096288
                            ],
                            [
                                -99.263093652383787,
                                19.590101360086855
                            ],
                            [
                                -99.262851326899437,
                                19.589726656206281
                            ],
                            [
                                -99.26270628621343,
                                19.589508358240867
                            ],
                            [
                                -99.262686878872955,
                                19.58947914856898
                            ],
                            [
                                -99.262522431352053,
                                19.58923164076916
                            ]
                        ]
                    ]
                ]
            }
        },
        {
            "type": "Feature",
            "properties": {
                "REGIÓN": "2",
                "DIRECCIÓN": "OBRAS PÚBLICAS"
            },
            "geometry": {
                "type": "MultiPolygon",
                "coordinates": [
                    [
                        [
                            [
                                -99.255655560648151,
                                19.608357661214818
                            ],
                            [
                                -99.255629874051778,
                                19.608354925691309
                            ],
                            [
                                -99.255069554524354,
                                19.608295252885046
                            ],
                            [
                                -99.255141654119754,
                                19.607264645680083
                            ],
                            [
                                -99.255451466541771,
                                19.607372497060307
                            ],
                            [
                                -99.255250790800346,
                                19.606699094695056
                            ],
                            [
                                -99.255243405673184,
                                19.606674312501344
                            ],
                            [
                                -99.255232852818267,
                                19.606640834544127
                            ],
                            [
                                -99.255225471705728,
                                19.606617999964545
                            ],
                            [
                                -99.255091728200881,
                                19.606205854810536
                            ],
                            [
                                -99.254914373991582,
                                19.605727942570422
                            ],
                            [
                                -99.254751982465237,
                                19.605285134843523
                            ],
                            [
                                -99.254729633921826,
                                19.605222041620515
                            ],
                            [
                                -99.254670020031185,
                                19.605050599795099
                            ],
                            [
                                -99.254607401379374,
                                19.604862147823539
                            ],
                            [
                                -99.254484778262835,
                                19.604457010883234
                            ],
                            [
                                -99.254339123058813,
                                19.604008270609512
                            ],
                            [
                                -99.254125664404796,
                                19.603465437715425
                            ],
                            [
                                -99.254056348767946,
                                19.603323907690093
                            ],
                            [
                                -99.253990519190523,
                                19.603283934153403
                            ],
                            [
                                -99.253539957404271,
                                19.603136304843719
                            ],
                            [
                                -99.253478583722725,
                                19.603116195275135
                            ],
                            [
                                -99.253304283414408,
                                19.603040050244431
                            ],
                            [
                                -99.253237473534469,
                                19.602880295649694
                            ],
                            [
                                -99.253184614842439,
                                19.602765873535319
                            ],
                            [
                                -99.253071874258637,
                                19.602635518215209
                            ],
                            [
                                -99.252996958177093,
                                19.602407608250488
                            ],
                            [
                                -99.252948414946871,
                                19.602252136860432
                            ],
                            [
                                -99.252891012089961,
                                19.602128674591562
                            ],
                            [
                                -99.252871001082852,
                                19.602050700355914
                            ],
                            [
                                -99.252922065296431,
                                19.601945440480186
                            ],
                            [
                                -99.25272469040317,
                                19.601896747405338
                            ],
                            [
                                -99.25254134584587,
                                19.601807968108343
                            ],
                            [
                                -99.252320483348242,
                                19.601759307499783
                            ],
                            [
                                -99.252424495373219,
                                19.601717673957854
                            ],
                            [
                                -99.253138553059642,
                                19.601534752811244
                            ],
                            [
                                -99.253332936507405,
                                19.601462318127322
                            ],
                            [
                                -99.253210534632501,
                                19.601049736954074
                            ],
                            [
                                -99.25317467187169,
                                19.600938330244333
                            ],
                            [
                                -99.253084517824476,
                                19.600570748359207
                            ],
                            [
                                -99.25299158076642,
                                19.600259146343969
                            ],
                            [
                                -99.252958024903009,
                                19.599998648410043
                            ],
                            [
                                -99.252912287382287,
                                19.599809228348008
                            ],
                            [
                                -99.252875442231343,
                                19.599494325488848
                            ],
                            [
                                -99.252933030208197,
                                19.598800737785051
                            ],
                            [
                                -99.253223896306466,
                                19.598767138137884
                            ],
                            [
                                -99.253693790307082,
                                19.598707989682673
                            ],
                            [
                                -99.254239627036256,
                                19.598639734796041
                            ],
                            [
                                -99.254489927382366,
                                19.598560272203713
                            ],
                            [
                                -99.254510090213088,
                                19.598553871112124
                            ],
                            [
                                -99.2548579113774,
                                19.598434966210206
                            ],
                            [
                                -99.25529949403888,
                                19.598279360109853
                            ],
                            [
                                -99.255726760898966,
                                19.598142806019684
                            ],
                            [
                                -99.256164762115432,
                                19.597971091598403
                            ],
                            [
                                -99.256059941787271,
                                19.597727251110172
                            ],
                            [
                                -99.255911623932661,
                                19.597324504903376
                            ],
                            [
                                -99.255763567978363,
                                19.596924656133147
                            ],
                            [
                                -99.255677129291726,
                                19.596690947494853
                            ],
                            [
                                -99.255330862530641,
                                19.595429836929537
                            ],
                            [
                                -99.255488307302585,
                                19.595368584052419
                            ],
                            [
                                -99.255723668692397,
                                19.595277017873542
                            ],
                            [
                                -99.255513108576281,
                                19.594651827495813
                            ],
                            [
                                -99.25570786440484,
                                19.594585633776209
                            ],
                            [
                                -99.255948764387128,
                                19.594503756190797
                            ],
                            [
                                -99.256196839068977,
                                19.595145835518139
                            ],
                            [
                                -99.256620149168768,
                                19.594966523767877
                            ],
                            [
                                -99.257002452504778,
                                19.594791222852042
                            ],
                            [
                                -99.256898591890206,
                                19.594493659823399
                            ],
                            [
                                -99.256744651781844,
                                19.594052615723015
                            ],
                            [
                                -99.256576997942872,
                                19.593572278315598
                            ],
                            [
                                -99.256364084663829,
                                19.592962265688524
                            ],
                            [
                                -99.256343921159512,
                                19.592748196632446
                            ],
                            [
                                -99.256338068472715,
                                19.592708934630224
                            ],
                            [
                                -99.256788543876368,
                                19.592452845456524
                            ],
                            [
                                -99.256915770547323,
                                19.592380518465117
                            ],
                            [
                                -99.257379688420656,
                                19.59211678484796
                            ],
                            [
                                -99.257730362232053,
                                19.591917428218689
                            ],
                            [
                                -99.257807516647532,
                                19.591873566091529
                            ],
                            [
                                -99.257881174953994,
                                19.591832813257497
                            ],
                            [
                                -99.257954833223124,
                                19.591792060393573
                            ],
                            [
                                -99.258868385673026,
                                19.59128661561077
                            ],
                            [
                                -99.259459989298236,
                                19.590959292584984
                            ],
                            [
                                -99.259997063611792,
                                19.59066213676811
                            ],
                            [
                                -99.259997063611209,
                                19.590662136403886
                            ],
                            [
                                -99.259997063611209,
                                19.590662136403886
                            ],
                            [
                                -99.259997063611209,
                                19.590662136403886
                            ],
                            [
                                -99.259997063611209,
                                19.590662136403886
                            ],
                            [
                                -99.260929937427861,
                                19.590133717085234
                            ],
                            [
                                -99.262522431352053,
                                19.58923164076916
                            ],
                            [
                                -99.262686878872955,
                                19.58947914856898
                            ],
                            [
                                -99.26270628621343,
                                19.589508358240867
                            ],
                            [
                                -99.262851326899437,
                                19.589726656206281
                            ],
                            [
                                -99.263093652384981,
                                19.590101360815503
                            ],
                            [
                                -99.2632032516252,
                                19.590339368096288
                            ],
                            [
                                -99.263282615229699,
                                19.590331237969512
                            ],
                            [
                                -99.263302074401281,
                                19.59038262662672
                            ],
                            [
                                -99.263321533585426,
                                19.59043401528141
                            ],
                            [
                                -99.263352202086864,
                                19.590666273888136
                            ],
                            [
                                -99.263469681884771,
                                19.590696680767046
                            ],
                            [
                                -99.264344502239879,
                                19.590923104634598
                            ],
                            [
                                -99.264562994296625,
                                19.591907844453971
                            ],
                            [
                                -99.264715433432229,
                                19.592018242462331
                            ],
                            [
                                -99.265228716090704,
                                19.592389965026889
                            ],
                            [
                                -99.265915011807877,
                                19.592900227834708
                            ],
                            [
                                -99.26627881088281,
                                19.592562410023973
                            ],
                            [
                                -99.266506273954249,
                                19.592791746112855
                            ],
                            [
                                -99.266028462061769,
                                19.593216767174614
                            ],
                            [
                                -99.265900015752891,
                                19.593331021556089
                            ],
                            [
                                -99.265682594290155,
                                19.593524419724627
                            ],
                            [
                                -99.265632631822513,
                                19.593568861645913
                            ],
                            [
                                -99.265571457382066,
                                19.593623276633849
                            ],
                            [
                                -99.26555115157187,
                                19.593641338746611
                            ],
                            [
                                -99.266318297236836,
                                19.594375017947986
                            ],
                            [
                                -99.266971377816404,
                                19.595025441705413
                            ],
                            [
                                -99.267075576335287,
                                19.595129215617721
                            ],
                            [
                                -99.267343648128261,
                                19.595396194123037
                            ],
                            [
                                -99.267700307845459,
                                19.59573026677521
                            ],
                            [
                                -99.268631731685375,
                                19.596442596010856
                            ],
                            [
                                -99.269955408380881,
                                19.597599973788096
                            ],
                            [
                                -99.270836961166566,
                                19.598417811403859
                            ],
                            [
                                -99.270713174906902,
                                19.598503452973734
                            ],
                            [
                                -99.26934643478819,
                                19.599342305006822
                            ],
                            [
                                -99.269162250089991,
                                19.59972703624306
                            ],
                            [
                                -99.268775458557371,
                                19.600724590517899
                            ],
                            [
                                -99.268289319056805,
                                19.601987031952365
                            ],
                            [
                                -99.267953445871228,
                                19.602821862913714
                            ],
                            [
                                -99.26785178681385,
                                19.603077055915762
                            ],
                            [
                                -99.267717198241456,
                                19.603431703198517
                            ],
                            [
                                -99.267565110549683,
                                19.603848400947978
                            ],
                            [
                                -99.267127826305995,
                                19.604940716087633
                            ],
                            [
                                -99.267091914415602,
                                19.605030421577343
                            ],
                            [
                                -99.266629655886689,
                                19.606239195251536
                            ],
                            [
                                -99.266452855375661,
                                19.606703528991225
                            ],
                            [
                                -99.266294434141727,
                                19.607125971157362
                            ],
                            [
                                -99.266213766242217,
                                19.607345272623039
                            ],
                            [
                                -99.266117475859005,
                                19.60760759930297
                            ],
                            [
                                -99.263202090183498,
                                19.608100458811617
                            ],
                            [
                                -99.263152663293539,
                                19.608108814225318
                            ],
                            [
                                -99.26164588946466,
                                19.608280145628225
                            ],
                            [
                                -99.261392681370467,
                                19.608310522403624
                            ],
                            [
                                -99.259863232753204,
                                19.60849399893188
                            ],
                            [
                                -99.258614125625385,
                                19.608582953201779
                            ],
                            [
                                -99.258134530135436,
                                19.60861394307582
                            ],
                            [
                                -99.257220778073972,
                                19.608524343743063
                            ],
                            [
                                -99.256145165577436,
                                19.608409801534194
                            ],
                            [
                                -99.255655560648151,
                                19.608357661214818
                            ]
                        ]
                    ]
                ]
            }
        },
        {
            "type": "Feature",
            "properties": {
                "REGIÓN": "11",
                "DIRECCIÓN": "EDUCACIÓN"
            },
            "geometry": {
                "type": "MultiPolygon",
                "coordinates": [
                    [
                        [
                            [
                                -99.265951874939589,
                                19.582450290837503
                            ],
                            [
                                -99.26589007964354,
                                19.58238189672937
                            ],
                            [
                                -99.265743545566906,
                                19.582225097797849
                            ],
                            [
                                -99.265611165456647,
                                19.582101685323483
                            ],
                            [
                                -99.265499904860519,
                                19.582017591504069
                            ],
                            [
                                -99.265452355565046,
                                19.581981652390319
                            ],
                            [
                                -99.265223256098565,
                                19.581877518159576
                            ],
                            [
                                -99.264990348527562,
                                19.581818635360133
                            ],
                            [
                                -99.264785911795443,
                                19.581817265223812
                            ],
                            [
                                -99.264521769093633,
                                19.581842383012653
                            ],
                            [
                                -99.264328439107985,
                                19.58185854911223
                            ],
                            [
                                -99.263806174411101,
                                19.581902219419494
                            ],
                            [
                                -99.263585819233782,
                                19.581865793404457
                            ],
                            [
                                -99.263347666777094,
                                19.581722489327362
                            ],
                            [
                                -99.263252097593409,
                                19.581635963990248
                            ],
                            [
                                -99.262812095503961,
                                19.581115089082562
                            ],
                            [
                                -99.262586923052467,
                                19.580850986080584
                            ],
                            [
                                -99.262369505066999,
                                19.580589319938031
                            ],
                            [
                                -99.262247933566584,
                                19.580491559334888
                            ],
                            [
                                -99.262118659982832,
                                19.580423191058845
                            ],
                            [
                                -99.261728383180127,
                                19.580296439149425
                            ],
                            [
                                -99.261521576913637,
                                19.580206147006251
                            ],
                            [
                                -99.261459495967628,
                                19.580154819865683
                            ],
                            [
                                -99.261353409023968,
                                19.580047242460314
                            ],
                            [
                                -99.260663805371166,
                                19.579185823694246
                            ],
                            [
                                -99.260181420173609,
                                19.578555159516995
                            ],
                            [
                                -99.259964857717875,
                                19.578272026508582
                            ],
                            [
                                -99.259672413661178,
                                19.577879742637073
                            ],
                            [
                                -99.259306786606317,
                                19.577122783745203
                            ],
                            [
                                -99.258986896406213,
                                19.576565425778377
                            ],
                            [
                                -99.258219618802599,
                                19.575510127763962
                            ],
                            [
                                -99.258144990260803,
                                19.575423893298311
                            ],
                            [
                                -99.257163751907498,
                                19.574290045206077
                            ],
                            [
                                -99.256988699218695,
                                19.574011488775589
                            ],
                            [
                                -99.256778937853397,
                                19.573677699889192
                            ],
                            [
                                -99.256643936458445,
                                19.573462874112241
                            ],
                            [
                                -99.256577435415281,
                                19.573357051708104
                            ],
                            [
                                -99.256431496078378,
                                19.573124819409198
                            ],
                            [
                                -99.256370877227269,
                                19.573028356798762
                            ],
                            [
                                -99.256258402460261,
                                19.572849375647529
                            ],
                            [
                                -99.256167299469467,
                                19.57270440306652
                            ],
                            [
                                -99.255958596528515,
                                19.572372292006381
                            ],
                            [
                                -99.255738594082743,
                                19.572022198164351
                            ],
                            [
                                -99.253934343942831,
                                19.569496219371249
                            ],
                            [
                                -99.253623902408492,
                                19.569131359106418
                            ],
                            [
                                -99.253151391982925,
                                19.568707667044688
                            ],
                            [
                                -99.252675188559991,
                                19.56829491802899
                            ],
                            [
                                -99.252651185133303,
                                19.568272592844242
                            ],
                            [
                                -99.252177891011982,
                                19.567832387983312
                            ],
                            [
                                -99.251980349524899,
                                19.567518865884551
                            ],
                            [
                                -99.251877444586484,
                                19.567237587489647
                            ],
                            [
                                -99.251745100543289,
                                19.566597184720706
                            ],
                            [
                                -99.250963017534744,
                                19.565593489751514
                            ],
                            [
                                -99.250323048787052,
                                19.56485979040195
                            ],
                            [
                                -99.24967351936111,
                                19.564115120855789
                            ],
                            [
                                -99.24934720649641,
                                19.56377437864229
                            ],
                            [
                                -99.24914982850909,
                                19.563560471458036
                            ],
                            [
                                -99.249074481765263,
                                19.563485337496381
                            ],
                            [
                                -99.248883055774826,
                                19.563294451639479
                            ],
                            [
                                -99.248863011591453,
                                19.563274463975144
                            ],
                            [
                                -99.248534181668546,
                                19.563003456640057
                            ],
                            [
                                -99.248209239710079,
                                19.562720710588767
                            ],
                            [
                                -99.24781050401478,
                                19.56223987959353
                            ],
                            [
                                -99.247616209634444,
                                19.562019894099784
                            ],
                            [
                                -99.248282735220727,
                                19.562122375830128
                            ],
                            [
                                -99.248302406437972,
                                19.562017071608821
                            ],
                            [
                                -99.248349885199772,
                                19.561817539733919
                            ],
                            [
                                -99.248474426539644,
                                19.561294146164169
                            ],
                            [
                                -99.24849255610583,
                                19.561212191597953
                            ],
                            [
                                -99.248528043918029,
                                19.561074906429422
                            ],
                            [
                                -99.248772764290493,
                                19.560221230653429
                            ],
                            [
                                -99.248956112852994,
                                19.559581636578269
                            ],
                            [
                                -99.249773422406477,
                                19.559729023725641
                            ],
                            [
                                -99.250404166620299,
                                19.559782668536464
                            ],
                            [
                                -99.251046446827374,
                                19.559601301403486
                            ],
                            [
                                -99.251407305834064,
                                19.559546280720383
                            ],
                            [
                                -99.251755126493819,
                                19.55953891689397
                            ],
                            [
                                -99.252277345808579,
                                19.559522064138019
                            ],
                            [
                                -99.252698741320387,
                                19.559549199897628
                            ],
                            [
                                -99.253006085853059,
                                19.559747081828231
                            ],
                            [
                                -99.253503844491917,
                                19.559729464042555
                            ],
                            [
                                -99.253938052102157,
                                19.559655535807504
                            ],
                            [
                                -99.254451702512597,
                                19.559654812601448
                            ],
                            [
                                -99.254591732474864,
                                19.559499890590057
                            ],
                            [
                                -99.255133828793248,
                                19.55930309394682
                            ],
                            [
                                -99.255337570529719,
                                19.559269989541363
                            ],
                            [
                                -99.255317740664537,
                                19.558841811372851
                            ],
                            [
                                -99.257153932632505,
                                19.558446139835549
                            ],
                            [
                                -99.25756825311305,
                                19.5581608326398
                            ],
                            [
                                -99.258314752325404,
                                19.558044625406438
                            ],
                            [
                                -99.258612077050842,
                                19.557998340081028
                            ],
                            [
                                -99.259008283652022,
                                19.557776644850769
                            ],
                            [
                                -99.259067561995835,
                                19.557743475852043
                            ],
                            [
                                -99.259086720265145,
                                19.557727849822264
                            ],
                            [
                                -99.259285963279979,
                                19.55756534124934
                            ],
                            [
                                -99.259309655712585,
                                19.557554961662976
                            ],
                            [
                                -99.259779419874988,
                                19.557349158426124
                            ],
                            [
                                -99.260033781393531,
                                19.557225861644678
                            ],
                            [
                                -99.260255702243796,
                                19.55712241348175
                            ],
                            [
                                -99.260576827370045,
                                19.557679888125765
                            ],
                            [
                                -99.260843184269518,
                                19.557592818779455
                            ],
                            [
                                -99.261157462567311,
                                19.557086661184254
                            ],
                            [
                                -99.261369845916079,
                                19.556906009325903
                            ],
                            [
                                -99.261921020777933,
                                19.556840816252382
                            ],
                            [
                                -99.262242514318302,
                                19.556922080938776
                            ],
                            [
                                -99.262646744737239,
                                19.556892213177047
                            ],
                            [
                                -99.263371665220404,
                                19.556725906451327
                            ],
                            [
                                -99.26523200862934,
                                19.555844049184792
                            ],
                            [
                                -99.266008866344407,
                                19.55546282961101
                            ],
                            [
                                -99.266594416620535,
                                19.555356205560162
                            ],
                            [
                                -99.267049788701186,
                                19.555406232148648
                            ],
                            [
                                -99.267752130719529,
                                19.55548338821967
                            ],
                            [
                                -99.267749761534049,
                                19.555126577492221
                            ],
                            [
                                -99.267704819212625,
                                19.554926555567604
                            ],
                            [
                                -99.267493009353601,
                                19.554717433040487
                            ],
                            [
                                -99.266966515775664,
                                19.554639261488141
                            ],
                            [
                                -99.266805642949876,
                                19.554191434505114
                            ],
                            [
                                -99.267100474998131,
                                19.554084070637177
                            ],
                            [
                                -99.267507753977384,
                                19.553935757899559
                            ],
                            [
                                -99.267424714884342,
                                19.553693774586339
                            ],
                            [
                                -99.267336480529224,
                                19.553446323265316
                            ],
                            [
                                -99.268039460988305,
                                19.553719506646797
                            ],
                            [
                                -99.268215182187845,
                                19.553773111447939
                            ],
                            [
                                -99.268416626484438,
                                19.553763018374191
                            ],
                            [
                                -99.268922560257536,
                                19.553581081017896
                            ],
                            [
                                -99.269980890630976,
                                19.553202441974754
                            ],
                            [
                                -99.270011721492423,
                                19.553104458237172
                            ],
                            [
                                -99.269892374477976,
                                19.552781442409611
                            ],
                            [
                                -99.26883407095923,
                                19.55317477153265
                            ],
                            [
                                -99.268249949538884,
                                19.552930796000915
                            ],
                            [
                                -99.269747077803686,
                                19.552385012009132
                            ],
                            [
                                -99.269596632522763,
                                19.551998382918672
                            ],
                            [
                                -99.269831152488734,
                                19.551908651396403
                            ],
                            [
                                -99.27011299658362,
                                19.55188008616879
                            ],
                            [
                                -99.270350589375056,
                                19.551865040009744
                            ],
                            [
                                -99.270712254330377,
                                19.551908570192989
                            ],
                            [
                                -99.271012022282179,
                                19.552006058251841
                            ],
                            [
                                -99.272294018489674,
                                19.552557477551144
                            ],
                            [
                                -99.272635212206794,
                                19.552713662999437
                            ],
                            [
                                -99.273069288913462,
                                19.552810944794853
                            ],
                            [
                                -99.273492886338062,
                                19.552820097549123
                            ],
                            [
                                -99.273875043133543,
                                19.552760755824789
                            ],
                            [
                                -99.274246719455789,
                                19.55261328535088
                            ],
                            [
                                -99.275288960780173,
                                19.551896754994836
                            ],
                            [
                                -99.275804721004874,
                                19.551425867495119
                            ],
                            [
                                -99.276020958993684,
                                19.551004405351662
                            ],
                            [
                                -99.276125517163962,
                                19.55065080016076
                            ],
                            [
                                -99.276164194983068,
                                19.550181510283508
                            ],
                            [
                                -99.276011147043064,
                                19.54827196011642
                            ],
                            [
                                -99.275912762666337,
                                19.547391192865337
                            ],
                            [
                                -99.275895750543825,
                                19.54723889406069
                            ],
                            [
                                -99.275666932773461,
                                19.546333319902956
                            ],
                            [
                                -99.275676930995175,
                                19.546137429281874
                            ],
                            [
                                -99.275818750920493,
                                19.546002548484424
                            ],
                            [
                                -99.276025292117595,
                                19.545958161051022
                            ],
                            [
                                -99.27629922508136,
                                19.546055679955181
                            ],
                            [
                                -99.276557753904811,
                                19.546207087745081
                            ],
                            [
                                -99.276867945699479,
                                19.546363312865257
                            ],
                            [
                                -99.277105638335016,
                                19.546411917235872
                            ],
                            [
                                -99.277075548452871,
                                19.546940826797634
                            ],
                            [
                                -99.277084091694931,
                                19.547643916000503
                            ],
                            [
                                -99.277087567678421,
                                19.547929978722646
                            ],
                            [
                                -99.277155855761407,
                                19.548595849976465
                            ],
                            [
                                -99.277191918118319,
                                19.549179268888292
                            ],
                            [
                                -99.277372393644058,
                                19.551376946280815
                            ],
                            [
                                -99.277678783671377,
                                19.555342947927592
                            ],
                            [
                                -99.277661813988388,
                                19.555991810402602
                            ],
                            [
                                -99.277616101682199,
                                19.556447290348824
                            ],
                            [
                                -99.277503360022379,
                                19.556976326458674
                            ],
                            [
                                -99.277369937832475,
                                19.557495600490881
                            ],
                            [
                                -99.277205361133426,
                                19.557921881570973
                            ],
                            [
                                -99.27704078358272,
                                19.558348162491566
                            ],
                            [
                                -99.276639104002257,
                                19.559083309948345
                            ],
                            [
                                -99.275835417613138,
                                19.560367521317374
                            ],
                            [
                                -99.275165517014315,
                                19.561347918875359
                            ],
                            [
                                -99.274650337321788,
                                19.562181172320773
                            ],
                            [
                                -99.272452387997831,
                                19.565710019758264
                            ],
                            [
                                -99.273540909152658,
                                19.566731631003211
                            ],
                            [
                                -99.273848750514205,
                                19.567616143651339
                            ],
                            [
                                -99.274505902176784,
                                19.5680230655021
                            ],
                            [
                                -99.27470945736367,
                                19.568409392828826
                            ],
                            [
                                -99.27508320965444,
                                19.56865826534391
                            ],
                            [
                                -99.275126563414958,
                                19.568416212738438
                            ],
                            [
                                -99.275219069141386,
                                19.567961868795319
                            ],
                            [
                                -99.275457724273011,
                                19.56742836942286
                            ],
                            [
                                -99.2754464659251,
                                19.566932274586982
                            ],
                            [
                                -99.275596980656076,
                                19.566630922086336
                            ],
                            [
                                -99.276090729957005,
                                19.566047667754297
                            ],
                            [
                                -99.276496423483621,
                                19.565745923979861
                            ],
                            [
                                -99.276616143284159,
                                19.565711185472306
                            ],
                            [
                                -99.276699661324443,
                                19.565824595538551
                            ],
                            [
                                -99.27744163816304,
                                19.565746941747733
                            ],
                            [
                                -99.278558013937342,
                                19.565342902583623
                            ],
                            [
                                -99.27993195012165,
                                19.564812578130265
                            ],
                            [
                                -99.28042582332219,
                                19.5643132313017
                            ],
                            [
                                -99.280617526882367,
                                19.5637452430007
                            ],
                            [
                                -99.280590361095364,
                                19.563093675366222
                            ],
                            [
                                -99.283622766447834,
                                19.562476818025424
                            ],
                            [
                                -99.283967958548743,
                                19.566299545580314
                            ],
                            [
                                -99.286324076248349,
                                19.569015798454611
                            ],
                            [
                                -99.285392081391677,
                                19.572097608844061
                            ],
                            [
                                -99.2837488507475,
                                19.573521892799405
                            ],
                            [
                                -99.279345508129495,
                                19.575061526197651
                            ],
                            [
                                -99.279325024632641,
                                19.575263951638764
                            ],
                            [
                                -99.279184814712707,
                                19.575501117408646
                            ],
                            [
                                -99.278950850248151,
                                19.575733491619623
                            ],
                            [
                                -99.278693651213644,
                                19.575046428755961
                            ],
                            [
                                -99.278453155697889,
                                19.57450872890346
                            ],
                            [
                                -99.278108479928576,
                                19.573958848208733
                            ],
                            [
                                -99.277993750787488,
                                19.573870169209943
                            ],
                            [
                                -99.277670548411834,
                                19.573692955277032
                            ],
                            [
                                -99.276914794314791,
                                19.573348566363183
                            ],
                            [
                                -99.27673244635956,
                                19.573309354650142
                            ],
                            [
                                -99.276524125790544,
                                19.573309674032462
                            ],
                            [
                                -99.276227462441085,
                                19.573423666430969
                            ],
                            [
                                -99.275117902260661,
                                19.574327557188841
                            ],
                            [
                                -99.274613332133612,
                                19.574688685565924
                            ],
                            [
                                -99.274550835420371,
                                19.574688780678311
                            ],
                            [
                                -99.273972031606689,
                                19.57427006358672
                            ],
                            [
                                -99.273596302401131,
                                19.573826354592676
                            ],
                            [
                                -99.273142396762907,
                                19.573348208086678
                            ],
                            [
                                -99.27274588979671,
                                19.572934147296213
                            ],
                            [
                                -99.272297669784166,
                                19.57273736682626
                            ],
                            [
                                -99.272203776625318,
                                19.572648652646468
                            ],
                            [
                                -99.270561222477411,
                                19.572814648010521
                            ],
                            [
                                -99.269721267207771,
                                19.572894265996737
                            ],
                            [
                                -99.269750603166159,
                                19.575384116891502
                            ],
                            [
                                -99.269737528457028,
                                19.577152942913163
                            ],
                            [
                                -99.269635516996871,
                                19.578420866369321
                            ],
                            [
                                -99.26950822593578,
                                19.57893727465477
                            ],
                            [
                                -99.269221477624043,
                                19.579894224491362
                            ],
                            [
                                -99.268615542847158,
                                19.581572836267778
                            ],
                            [
                                -99.268075523222635,
                                19.58295801976962
                            ],
                            [
                                -99.267757308882324,
                                19.582920051044631
                            ],
                            [
                                -99.266935862859754,
                                19.582804626250677
                            ],
                            [
                                -99.26650044968612,
                                19.582740125672533
                            ],
                            [
                                -99.26641052477467,
                                19.582713532586173
                            ],
                            [
                                -99.266310009191045,
                                19.582676932866139
                            ],
                            [
                                -99.266165376756561,
                                19.582605320406795
                            ],
                            [
                                -99.266015410717728,
                                19.582505319387405
                            ],
                            [
                                -99.265951874939589,
                                19.582450290837503
                            ]
                        ]
                    ]
                ]
            }
        },
        {
            "type": "Feature",
            "properties": {
                "REGIÓN": "12",
                "DIRECCIÓN": "ORDENAMIENTO TERRITORIAL"
            },
            "geometry": {
                "type": "MultiPolygon",
                "coordinates": [
                    [
                        [
                            [
                                -99.266008866344407,
                                19.55546282961101
                            ],
                            [
                                -99.26523200862934,
                                19.555844049184792
                            ],
                            [
                                -99.263371665220404,
                                19.556725906451327
                            ],
                            [
                                -99.262646744737239,
                                19.556892213177047
                            ],
                            [
                                -99.262242514318302,
                                19.556922080938776
                            ],
                            [
                                -99.261921020777933,
                                19.556840816252382
                            ],
                            [
                                -99.261369845916079,
                                19.556906009325903
                            ],
                            [
                                -99.261157462567311,
                                19.557086661184254
                            ],
                            [
                                -99.260843184269518,
                                19.557592818779455
                            ],
                            [
                                -99.260576827370045,
                                19.557679888125765
                            ],
                            [
                                -99.260255702243796,
                                19.55712241348175
                            ],
                            [
                                -99.260033781393531,
                                19.557225861644678
                            ],
                            [
                                -99.259779419874988,
                                19.557349158426124
                            ],
                            [
                                -99.259309655712585,
                                19.557554961662976
                            ],
                            [
                                -99.259285963279979,
                                19.55756534124934
                            ],
                            [
                                -99.259086720265145,
                                19.557727849822264
                            ],
                            [
                                -99.259067561995835,
                                19.557743475852043
                            ],
                            [
                                -99.259008283652022,
                                19.557776644850769
                            ],
                            [
                                -99.258612077050842,
                                19.557998340081028
                            ],
                            [
                                -99.258314752325404,
                                19.558044625406438
                            ],
                            [
                                -99.25756825311305,
                                19.5581608326398
                            ],
                            [
                                -99.257153932632505,
                                19.558446139835549
                            ],
                            [
                                -99.255317740664537,
                                19.558841811372851
                            ],
                            [
                                -99.255337570529719,
                                19.559269989541363
                            ],
                            [
                                -99.255133828793248,
                                19.55930309394682
                            ],
                            [
                                -99.254591732474864,
                                19.559499890590057
                            ],
                            [
                                -99.254451702512597,
                                19.559654812601448
                            ],
                            [
                                -99.253938052102157,
                                19.559655535807504
                            ],
                            [
                                -99.253503844491917,
                                19.559729464042555
                            ],
                            [
                                -99.253006085853059,
                                19.559747081828231
                            ],
                            [
                                -99.252698741320387,
                                19.559549199897628
                            ],
                            [
                                -99.252277345808579,
                                19.559522064138019
                            ],
                            [
                                -99.251755126493819,
                                19.55953891689397
                            ],
                            [
                                -99.251407305834064,
                                19.559546280720383
                            ],
                            [
                                -99.251046446827374,
                                19.559601301403486
                            ],
                            [
                                -99.250404166620299,
                                19.559782668536464
                            ],
                            [
                                -99.249773422406477,
                                19.559729023725641
                            ],
                            [
                                -99.248956112852994,
                                19.559581636578269
                            ],
                            [
                                -99.248968923004242,
                                19.559531445328105
                            ],
                            [
                                -99.249011310782393,
                                19.559365366223336
                            ],
                            [
                                -99.249354538930348,
                                19.558161724535907
                            ],
                            [
                                -99.249361422380503,
                                19.558135783569597
                            ],
                            [
                                -99.249516223661445,
                                19.557552397327051
                            ],
                            [
                                -99.250403419106661,
                                19.557696201762429
                            ],
                            [
                                -99.250797746604462,
                                19.557749127851611
                            ],
                            [
                                -99.251173967378307,
                                19.557714961586374
                            ],
                            [
                                -99.251421452905362,
                                19.557678261936861
                            ],
                            [
                                -99.252361086592231,
                                19.557300994491342
                            ],
                            [
                                -99.253372317352756,
                                19.556860357945599
                            ],
                            [
                                -99.253630335506514,
                                19.556746130357965
                            ],
                            [
                                -99.25418936999688,
                                19.556498637582095
                            ],
                            [
                                -99.254131989837674,
                                19.556377399538299
                            ],
                            [
                                -99.253751104441065,
                                19.555572145523627
                            ],
                            [
                                -99.253633563918541,
                                19.555580445103708
                            ],
                            [
                                -99.253569675265538,
                                19.555397503541048
                            ],
                            [
                                -99.253383400529287,
                                19.555391305093963
                            ],
                            [
                                -99.253255567282082,
                                19.555432483941175
                            ],
                            [
                                -99.253040312246171,
                                19.555501823665558
                            ],
                            [
                                -99.252416268222802,
                                19.55567389763867
                            ],
                            [
                                -99.251129379271518,
                                19.554959485360758
                            ],
                            [
                                -99.251001947974629,
                                19.5548132374714
                            ],
                            [
                                -99.250794671268849,
                                19.554445309480176
                            ],
                            [
                                -99.250737597453707,
                                19.554260204082304
                            ],
                            [
                                -99.25074454975524,
                                19.554111379519352
                            ],
                            [
                                -99.250752988910165,
                                19.553930726281227
                            ],
                            [
                                -99.250646678909945,
                                19.553751291584806
                            ],
                            [
                                -99.250332462442913,
                                19.55373751181099
                            ],
                            [
                                -99.250300289073749,
                                19.55369500176753
                            ],
                            [
                                -99.250336153309249,
                                19.553494099374991
                            ],
                            [
                                -99.250400090282838,
                                19.553066586419085
                            ],
                            [
                                -99.250434834321567,
                                19.552977134299237
                            ],
                            [
                                -99.250517388984363,
                                19.552893739413275
                            ],
                            [
                                -99.250586196433773,
                                19.552860123446894
                            ],
                            [
                                -99.250708450037891,
                                19.552800396195366
                            ],
                            [
                                -99.250925341757366,
                                19.552702118041847
                            ],
                            [
                                -99.25100789602719,
                                19.552618722933403
                            ],
                            [
                                -99.251010269615406,
                                19.552482776651985
                            ],
                            [
                                -99.251191396393452,
                                19.552649085580967
                            ],
                            [
                                -99.251517272165415,
                                19.552849484704293
                            ],
                            [
                                -99.251620671670622,
                                19.552878733741679
                            ],
                            [
                                -99.251806754387403,
                                19.552907867449644
                            ],
                            [
                                -99.252013325392298,
                                19.552819400077428
                            ],
                            [
                                -99.252047802668741,
                                19.551726909291226
                            ],
                            [
                                -99.251674082693455,
                                19.550664380726118
                            ],
                            [
                                -99.251655762438006,
                                19.550513766706185
                            ],
                            [
                                -99.251637442218268,
                                19.550363152681502
                            ],
                            [
                                -99.251642397177235,
                                19.550225978055114
                            ],
                            [
                                -99.251849048491096,
                                19.550191398084817
                            ],
                            [
                                -99.251838188815839,
                                19.5498533927613
                            ],
                            [
                                -99.252000774309494,
                                19.549728245380681
                            ],
                            [
                                -99.252163359551815,
                                19.549603097854707
                            ],
                            [
                                -99.25252010637503,
                                19.54972017177742
                            ],
                            [
                                -99.252840199760442,
                                19.549528668927802
                            ],
                            [
                                -99.253434793890563,
                                19.549733587176746
                            ],
                            [
                                -99.254641422605175,
                                19.549852987248276
                            ],
                            [
                                -99.25475273856631,
                                19.549864001930843
                            ],
                            [
                                -99.255558467691714,
                                19.54959832597071
                            ],
                            [
                                -99.255663239384248,
                                19.549764021164776
                            ],
                            [
                                -99.255796771347818,
                                19.549975199798247
                            ],
                            [
                                -99.256004340858226,
                                19.550523576456534
                            ],
                            [
                                -99.256274464909581,
                                19.551414783252227
                            ],
                            [
                                -99.256408445388885,
                                19.551414593085429
                            ],
                            [
                                -99.25679122980597,
                                19.551414049228267
                            ],
                            [
                                -99.257090860316936,
                                19.551354836808922
                            ],
                            [
                                -99.257455657873322,
                                19.551097897879696
                            ],
                            [
                                -99.257583515015938,
                                19.551062511158165
                            ],
                            [
                                -99.257987673692881,
                                19.550928939835472
                            ],
                            [
                                -99.258371178809824,
                                19.550781706555121
                            ],
                            [
                                -99.25899392873454,
                                19.550587190328592
                            ],
                            [
                                -99.259038855117268,
                                19.550297667385923
                            ],
                            [
                                -99.259442146357244,
                                19.550268729412959
                            ],
                            [
                                -99.259940374579386,
                                19.550261167738483
                            ],
                            [
                                -99.260621166609269,
                                19.55016245944369
                            ],
                            [
                                -99.260672325728407,
                                19.55015086542614
                            ],
                            [
                                -99.261797348160215,
                                19.549895901335844
                            ],
                            [
                                -99.261833892690717,
                                19.550020740314078
                            ],
                            [
                                -99.26298946070672,
                                19.549650845498217
                            ],
                            [
                                -99.263398127351678,
                                19.549531817974806
                            ],
                            [
                                -99.263904921997124,
                                19.549370849671586
                            ],
                            [
                                -99.26392937032,
                                19.549363084342286
                            ],
                            [
                                -99.26439842709776,
                                19.549320818064899
                            ],
                            [
                                -99.264488062314683,
                                19.54931274097644
                            ],
                            [
                                -99.26475337392975,
                                19.549038881992512
                            ],
                            [
                                -99.264766753134708,
                                19.548885977415964
                            ],
                            [
                                -99.265224002401041,
                                19.548810689243446
                            ],
                            [
                                -99.265743205812569,
                                19.54872519855321
                            ],
                            [
                                -99.266034960990439,
                                19.54934276880617
                            ],
                            [
                                -99.26598035707184,
                                19.549981305352766
                            ],
                            [
                                -99.265958181427706,
                                19.550064159449168
                            ],
                            [
                                -99.266031483876915,
                                19.550118584286441
                            ],
                            [
                                -99.266073563730473,
                                19.550267248094375
                            ],
                            [
                                -99.265975778620032,
                                19.550825142627605
                            ],
                            [
                                -99.266450830293934,
                                19.550599095651108
                            ],
                            [
                                -99.266481578634071,
                                19.550442287321406
                            ],
                            [
                                -99.267039181222813,
                                19.55013773550689
                            ],
                            [
                                -99.267958238317632,
                                19.549666085447459
                            ],
                            [
                                -99.268386309481755,
                                19.549365156270202
                            ],
                            [
                                -99.268433105562323,
                                19.549332259026954
                            ],
                            [
                                -99.268639720305345,
                                19.548938978888661
                            ],
                            [
                                -99.268659765473359,
                                19.548900823867601
                            ],
                            [
                                -99.268730975976695,
                                19.548214879914529
                            ],
                            [
                                -99.270249336126128,
                                19.547673741864205
                            ],
                            [
                                -99.270258725135193,
                                19.547105462011199
                            ],
                            [
                                -99.270702934597807,
                                19.546987224625965
                            ],
                            [
                                -99.271478748032834,
                                19.547397563128918
                            ],
                            [
                                -99.272119470584272,
                                19.547367205982894
                            ],
                            [
                                -99.271992938757151,
                                19.545868350590077
                            ],
                            [
                                -99.272043858226766,
                                19.545417580310204
                            ],
                            [
                                -99.274898835643953,
                                19.545469337414559
                            ],
                            [
                                -99.275237492314133,
                                19.545500921890863
                            ],
                            [
                                -99.275609748499562,
                                19.545617926554687
                            ],
                            [
                                -99.276002824957757,
                                19.545823077794481
                            ],
                            [
                                -99.27614769722932,
                                19.545930630917631
                            ],
                            [
                                -99.276025292117595,
                                19.545958161051022
                            ],
                            [
                                -99.275818750920493,
                                19.546002548484424
                            ],
                            [
                                -99.275676930995175,
                                19.546137429281874
                            ],
                            [
                                -99.275666932773461,
                                19.546333319902956
                            ],
                            [
                                -99.275895750543825,
                                19.54723889406069
                            ],
                            [
                                -99.275912762666337,
                                19.547391192865337
                            ],
                            [
                                -99.276011147043064,
                                19.54827196011642
                            ],
                            [
                                -99.276164194983068,
                                19.550181510283508
                            ],
                            [
                                -99.276125517163962,
                                19.55065080016076
                            ],
                            [
                                -99.276020958993684,
                                19.551004405351662
                            ],
                            [
                                -99.275804721004874,
                                19.551425867495119
                            ],
                            [
                                -99.275288960780173,
                                19.551896754994836
                            ],
                            [
                                -99.274246719455789,
                                19.55261328535088
                            ],
                            [
                                -99.273875043133543,
                                19.552760755824789
                            ],
                            [
                                -99.273492886338062,
                                19.552820097549123
                            ],
                            [
                                -99.273069288913462,
                                19.552810944794853
                            ],
                            [
                                -99.272635212206794,
                                19.552713662999437
                            ],
                            [
                                -99.272294018489674,
                                19.552557477551144
                            ],
                            [
                                -99.271012022282179,
                                19.552006058251841
                            ],
                            [
                                -99.270712254330377,
                                19.551908570192989
                            ],
                            [
                                -99.270350589375056,
                                19.551865040009744
                            ],
                            [
                                -99.27011299658362,
                                19.55188008616879
                            ],
                            [
                                -99.269831152488734,
                                19.551908651396403
                            ],
                            [
                                -99.269596632522763,
                                19.551998382918672
                            ],
                            [
                                -99.269747077803686,
                                19.552385012009132
                            ],
                            [
                                -99.268249949538884,
                                19.552930796000915
                            ],
                            [
                                -99.26883407095923,
                                19.55317477153265
                            ],
                            [
                                -99.269892374477976,
                                19.552781442409611
                            ],
                            [
                                -99.270011721492423,
                                19.553104458237172
                            ],
                            [
                                -99.269980890630976,
                                19.553202441974754
                            ],
                            [
                                -99.268922560257536,
                                19.553581081017896
                            ],
                            [
                                -99.268416626484438,
                                19.553763018374191
                            ],
                            [
                                -99.268215182187845,
                                19.553773111447939
                            ],
                            [
                                -99.268039460988305,
                                19.553719506646797
                            ],
                            [
                                -99.267336480529224,
                                19.553446323265316
                            ],
                            [
                                -99.267424714884342,
                                19.553693774586339
                            ],
                            [
                                -99.267507753977384,
                                19.553935757899559
                            ],
                            [
                                -99.267100474998131,
                                19.554084070637177
                            ],
                            [
                                -99.266805642949876,
                                19.554191434505114
                            ],
                            [
                                -99.266966515775664,
                                19.554639261488141
                            ],
                            [
                                -99.267493009353601,
                                19.554717433040487
                            ],
                            [
                                -99.267704819212625,
                                19.554926555567604
                            ],
                            [
                                -99.267749761534049,
                                19.555126577492221
                            ],
                            [
                                -99.267752130719529,
                                19.55548338821967
                            ],
                            [
                                -99.267049788701186,
                                19.555406232148648
                            ],
                            [
                                -99.266594416620535,
                                19.555356205560162
                            ],
                            [
                                -99.266008866344407,
                                19.55546282961101
                            ]
                        ]
                    ]
                ]
            }
        },
        {
            "type": "Feature",
            "properties": {
                "REGIÓN": "13",
                "DIRECCIÓN": "ADMINISTRACION"
            },
            "geometry": {
                "type": "MultiPolygon",
                "coordinates": [
                    [
                        [
                            [
                                -99.250646678909945,
                                19.553751291584806
                            ],
                            [
                                -99.250752988910165,
                                19.553930726281227
                            ],
                            [
                                -99.25074454975524,
                                19.554111379519352
                            ],
                            [
                                -99.250737597453707,
                                19.554260204082304
                            ],
                            [
                                -99.250794671268849,
                                19.554445309480176
                            ],
                            [
                                -99.251001947974629,
                                19.5548132374714
                            ],
                            [
                                -99.251129379271518,
                                19.554959485360758
                            ],
                            [
                                -99.252416268222802,
                                19.55567389763867
                            ],
                            [
                                -99.253040312246171,
                                19.555501823665558
                            ],
                            [
                                -99.253255567282082,
                                19.555432483941175
                            ],
                            [
                                -99.253383400529287,
                                19.555391305093963
                            ],
                            [
                                -99.253569675265538,
                                19.555397503541048
                            ],
                            [
                                -99.253633563918541,
                                19.555580445103708
                            ],
                            [
                                -99.253751104441065,
                                19.555572145523627
                            ],
                            [
                                -99.254131989837674,
                                19.556377399538299
                            ],
                            [
                                -99.25418936999688,
                                19.556498637582095
                            ],
                            [
                                -99.253630335506514,
                                19.556746130357965
                            ],
                            [
                                -99.253372317352756,
                                19.556860357945599
                            ],
                            [
                                -99.252361086592231,
                                19.557300994491342
                            ],
                            [
                                -99.251421452905362,
                                19.557678261936861
                            ],
                            [
                                -99.251173967378307,
                                19.557714961586374
                            ],
                            [
                                -99.250797746604462,
                                19.557749127851611
                            ],
                            [
                                -99.250403419106661,
                                19.557696201762429
                            ],
                            [
                                -99.249516223661445,
                                19.557552397327051
                            ],
                            [
                                -99.248966761288557,
                                19.557474197901005
                            ],
                            [
                                -99.248417299425327,
                                19.557395996796402
                            ],
                            [
                                -99.247482681092862,
                                19.557334817671538
                            ],
                            [
                                -99.24651414295505,
                                19.557255978498628
                            ],
                            [
                                -99.246110365847443,
                                19.557228083989592
                            ],
                            [
                                -99.245697035234272,
                                19.557196322667608
                            ],
                            [
                                -99.244652075689544,
                                19.557090425100228
                            ],
                            [
                                -99.244483657408125,
                                19.557059601646024
                            ],
                            [
                                -99.244118819683152,
                                19.557001391562068
                            ],
                            [
                                -99.243753982211373,
                                19.556943180737818
                            ],
                            [
                                -99.243676138861503,
                                19.556830358290078
                            ],
                            [
                                -99.243656627207912,
                                19.556802078997343
                            ],
                            [
                                -99.243440323409573,
                                19.55648857741064
                            ],
                            [
                                -99.243333051194469,
                                19.556333101039169
                            ],
                            [
                                -99.24254659907912,
                                19.555308841211584
                            ],
                            [
                                -99.241952045548132,
                                19.554522849610645
                            ],
                            [
                                -99.241466641423628,
                                19.55389335585857
                            ],
                            [
                                -99.240968098569041,
                                19.552982984491457
                            ],
                            [
                                -99.240552292668738,
                                19.552223687090734
                            ],
                            [
                                -99.240657044225188,
                                19.552119041695292
                            ],
                            [
                                -99.240840123464096,
                                19.552076658188458
                            ],
                            [
                                -99.240340989715179,
                                19.551080477788066
                            ],
                            [
                                -99.240340989715179,
                                19.551080477788066
                            ],
                            [
                                -99.240340989714625,
                                19.551080477418488
                            ],
                            [
                                -99.240225731779546,
                                19.550850441517639
                            ],
                            [
                                -99.240208818888405,
                                19.550816686103524
                            ],
                            [
                                -99.240198635153916,
                                19.550794247042148
                            ],
                            [
                                -99.240198635014195,
                                19.550794247102715
                            ],
                            [
                                -99.240155302470058,
                                19.55069876715816
                            ],
                            [
                                -99.239991739070632,
                                19.550395747176143
                            ],
                            [
                                -99.239880728911913,
                                19.550190087364541
                            ],
                            [
                                -99.239821972755593,
                                19.550095940895151
                            ],
                            [
                                -99.239552790745449,
                                19.549664622108455
                            ],
                            [
                                -99.239492560966482,
                                19.549212382117382
                            ],
                            [
                                -99.23939509525303,
                                19.548480547540432
                            ],
                            [
                                -99.239288583425065,
                                19.547338998668895
                            ],
                            [
                                -99.239246428405494,
                                19.546887194166331
                            ],
                            [
                                -99.239264047114617,
                                19.546777608185131
                            ],
                            [
                                -99.23928498332991,
                                19.546506202203311
                            ],
                            [
                                -99.239209819950972,
                                19.546175928218354
                            ],
                            [
                                -99.239113425067956,
                                19.54591647662426
                            ],
                            [
                                -99.239002990078376,
                                19.545781776419258
                            ],
                            [
                                -99.238913891330213,
                                19.545647047926458
                            ],
                            [
                                -99.238831701421759,
                                19.545374092736836
                            ],
                            [
                                -99.238777900281775,
                                19.545060646069718
                            ],
                            [
                                -99.238815826195534,
                                19.544251517726494
                            ],
                            [
                                -99.238805182638188,
                                19.544025311705155
                            ],
                            [
                                -99.238795709854145,
                                19.543823987361392
                            ],
                            [
                                -99.23879013117481,
                                19.543705423857475
                            ],
                            [
                                -99.238813198966568,
                                19.543614982354246
                            ],
                            [
                                -99.238836266733202,
                                19.543524540847322
                            ],
                            [
                                -99.238828815422949,
                                19.54341208183606
                            ],
                            [
                                -99.239421735501352,
                                19.543304108925998
                            ],
                            [
                                -99.239829753000478,
                                19.543238175373524
                            ],
                            [
                                -99.23991318877431,
                                19.543298007611231
                            ],
                            [
                                -99.240315482157627,
                                19.543248428659684
                            ],
                            [
                                -99.240732080857001,
                                19.543155234834785
                            ],
                            [
                                -99.241131459114882,
                                19.543078411131468
                            ],
                            [
                                -99.241209155294257,
                                19.543143699793134
                            ],
                            [
                                -99.241605643030951,
                                19.543055980173591
                            ],
                            [
                                -99.242042366839001,
                                19.542968205787385
                            ],
                            [
                                -99.242220516449848,
                                19.542940720209707
                            ],
                            [
                                -99.242470289041805,
                                19.542760556142298
                            ],
                            [
                                -99.242763682738499,
                                19.542922280743699
                            ],
                            [
                                -99.242878169596651,
                                19.542916380343907
                            ],
                            [
                                -99.243007957397793,
                                19.54290969127922
                            ],
                            [
                                -99.243539860259062,
                                19.543046571507162
                            ],
                            [
                                -99.243997401310622,
                                19.543424684947361
                            ],
                            [
                                -99.244115290368143,
                                19.543459946557462
                            ],
                            [
                                -99.24429642896817,
                                19.54350874598321
                            ],
                            [
                                -99.244246812617604,
                                19.543800647280946
                            ],
                            [
                                -99.244097962532379,
                                19.544676351047261
                            ],
                            [
                                -99.24556870028519,
                                19.544862739366707
                            ],
                            [
                                -99.245793847981517,
                                19.544824756870124
                            ],
                            [
                                -99.245972791633321,
                                19.544893586542571
                            ],
                            [
                                -99.246102238736242,
                                19.545081791769636
                            ],
                            [
                                -99.246112450292117,
                                19.545263879994788
                            ],
                            [
                                -99.246099502746333,
                                19.545461698226248
                            ],
                            [
                                -99.246050015377577,
                                19.545587353312197
                            ],
                            [
                                -99.246003763667304,
                                19.545662768907796
                            ],
                            [
                                -99.24600061356459,
                                19.545769522720217
                            ],
                            [
                                -99.246096866697414,
                                19.545907538057946
                            ],
                            [
                                -99.246236183676558,
                                19.546051774029209
                            ],
                            [
                                -99.246448318958016,
                                19.546167653334276
                            ],
                            [
                                -99.246637176104059,
                                19.546220770338806
                            ],
                            [
                                -99.247143914842766,
                                19.546235776222513
                            ],
                            [
                                -99.247203815200933,
                                19.54642407574557
                            ],
                            [
                                -99.244011453008682,
                                19.547856291072918
                            ],
                            [
                                -99.244348040205281,
                                19.548021096371457
                            ],
                            [
                                -99.244959611512058,
                                19.548221447320305
                            ],
                            [
                                -99.246091671290543,
                                19.548639760917347
                            ],
                            [
                                -99.246749126793205,
                                19.548831627949884
                            ],
                            [
                                -99.246963268758478,
                                19.54891033376801
                            ],
                            [
                                -99.247067183453666,
                                19.54897622698148
                            ],
                            [
                                -99.247319593205461,
                                19.548947181586726
                            ],
                            [
                                -99.247544017206096,
                                19.549104905567816
                            ],
                            [
                                -99.248662360579061,
                                19.550481171065822
                            ],
                            [
                                -99.248662360579615,
                                19.550481171435425
                            ],
                            [
                                -99.248662360579615,
                                19.550481171435425
                            ],
                            [
                                -99.248662360579615,
                                19.550481171435425
                            ],
                            [
                                -99.248862435963815,
                                19.550619838522618
                            ],
                            [
                                -99.249086564202699,
                                19.550779416615672
                            ],
                            [
                                -99.250749481971113,
                                19.550091276901192
                            ],
                            [
                                -99.251811272973939,
                                19.54985927400195
                            ],
                            [
                                -99.251838188815839,
                                19.5498533927613
                            ],
                            [
                                -99.251849048491096,
                                19.550191398084817
                            ],
                            [
                                -99.251642397177235,
                                19.550225978055114
                            ],
                            [
                                -99.251637442218268,
                                19.550363152681502
                            ],
                            [
                                -99.251655762438006,
                                19.550513766706185
                            ],
                            [
                                -99.251674082693455,
                                19.550664380726118
                            ],
                            [
                                -99.252047802668741,
                                19.551726909291226
                            ],
                            [
                                -99.252013325392298,
                                19.552819400077428
                            ],
                            [
                                -99.251806754387403,
                                19.552907867449644
                            ],
                            [
                                -99.251620671670622,
                                19.552878733741679
                            ],
                            [
                                -99.251517272165415,
                                19.552849484704293
                            ],
                            [
                                -99.251191396393452,
                                19.552649085580967
                            ],
                            [
                                -99.251010269615406,
                                19.552482776651985
                            ],
                            [
                                -99.25100789602719,
                                19.552618722933403
                            ],
                            [
                                -99.250925341757366,
                                19.552702118041847
                            ],
                            [
                                -99.250708450037891,
                                19.552800396195366
                            ],
                            [
                                -99.250586196433773,
                                19.552860123446894
                            ],
                            [
                                -99.250517388984363,
                                19.552893739413275
                            ],
                            [
                                -99.250434834321567,
                                19.552977134299237
                            ],
                            [
                                -99.250400090282838,
                                19.553066586419085
                            ],
                            [
                                -99.250336153309249,
                                19.553494099374991
                            ],
                            [
                                -99.250300289073749,
                                19.55369500176753
                            ],
                            [
                                -99.250332462442913,
                                19.55373751181099
                            ],
                            [
                                -99.250646678909945,
                                19.553751291584806
                            ]
                        ]
                    ]
                ]
            }
        },
        {
            "type": "Feature",
            "properties": {
                "REGIÓN": "13.1",
                "DIRECCIÓN": "DERECHOS HUMANOS"
            },
            "geometry": {
                "type": "MultiPolygon",
                "coordinates": [
                    [
                        [
                            [
                                -99.236608816894091,
                                19.557338831958411
                            ],
                            [
                                -99.235900754520344,
                                19.556381821507721
                            ],
                            [
                                -99.235685411290206,
                                19.556512730487185
                            ],
                            [
                                -99.235353628830239,
                                19.556465710115123
                            ],
                            [
                                -99.235043817898571,
                                19.556439964807904
                            ],
                            [
                                -99.234656729262994,
                                19.556427705684921
                            ],
                            [
                                -99.234468256757538,
                                19.556437522460751
                            ],
                            [
                                -99.233869185405368,
                                19.556470205847763
                            ],
                            [
                                -99.233599877780975,
                                19.556441838634139
                            ],
                            [
                                -99.233415464642022,
                                19.556061652804644
                            ],
                            [
                                -99.233292809693822,
                                19.555808786447574
                            ],
                            [
                                -99.233245707438357,
                                19.555711679849633
                            ],
                            [
                                -99.234136563008235,
                                19.555307913668834
                            ],
                            [
                                -99.233975917426662,
                                19.554955545695766
                            ],
                            [
                                -99.23344366571159,
                                19.553901856355093
                            ],
                            [
                                -99.233434558555942,
                                19.553883826944073
                            ],
                            [
                                -99.233423860251207,
                                19.553857987188827
                            ],
                            [
                                -99.233100212194785,
                                19.553076271521331
                            ],
                            [
                                -99.232980878617994,
                                19.552711606974956
                            ],
                            [
                                -99.232426633964764,
                                19.551649695219908
                            ],
                            [
                                -99.232126286762934,
                                19.551131010720756
                            ],
                            [
                                -99.23203728303919,
                                19.550969826929233
                            ],
                            [
                                -99.231835786854688,
                                19.550630261077046
                            ],
                            [
                                -99.231522997920194,
                                19.550081401171511
                            ],
                            [
                                -99.231309642487858,
                                19.549560129663153
                            ],
                            [
                                -99.231529852174489,
                                19.549454589796955
                            ],
                            [
                                -99.231914414855737,
                                19.549265565957405
                            ],
                            [
                                -99.232155375153468,
                                19.549799017980749
                            ],
                            [
                                -99.232437633468834,
                                19.550312828914663
                            ],
                            [
                                -99.233057436772853,
                                19.550053807788885
                            ],
                            [
                                -99.233617240952512,
                                19.54980937528785
                            ],
                            [
                                -99.232905787969244,
                                19.548784051611953
                            ],
                            [
                                -99.233605186889136,
                                19.54872442286819
                            ],
                            [
                                -99.233568769566361,
                                19.548528718131628
                            ],
                            [
                                -99.233402958964334,
                                19.548098278416877
                            ],
                            [
                                -99.233355415653463,
                                19.547344695206448
                            ],
                            [
                                -99.23339821930179,
                                19.546879501343728
                            ],
                            [
                                -99.233356709439931,
                                19.546449128721402
                            ],
                            [
                                -99.233232490558919,
                                19.546221727580161
                            ],
                            [
                                -99.232818921397552,
                                19.545806288292983
                            ],
                            [
                                -99.232554982572935,
                                19.545339270582929
                            ],
                            [
                                -99.23344798530826,
                                19.545306309111712
                            ],
                            [
                                -99.235435291160059,
                                19.545225429309795
                            ],
                            [
                                -99.235786581267533,
                                19.54570810891947
                            ],
                            [
                                -99.236086307901118,
                                19.546111077889865
                            ],
                            [
                                -99.236572826300048,
                                19.54676517457715
                            ],
                            [
                                -99.237014699294093,
                                19.547359242225411
                            ],
                            [
                                -99.237315833827026,
                                19.547764093594431
                            ],
                            [
                                -99.237674262618299,
                                19.548245969184276
                            ],
                            [
                                -99.237999124531257,
                                19.548682713958339
                            ],
                            [
                                -99.238446498485288,
                                19.549284159195398
                            ],
                            [
                                -99.238960230100929,
                                19.549974808055065
                            ],
                            [
                                -99.239163715278252,
                                19.550248366741602
                            ],
                            [
                                -99.239218465328918,
                                19.550321970683967
                            ],
                            [
                                -99.239273215429421,
                                19.550395574608633
                            ],
                            [
                                -99.239515038216993,
                                19.550705127220223
                            ],
                            [
                                -99.239639272119376,
                                19.550881250552226
                            ],
                            [
                                -99.239763506292618,
                                19.551057373792471
                            ],
                            [
                                -99.24018139925748,
                                19.551657450256421
                            ],
                            [
                                -99.240306343365233,
                                19.551836863595536
                            ],
                            [
                                -99.240431287750525,
                                19.552016276841673
                            ],
                            [
                                -99.240552292668738,
                                19.552223687090734
                            ],
                            [
                                -99.240968098569041,
                                19.552982984491457
                            ],
                            [
                                -99.241466641423628,
                                19.55389335585857
                            ],
                            [
                                -99.241952045548132,
                                19.554522849610645
                            ],
                            [
                                -99.24254659907912,
                                19.555308841211584
                            ],
                            [
                                -99.243333051194469,
                                19.556333101039169
                            ],
                            [
                                -99.243440323409573,
                                19.55648857741064
                            ],
                            [
                                -99.243656627207912,
                                19.556802078997343
                            ],
                            [
                                -99.243676138861503,
                                19.556830358290078
                            ],
                            [
                                -99.243753982211373,
                                19.556943180737818
                            ],
                            [
                                -99.244118819683152,
                                19.557001391562068
                            ],
                            [
                                -99.244483657408125,
                                19.557059601646024
                            ],
                            [
                                -99.244652075689544,
                                19.557090425100228
                            ],
                            [
                                -99.245697035234272,
                                19.557196322667608
                            ],
                            [
                                -99.246110365847443,
                                19.557228083989592
                            ],
                            [
                                -99.24651414295505,
                                19.557255978498628
                            ],
                            [
                                -99.247482681092862,
                                19.557334817671538
                            ],
                            [
                                -99.248417299425327,
                                19.557395996796402
                            ],
                            [
                                -99.248966761288557,
                                19.557474197901005
                            ],
                            [
                                -99.249516223661445,
                                19.557552397327051
                            ],
                            [
                                -99.249361422380503,
                                19.558135783569597
                            ],
                            [
                                -99.249354538930348,
                                19.558161724535907
                            ],
                            [
                                -99.249011310782393,
                                19.559365366223336
                            ],
                            [
                                -99.248968923004242,
                                19.559531445328105
                            ],
                            [
                                -99.248956112852994,
                                19.559581636578269
                            ],
                            [
                                -99.248772764290493,
                                19.560221230653429
                            ],
                            [
                                -99.248528043918029,
                                19.561074906429422
                            ],
                            [
                                -99.24849255610583,
                                19.561212191597953
                            ],
                            [
                                -99.248474426539644,
                                19.561294146164169
                            ],
                            [
                                -99.248349885199772,
                                19.561817539733919
                            ],
                            [
                                -99.248302406437972,
                                19.562017071608821
                            ],
                            [
                                -99.248282735220727,
                                19.562122375830128
                            ],
                            [
                                -99.247616209634444,
                                19.562019894099784
                            ],
                            [
                                -99.247301049294137,
                                19.561671042127777
                            ],
                            [
                                -99.247210459706594,
                                19.5615707678432
                            ],
                            [
                                -99.246604640900202,
                                19.560919793000238
                            ],
                            [
                                -99.245423168361157,
                                19.559472799667073
                            ],
                            [
                                -99.245233591013985,
                                19.559240614070443
                            ],
                            [
                                -99.245044014211061,
                                19.559008428262789
                            ],
                            [
                                -99.244196342756297,
                                19.557608986313483
                            ],
                            [
                                -99.24360112195653,
                                19.558724833177671
                            ],
                            [
                                -99.243025591677551,
                                19.558638002381322
                            ],
                            [
                                -99.24237265387697,
                                19.558532741365681
                            ],
                            [
                                -99.242025002348043,
                                19.558536301759556
                            ],
                            [
                                -99.241819178834788,
                                19.558666127383614
                            ],
                            [
                                -99.241516710667128,
                                19.55858076930334
                            ],
                            [
                                -99.240768898663859,
                                19.558389353386801
                            ],
                            [
                                -99.24038745899179,
                                19.558290153370265
                            ],
                            [
                                -99.240355168260763,
                                19.558281428856851
                            ],
                            [
                                -99.239780987130445,
                                19.558126291851046
                            ],
                            [
                                -99.239449473143324,
                                19.558052653591176
                            ],
                            [
                                -99.239086840378079,
                                19.557972102229378
                            ],
                            [
                                -99.238597212772788,
                                19.557875712628256
                            ],
                            [
                                -99.237602045595253,
                                19.557688540877336
                            ],
                            [
                                -99.236792692750754,
                                19.557435724362243
                            ],
                            [
                                -99.236608816894091,
                                19.557338831958411
                            ]
                        ]
                    ]
                ]
            }
        },
        {
            "type": "Feature",
            "properties": {
                "REGIÓN": "14",
                "DIRECCIÓN": "JUVENTUD"
            },
            "geometry": {
                "type": "MultiPolygon",
                "coordinates": [
                    [
                        [
                            [
                                -99.236858554365242,
                                19.562606955463185
                            ],
                            [
                                -99.236608422645716,
                                19.562436904472893
                            ],
                            [
                                -99.236119695931663,
                                19.562304061662058
                            ],
                            [
                                -99.235629323411189,
                                19.562228909921931
                            ],
                            [
                                -99.235259195808339,
                                19.562187591910956
                            ],
                            [
                                -99.235024751069034,
                                19.562821830606385
                            ],
                            [
                                -99.23476852571541,
                                19.563338151170669
                            ],
                            [
                                -99.23412730080301,
                                19.563218499682506
                            ],
                            [
                                -99.233533088021275,
                                19.563124977334898
                            ],
                            [
                                -99.233660986844868,
                                19.562545909326058
                            ],
                            [
                                -99.233788884777923,
                                19.561966841198796
                            ],
                            [
                                -99.233205640970283,
                                19.561838772406276
                            ],
                            [
                                -99.233135370588045,
                                19.5618237290449
                            ],
                            [
                                -99.232723263364477,
                                19.561735505237703
                            ],
                            [
                                -99.232753628627307,
                                19.56151106438552
                            ],
                            [
                                -99.232700819295189,
                                19.561369842500476
                            ],
                            [
                                -99.232017215875146,
                                19.560644195723093
                            ],
                            [
                                -99.231260820144868,
                                19.559908925990651
                            ],
                            [
                                -99.230944763326264,
                                19.559614283793511
                            ],
                            [
                                -99.230834700294906,
                                19.559286133056016
                            ],
                            [
                                -99.230746577753067,
                                19.558871036299802
                            ],
                            [
                                -99.230675712586105,
                                19.558463529669211
                            ],
                            [
                                -99.229676810869179,
                                19.558507506035095
                            ],
                            [
                                -99.229938254534844,
                                19.557728464469246
                            ],
                            [
                                -99.230176940251056,
                                19.557007327675482
                            ],
                            [
                                -99.23020848861664,
                                19.556912515727689
                            ],
                            [
                                -99.230468507749734,
                                19.55622889855584
                            ],
                            [
                                -99.230151203000389,
                                19.556175859924107
                            ],
                            [
                                -99.23006147547126,
                                19.556156024157456
                            ],
                            [
                                -99.22919332541349,
                                19.555964102548163
                            ],
                            [
                                -99.228942029423791,
                                19.555579948244556
                            ],
                            [
                                -99.228764748801964,
                                19.555477536071898
                            ],
                            [
                                -99.228689396562984,
                                19.55571377567075
                            ],
                            [
                                -99.228587349855943,
                                19.555873937218085
                            ],
                            [
                                -99.228430141717254,
                                19.55600676145324
                            ],
                            [
                                -99.228398419635525,
                                19.555921304656199
                            ],
                            [
                                -99.228306338615042,
                                19.55591939671179
                            ],
                            [
                                -99.228211336349901,
                                19.555927464032376
                            ],
                            [
                                -99.228096738966627,
                                19.55591171437521
                            ],
                            [
                                -99.22808265469294,
                                19.55583225989345
                            ],
                            [
                                -99.227895422418129,
                                19.555832496295164
                            ],
                            [
                                -99.227783467173808,
                                19.55570813099445
                            ],
                            [
                                -99.227756569562587,
                                19.555571161732498
                            ],
                            [
                                -99.227744585961645,
                                19.555467374774413
                            ],
                            [
                                -99.227611405600186,
                                19.55546473723594
                            ],
                            [
                                -99.227613310473117,
                                19.555433809381466
                            ],
                            [
                                -99.227593247564457,
                                19.554741766536385
                            ],
                            [
                                -99.227726580699169,
                                19.554733859346051
                            ],
                            [
                                -99.227401695099644,
                                19.552173710661847
                            ],
                            [
                                -99.227102594818462,
                                19.550805833813197
                            ],
                            [
                                -99.226769515653714,
                                19.549420850386209
                            ],
                            [
                                -99.226646757140031,
                                19.548910399333828
                            ],
                            [
                                -99.226443813898356,
                                19.548986441284473
                            ],
                            [
                                -99.226395486135047,
                                19.548687698940679
                            ],
                            [
                                -99.225604904676104,
                                19.546564029471437
                            ],
                            [
                                -99.225457786419923,
                                19.546682021682997
                            ],
                            [
                                -99.22536113565512,
                                19.546684323926836
                            ],
                            [
                                -99.224693447152788,
                                19.546456083520528
                            ],
                            [
                                -99.224573783729596,
                                19.546458413965166
                            ],
                            [
                                -99.224559891568902,
                                19.546397345324671
                            ],
                            [
                                -99.224545999418908,
                                19.546336276682606
                            ],
                            [
                                -99.224672472987308,
                                19.546266306956948
                            ],
                            [
                                -99.22451322341405,
                                19.545932714068982
                            ],
                            [
                                -99.224763533327845,
                                19.54555061583525
                            ],
                            [
                                -99.225144693175224,
                                19.544937100386758
                            ],
                            [
                                -99.225273563516168,
                                19.544936939732647
                            ],
                            [
                                -99.225754532094314,
                                19.544940702608852
                            ],
                            [
                                -99.226421917629807,
                                19.544955138854331
                            ],
                            [
                                -99.226755630236667,
                                19.54497653668556
                            ],
                            [
                                -99.227114644540862,
                                19.54498917553353
                            ],
                            [
                                -99.227616297044037,
                                19.544973272689575
                            ],
                            [
                                -99.227715263300254,
                                19.544981874527441
                            ],
                            [
                                -99.228088042300897,
                                19.544963951134704
                            ],
                            [
                                -99.22837804658559,
                                19.544996309344221
                            ],
                            [
                                -99.228608135364141,
                                19.544969838649909
                            ],
                            [
                                -99.229432012735174,
                                19.544988428949811
                            ],
                            [
                                -99.229710455465323,
                                19.544981530191283
                            ],
                            [
                                -99.230138504535589,
                                19.544991893593636
                            ],
                            [
                                -99.230619445354463,
                                19.544976008796542
                            ],
                            [
                                -99.231020081334506,
                                19.544980000526994
                            ],
                            [
                                -99.231201672371455,
                                19.544981809513793
                            ],
                            [
                                -99.231146693730878,
                                19.544921098091208
                            ],
                            [
                                -99.231277297525864,
                                19.544634040345674
                            ],
                            [
                                -99.231739339859828,
                                19.543853245758484
                            ],
                            [
                                -99.231754775756457,
                                19.543803921560311
                            ],
                            [
                                -99.231807978157889,
                                19.543707775219403
                            ],
                            [
                                -99.232052822097998,
                                19.543345061097916
                            ],
                            [
                                -99.23291470593206,
                                19.541799960227539
                            ],
                            [
                                -99.232685916400712,
                                19.541576072780565
                            ],
                            [
                                -99.232657682982463,
                                19.541553735276342
                            ],
                            [
                                -99.232347720342304,
                                19.541308500655539
                            ],
                            [
                                -99.232428925306237,
                                19.541162089638444
                            ],
                            [
                                -99.232584145072295,
                                19.541216364412566
                            ],
                            [
                                -99.23290172234222,
                                19.541226707562441
                            ],
                            [
                                -99.233086951330122,
                                19.541215716474106
                            ],
                            [
                                -99.233249828278517,
                                19.541164063972957
                            ],
                            [
                                -99.233618930317093,
                                19.54066802635602
                            ],
                            [
                                -99.233736105261045,
                                19.540549884157898
                            ],
                            [
                                -99.233885200569588,
                                19.54037439081922
                            ],
                            [
                                -99.234105389089876,
                                19.540181949452691
                            ],
                            [
                                -99.23420120855242,
                                19.540050349972812
                            ],
                            [
                                -99.234272238784342,
                                19.539989576981519
                            ],
                            [
                                -99.234830863985493,
                                19.540231575484562
                            ],
                            [
                                -99.235268297306263,
                                19.540271460390599
                            ],
                            [
                                -99.235769643926261,
                                19.540247208783853
                            ],
                            [
                                -99.235795181268571,
                                19.540692168757516
                            ],
                            [
                                -99.235824073963272,
                                19.540998906719494
                            ],
                            [
                                -99.236208082667247,
                                19.540978178147313
                            ],
                            [
                                -99.236471185499013,
                                19.540954235875152
                            ],
                            [
                                -99.238081576560731,
                                19.540655458947764
                            ],
                            [
                                -99.238472059133954,
                                19.541876530639943
                            ],
                            [
                                -99.238603135382519,
                                19.54228641261594
                            ],
                            [
                                -99.238803184975765,
                                19.542909812910512
                            ],
                            [
                                -99.238828815422949,
                                19.54341208183606
                            ],
                            [
                                -99.238836266733202,
                                19.543524540847322
                            ],
                            [
                                -99.238813198966568,
                                19.543614982354246
                            ],
                            [
                                -99.23879013117481,
                                19.543705423857475
                            ],
                            [
                                -99.238795709854145,
                                19.543823987361392
                            ],
                            [
                                -99.238805182638188,
                                19.544025311705155
                            ],
                            [
                                -99.238815826195534,
                                19.544251517726494
                            ],
                            [
                                -99.238777900281775,
                                19.545060646069718
                            ],
                            [
                                -99.238831701421759,
                                19.545374092736836
                            ],
                            [
                                -99.238913891330213,
                                19.545647047926458
                            ],
                            [
                                -99.239002990078376,
                                19.545781776419258
                            ],
                            [
                                -99.239113425067956,
                                19.54591647662426
                            ],
                            [
                                -99.239209819950972,
                                19.546175928218354
                            ],
                            [
                                -99.23928498332991,
                                19.546506202203311
                            ],
                            [
                                -99.239264047114617,
                                19.546777608185131
                            ],
                            [
                                -99.239246428405494,
                                19.546887194166331
                            ],
                            [
                                -99.239288583425065,
                                19.547338998668895
                            ],
                            [
                                -99.23939509525303,
                                19.548480547540432
                            ],
                            [
                                -99.239492560966482,
                                19.549212382117382
                            ],
                            [
                                -99.239552790745449,
                                19.549664622108455
                            ],
                            [
                                -99.239821972755593,
                                19.550095940895151
                            ],
                            [
                                -99.239880728911913,
                                19.550190087364541
                            ],
                            [
                                -99.239991739070632,
                                19.550395747176143
                            ],
                            [
                                -99.240155302470058,
                                19.55069876715816
                            ],
                            [
                                -99.240198635014195,
                                19.550794247102715
                            ],
                            [
                                -99.240208818888959,
                                19.550816686473144
                            ],
                            [
                                -99.2402257317801,
                                19.550850441887249
                            ],
                            [
                                -99.240340989715179,
                                19.551080477788066
                            ],
                            [
                                -99.240840123464096,
                                19.552076658188458
                            ],
                            [
                                -99.240657044225188,
                                19.552119041695292
                            ],
                            [
                                -99.240552292668738,
                                19.552223687090734
                            ],
                            [
                                -99.240431287750525,
                                19.552016276841673
                            ],
                            [
                                -99.240306343365233,
                                19.551836863595536
                            ],
                            [
                                -99.24018139925748,
                                19.551657450256421
                            ],
                            [
                                -99.239763506292618,
                                19.551057373792471
                            ],
                            [
                                -99.239639272119376,
                                19.550881250552226
                            ],
                            [
                                -99.239515038216993,
                                19.550705127220223
                            ],
                            [
                                -99.239273215429421,
                                19.550395574608633
                            ],
                            [
                                -99.239218465328918,
                                19.550321970683967
                            ],
                            [
                                -99.239163715278252,
                                19.550248366741602
                            ],
                            [
                                -99.238960230100929,
                                19.549974808055065
                            ],
                            [
                                -99.238446498485288,
                                19.549284159195398
                            ],
                            [
                                -99.237999124531257,
                                19.548682713958339
                            ],
                            [
                                -99.237674262618299,
                                19.548245969184276
                            ],
                            [
                                -99.237315833827026,
                                19.547764093594431
                            ],
                            [
                                -99.237014699294093,
                                19.547359242225411
                            ],
                            [
                                -99.236572826300048,
                                19.54676517457715
                            ],
                            [
                                -99.236086307901118,
                                19.546111077889865
                            ],
                            [
                                -99.235786581267533,
                                19.54570810891947
                            ],
                            [
                                -99.235435291160059,
                                19.545225429309795
                            ],
                            [
                                -99.23344798530826,
                                19.545306309111712
                            ],
                            [
                                -99.232554982572935,
                                19.545339270582929
                            ],
                            [
                                -99.232818921397552,
                                19.545806288292983
                            ],
                            [
                                -99.233232490558919,
                                19.546221727580161
                            ],
                            [
                                -99.233356709439931,
                                19.546449128721402
                            ],
                            [
                                -99.23339821930179,
                                19.546879501343728
                            ],
                            [
                                -99.233355415653463,
                                19.547344695206448
                            ],
                            [
                                -99.233402958964334,
                                19.548098278416877
                            ],
                            [
                                -99.233568769566361,
                                19.548528718131628
                            ],
                            [
                                -99.233605186889136,
                                19.54872442286819
                            ],
                            [
                                -99.232905787969244,
                                19.548784051611953
                            ],
                            [
                                -99.233617240952512,
                                19.54980937528785
                            ],
                            [
                                -99.233057436772853,
                                19.550053807788885
                            ],
                            [
                                -99.232437633468834,
                                19.550312828914663
                            ],
                            [
                                -99.232155375153468,
                                19.549799017980749
                            ],
                            [
                                -99.231914414855737,
                                19.549265565957405
                            ],
                            [
                                -99.231529852174489,
                                19.549454589796955
                            ],
                            [
                                -99.231309642487858,
                                19.549560129663153
                            ],
                            [
                                -99.231522997920194,
                                19.550081401171511
                            ],
                            [
                                -99.231835786854688,
                                19.550630261077046
                            ],
                            [
                                -99.23203728303919,
                                19.550969826929233
                            ],
                            [
                                -99.232126286762934,
                                19.551131010720756
                            ],
                            [
                                -99.232426633964764,
                                19.551649695219908
                            ],
                            [
                                -99.232980878617994,
                                19.552711606974956
                            ],
                            [
                                -99.233100212194785,
                                19.553076271521331
                            ],
                            [
                                -99.233423860251207,
                                19.553857987188827
                            ],
                            [
                                -99.233434558555942,
                                19.553883826944073
                            ],
                            [
                                -99.23344366571159,
                                19.553901856355093
                            ],
                            [
                                -99.233975917426662,
                                19.554955545695766
                            ],
                            [
                                -99.234136563008235,
                                19.555307913668834
                            ],
                            [
                                -99.233245707438357,
                                19.555711679849633
                            ],
                            [
                                -99.233292809693822,
                                19.555808786447574
                            ],
                            [
                                -99.233415464642022,
                                19.556061652804644
                            ],
                            [
                                -99.233599877780975,
                                19.556441838634139
                            ],
                            [
                                -99.233869185405368,
                                19.556470205847763
                            ],
                            [
                                -99.234468256757538,
                                19.556437522460751
                            ],
                            [
                                -99.234656729262994,
                                19.556427705684921
                            ],
                            [
                                -99.235043817898571,
                                19.556439964807904
                            ],
                            [
                                -99.234852381361236,
                                19.556727372111883
                            ],
                            [
                                -99.234614274532532,
                                19.557327523225453
                            ],
                            [
                                -99.234554487279269,
                                19.557879582740835
                            ],
                            [
                                -99.234602647365151,
                                19.558597415572947
                            ],
                            [
                                -99.234550527247805,
                                19.558704831793975
                            ],
                            [
                                -99.234238483703294,
                                19.558890738318798
                            ],
                            [
                                -99.234026265782362,
                                19.559017171071517
                            ],
                            [
                                -99.233825189438335,
                                19.559136965612279
                            ],
                            [
                                -99.233615572384295,
                                19.559160249200826
                            ],
                            [
                                -99.233575213927963,
                                19.559182635941031
                            ],
                            [
                                -99.233445645725766,
                                19.55919556610581
                            ],
                            [
                                -99.232764963500955,
                                19.559087213011896
                            ],
                            [
                                -99.232941263964321,
                                19.559337157559096
                            ],
                            [
                                -99.233629177274494,
                                19.559693103032036
                            ],
                            [
                                -99.234618087359522,
                                19.560225132767009
                            ],
                            [
                                -99.235099270709796,
                                19.560507647045348
                            ],
                            [
                                -99.234639513532585,
                                19.560894169214205
                            ],
                            [
                                -99.234424843006195,
                                19.562025839465274
                            ],
                            [
                                -99.234523450066661,
                                19.562037570714665
                            ],
                            [
                                -99.235118668760094,
                                19.562108382504732
                            ],
                            [
                                -99.235669662611855,
                                19.562108466561419
                            ],
                            [
                                -99.235839340841437,
                                19.561551973398576
                            ],
                            [
                                -99.23631419488602,
                                19.561698740466067
                            ],
                            [
                                -99.236768591149328,
                                19.561845533107252
                            ],
                            [
                                -99.237621937485741,
                                19.561995678527065
                            ],
                            [
                                -99.237977602855992,
                                19.561431838661132
                            ],
                            [
                                -99.238403443304009,
                                19.561636844310819
                            ],
                            [
                                -99.238367383265029,
                                19.561696036384014
                            ],
                            [
                                -99.237762583996584,
                                19.562688798833101
                            ],
                            [
                                -99.237520519567298,
                                19.563062932886506
                            ],
                            [
                                -99.2371175698716,
                                19.562855950555118
                            ],
                            [
                                -99.236858554365242,
                                19.562606955463185
                            ]
                        ]
                    ]
                ]
            }
        },
        {
            "type": "Feature",
            "properties": {
                "REGIÓN": "15",
                "DIRECCIÓN": "DESARROLLO ECONÓMICO"
            },
            "geometry": {
                "type": "MultiPolygon",
                "coordinates": [
                    [
                        [
                            [
                                -99.234830863985493,
                                19.540231575484562
                            ],
                            [
                                -99.234272238784342,
                                19.539989576981519
                            ],
                            [
                                -99.234574279785235,
                                19.539684207458443
                            ],
                            [
                                -99.23481141048498,
                                19.539375243434122
                            ],
                            [
                                -99.235024940660708,
                                19.539168345609717
                            ],
                            [
                                -99.235039867932642,
                                19.53915388195697
                            ],
                            [
                                -99.23527313972852,
                                19.538885607351183
                            ],
                            [
                                -99.235312187336177,
                                19.538840700471059
                            ],
                            [
                                -99.235747119214309,
                                19.53841051772547
                            ],
                            [
                                -99.236072151559171,
                                19.538043042954659
                            ],
                            [
                                -99.236115898241835,
                                19.537871973657698
                            ],
                            [
                                -99.236083447587959,
                                19.537754602754074
                            ],
                            [
                                -99.236036730799199,
                                19.537447591566643
                            ],
                            [
                                -99.235982514901579,
                                19.537286815018096
                            ],
                            [
                                -99.236022380921199,
                                19.537096284599919
                            ],
                            [
                                -99.236093654029787,
                                19.536981354054472
                            ],
                            [
                                -99.236217134983264,
                                19.53675673318434
                            ],
                            [
                                -99.236252974122451,
                                19.536601732524495
                            ],
                            [
                                -99.236318583496825,
                                19.536317977830585
                            ],
                            [
                                -99.236359462926544,
                                19.536050220352113
                            ],
                            [
                                -99.236469678963246,
                                19.536098824066308
                            ],
                            [
                                -99.236544664409635,
                                19.536232198848914
                            ],
                            [
                                -99.236544664409109,
                                19.536232198477318
                            ],
                            [
                                -99.236544664409635,
                                19.536232198848914
                            ],
                            [
                                -99.236544664409635,
                                19.536232198848914
                            ],
                            [
                                -99.236544664409635,
                                19.536232198848914
                            ],
                            [
                                -99.236544664409635,
                                19.536232198848914
                            ],
                            [
                                -99.236544664409109,
                                19.536232198477318
                            ],
                            [
                                -99.236544664409635,
                                19.536232198848914
                            ],
                            [
                                -99.236544664409635,
                                19.536232198848914
                            ],
                            [
                                -99.236544664409635,
                                19.536232198848914
                            ],
                            [
                                -99.236544664409109,
                                19.536232198477318
                            ],
                            [
                                -99.236544664409109,
                                19.536232198477318
                            ],
                            [
                                -99.236544664409109,
                                19.536232198477318
                            ],
                            [
                                -99.236544664409109,
                                19.536232198477318
                            ],
                            [
                                -99.236544664409635,
                                19.536232198848914
                            ],
                            [
                                -99.236544664409109,
                                19.536232198477318
                            ],
                            [
                                -99.236544664409109,
                                19.536232198477318
                            ],
                            [
                                -99.236544664409635,
                                19.536232198848914
                            ],
                            [
                                -99.236544664409109,
                                19.536232198477318
                            ],
                            [
                                -99.236544664409109,
                                19.536232198477318
                            ],
                            [
                                -99.236544664409109,
                                19.536232198477318
                            ],
                            [
                                -99.236544664409635,
                                19.536232198848914
                            ],
                            [
                                -99.236544664409109,
                                19.536232198477318
                            ],
                            [
                                -99.236544664409109,
                                19.536232198477318
                            ],
                            [
                                -99.236469678962678,
                                19.536098823694701
                            ],
                            [
                                -99.236359462926004,
                                19.536050219980496
                            ],
                            [
                                -99.236357594735921,
                                19.535875872064302
                            ],
                            [
                                -99.236096905714376,
                                19.534718252468036
                            ],
                            [
                                -99.235940655741075,
                                19.534009507476391
                            ],
                            [
                                -99.235906852847037,
                                19.533846888277463
                            ],
                            [
                                -99.235837178601017,
                                19.533521519070501
                            ],
                            [
                                -99.235757133816932,
                                19.53314771916661
                            ],
                            [
                                -99.235601547636378,
                                19.532421144453789
                            ],
                            [
                                -99.235445962883489,
                                19.531694569534288
                            ],
                            [
                                -99.235329436597922,
                                19.531156804397124
                            ],
                            [
                                -99.235482779127153,
                                19.531221961051504
                            ],
                            [
                                -99.235740606751207,
                                19.531294024261914
                            ],
                            [
                                -99.235922032866441,
                                19.531339037107536
                            ],
                            [
                                -99.236093834891321,
                                19.531329762885228
                            ],
                            [
                                -99.236370542886419,
                                19.531257001985676
                            ],
                            [
                                -99.236693479146766,
                                19.531129555320991
                            ],
                            [
                                -99.236761675282409,
                                19.531102641644441
                            ],
                            [
                                -99.237186212047533,
                                19.530945974155582
                            ],
                            [
                                -99.237572484269393,
                                19.530732794037078
                            ],
                            [
                                -99.237853946626458,
                                19.530648712242471
                            ],
                            [
                                -99.238144970507477,
                                19.530575929801266
                            ],
                            [
                                -99.238338551358751,
                                19.530526713754831
                            ],
                            [
                                -99.238359658779629,
                                19.530521347384234
                            ],
                            [
                                -99.238668279509426,
                                19.530489359286147
                            ],
                            [
                                -99.238691305937522,
                                19.530486972608148
                            ],
                            [
                                -99.238975080677676,
                                19.530496137947015
                            ],
                            [
                                -99.239002991484668,
                                19.530497039384414
                            ],
                            [
                                -99.239027792127573,
                                19.530497840368902
                            ],
                            [
                                -99.23918775808859,
                                19.530554190701725
                            ],
                            [
                                -99.239347830803268,
                                19.530682940016188
                            ],
                            [
                                -99.239384638592682,
                                19.530739137566162
                            ],
                            [
                                -99.239521630276784,
                                19.530948293885075
                            ],
                            [
                                -99.239534383353572,
                                19.53096776500885
                            ],
                            [
                                -99.239697039985899,
                                19.531229996714107
                            ],
                            [
                                -99.239842852616135,
                                19.531397226585611
                            ],
                            [
                                -99.240088884489097,
                                19.531559798292946
                            ],
                            [
                                -99.240132736313612,
                                19.531578109614028
                            ],
                            [
                                -99.240315725849328,
                                19.531654520872461
                            ],
                            [
                                -99.240497130140085,
                                19.531683691801266
                            ],
                            [
                                -99.24068071780917,
                                19.531673249594721
                            ],
                            [
                                -99.240864305356979,
                                19.531662807207326
                            ],
                            [
                                -99.240795841220105,
                                19.531401194953713
                            ],
                            [
                                -99.241515955112817,
                                19.530894892772874
                            ],
                            [
                                -99.241877056997012,
                                19.530633119755567
                            ],
                            [
                                -99.244183931300384,
                                19.528960764144298
                            ],
                            [
                                -99.244931958118869,
                                19.528418472599633
                            ],
                            [
                                -99.245098693195757,
                                19.528909622221395
                            ],
                            [
                                -99.245180539000231,
                                19.528986999780461
                            ],
                            [
                                -99.245309257598706,
                                19.529177225577548
                            ],
                            [
                                -99.245388928997258,
                                19.529360875986267
                            ],
                            [
                                -99.245583232265787,
                                19.529683850027272
                            ],
                            [
                                -99.245777013339236,
                                19.530104112019412
                            ],
                            [
                                -99.24566115818736,
                                19.530257159291992
                            ],
                            [
                                -99.245441876630309,
                                19.530403578390569
                            ],
                            [
                                -99.245031277212703,
                                19.530658740604363
                            ],
                            [
                                -99.245044173883358,
                                19.530694146450028
                            ],
                            [
                                -99.245087459070078,
                                19.530750543695941
                            ],
                            [
                                -99.245140046429697,
                                19.530781467799475
                            ],
                            [
                                -99.245249871436982,
                                19.530830025902937
                            ],
                            [
                                -99.245418842889549,
                                19.530889129562816
                            ],
                            [
                                -99.245648960403557,
                                19.530928673786153
                            ],
                            [
                                -99.245827858731616,
                                19.53122253638081
                            ],
                            [
                                -99.2458646996852,
                                19.531283052039349
                            ],
                            [
                                -99.246050819802889,
                                19.531597180778434
                            ],
                            [
                                -99.245839734963951,
                                19.531760193876256
                            ],
                            [
                                -99.245489255939717,
                                19.531924492857982
                            ],
                            [
                                -99.245010728220976,
                                19.532130973742888
                            ],
                            [
                                -99.244917292152664,
                                19.532178984011558
                            ],
                            [
                                -99.24472903620611,
                                19.532315190513895
                            ],
                            [
                                -99.244482008934767,
                                19.532647618453048
                            ],
                            [
                                -99.244358686127967,
                                19.532860526984599
                            ],
                            [
                                -99.244217618476995,
                                19.532996553961858
                            ],
                            [
                                -99.244202334866486,
                                19.533011085568923
                            ],
                            [
                                -99.243968990707486,
                                19.533126526477485
                            ],
                            [
                                -99.244011299793726,
                                19.533310227837436
                            ],
                            [
                                -99.244056423080409,
                                19.533812735248397
                            ],
                            [
                                -99.244061699287457,
                                19.533992305411765
                            ],
                            [
                                -99.244071189206295,
                                19.534315283615278
                            ],
                            [
                                -99.244052571207959,
                                19.534554605899121
                            ],
                            [
                                -99.243999696166313,
                                19.534913148583914
                            ],
                            [
                                -99.243965017312547,
                                19.535145660892312
                            ],
                            [
                                -99.243921054059669,
                                19.535415822988838
                            ],
                            [
                                -99.243970372666965,
                                19.535601728803055
                            ],
                            [
                                -99.244016155316956,
                                19.535765499804413
                            ],
                            [
                                -99.243545133314484,
                                19.536226638202482
                            ],
                            [
                                -99.243431584718778,
                                19.536349089564773
                            ],
                            [
                                -99.24388898763128,
                                19.536276180509248
                            ],
                            [
                                -99.244017051659981,
                                19.53632248129113
                            ],
                            [
                                -99.244172503827798,
                                19.536472019763721
                            ],
                            [
                                -99.244327956281779,
                                19.536621558097004
                            ],
                            [
                                -99.244630108482795,
                                19.536889712639649
                            ],
                            [
                                -99.244728816258402,
                                19.536977313676832
                            ],
                            [
                                -99.244583297995192,
                                19.537999930905638
                            ],
                            [
                                -99.244761235250465,
                                19.538611592934966
                            ],
                            [
                                -99.244988478123886,
                                19.539411664306417
                            ],
                            [
                                -99.245184497722889,
                                19.53937137947284
                            ],
                            [
                                -99.245380517222202,
                                19.539331094427453
                            ],
                            [
                                -99.245400677108378,
                                19.539326388903284
                            ],
                            [
                                -99.245636420625672,
                                19.539271363760953
                            ],
                            [
                                -99.246221752823075,
                                19.53914921930442
                            ],
                            [
                                -99.246349659208079,
                                19.539089661996517
                            ],
                            [
                                -99.247076918025883,
                                19.539548581775996
                            ],
                            [
                                -99.247243771484065,
                                19.539653869987617
                            ],
                            [
                                -99.247486360944592,
                                19.539792958771837
                            ],
                            [
                                -99.247693504060678,
                                19.539903695268627
                            ],
                            [
                                -99.247957038913583,
                                19.540060070563449
                            ],
                            [
                                -99.248045134485679,
                                19.540112344220024
                            ],
                            [
                                -99.248211432731807,
                                19.540268465292318
                            ],
                            [
                                -99.248451458755696,
                                19.540480637854856
                            ],
                            [
                                -99.248613254580775,
                                19.540623260735114
                            ],
                            [
                                -99.248299402124402,
                                19.540882953328591
                            ],
                            [
                                -99.248407719823774,
                                19.541210662884808
                            ],
                            [
                                -99.248427132697216,
                                19.541269395371344
                            ],
                            [
                                -99.248504299832277,
                                19.541533098911824
                            ],
                            [
                                -99.248665827993349,
                                19.542058221741755
                            ],
                            [
                                -99.248675130601114,
                                19.542087961847987
                            ],
                            [
                                -99.24876466589312,
                                19.542374202394409
                            ],
                            [
                                -99.248873096212677,
                                19.542687895946308
                            ],
                            [
                                -99.248880927248265,
                                19.54310179333682
                            ],
                            [
                                -99.248855299983475,
                                19.543399446619102
                            ],
                            [
                                -99.248826969014473,
                                19.543728501449753
                            ],
                            [
                                -99.248814932897204,
                                19.543868296213621
                            ],
                            [
                                -99.248806472329974,
                                19.544059879972881
                            ],
                            [
                                -99.248796791874582,
                                19.544279086785302
                            ],
                            [
                                -99.248787111397078,
                                19.544498293962576
                            ],
                            [
                                -99.248811292055578,
                                19.544623342414894
                            ],
                            [
                                -99.248585819250266,
                                19.544639572718125
                            ],
                            [
                                -99.24859809931948,
                                19.544826041887497
                            ],
                            [
                                -99.248397707582185,
                                19.544831008464737
                            ],
                            [
                                -99.247820880249279,
                                19.544845303137631
                            ],
                            [
                                -99.247726661079696,
                                19.543829538817487
                            ],
                            [
                                -99.247726661079696,
                                19.543829538817487
                            ],
                            [
                                -99.247726661079696,
                                19.543829538817487
                            ],
                            [
                                -99.247726661079696,
                                19.543829538817487
                            ],
                            [
                                -99.247726661079128,
                                19.543829538446985
                            ],
                            [
                                -99.247726661079128,
                                19.543829538446985
                            ],
                            [
                                -99.247726661079696,
                                19.543829538817487
                            ],
                            [
                                -99.247726661079696,
                                19.543829538817487
                            ],
                            [
                                -99.247726661079696,
                                19.543829538817487
                            ],
                            [
                                -99.247726661079128,
                                19.543829538446985
                            ],
                            [
                                -99.247566507113135,
                                19.543955705206315
                            ],
                            [
                                -99.247402176346029,
                                19.543985365369103
                            ],
                            [
                                -99.2470886580562,
                                19.544394422175632
                            ],
                            [
                                -99.246811708413091,
                                19.544831132052018
                            ],
                            [
                                -99.246541684322096,
                                19.545018499884765
                            ],
                            [
                                -99.24609950274575,
                                19.54546169785581
                            ],
                            [
                                -99.246112450291562,
                                19.545263879624372
                            ],
                            [
                                -99.246102238735673,
                                19.545081791399177
                            ],
                            [
                                -99.245972791632767,
                                19.544893586172119
                            ],
                            [
                                -99.24579384798038,
                                19.544824756129248
                            ],
                            [
                                -99.245568700284636,
                                19.544862738996315
                            ],
                            [
                                -99.244097962531256,
                                19.544676350306403
                            ],
                            [
                                -99.244246812617064,
                                19.543800646910473
                            ],
                            [
                                -99.244296428907418,
                                19.543508745966843
                            ],
                            [
                                -99.244115290368143,
                                19.543459946557462
                            ],
                            [
                                -99.243997401310622,
                                19.543424684947361
                            ],
                            [
                                -99.243539860259062,
                                19.543046571507162
                            ],
                            [
                                -99.243007957397793,
                                19.54290969127922
                            ],
                            [
                                -99.242878169596651,
                                19.542916380343907
                            ],
                            [
                                -99.242763682738499,
                                19.542922280743699
                            ],
                            [
                                -99.242470289041805,
                                19.542760556142298
                            ],
                            [
                                -99.242220516449848,
                                19.542940720209707
                            ],
                            [
                                -99.242042366839001,
                                19.542968205787385
                            ],
                            [
                                -99.241605643030951,
                                19.543055980173591
                            ],
                            [
                                -99.241209155294257,
                                19.543143699793134
                            ],
                            [
                                -99.241131459114882,
                                19.543078411131468
                            ],
                            [
                                -99.240732080857001,
                                19.543155234834785
                            ],
                            [
                                -99.240315482157627,
                                19.543248428659684
                            ],
                            [
                                -99.23991318877431,
                                19.543298007611231
                            ],
                            [
                                -99.239829753000478,
                                19.543238175373524
                            ],
                            [
                                -99.239421735501352,
                                19.543304108925998
                            ],
                            [
                                -99.238828815422949,
                                19.54341208183606
                            ],
                            [
                                -99.238803184975765,
                                19.542909812910512
                            ],
                            [
                                -99.238603135382519,
                                19.54228641261594
                            ],
                            [
                                -99.238472059133954,
                                19.541876530639943
                            ],
                            [
                                -99.238081576560731,
                                19.540655458947764
                            ],
                            [
                                -99.236471185499013,
                                19.540954235875152
                            ],
                            [
                                -99.236208082667247,
                                19.540978178147313
                            ],
                            [
                                -99.235824073963272,
                                19.540998906719494
                            ],
                            [
                                -99.235795181268571,
                                19.540692168757516
                            ],
                            [
                                -99.235769643926261,
                                19.540247208783853
                            ],
                            [
                                -99.235268297306263,
                                19.540271460390599
                            ],
                            [
                                -99.234830863985493,
                                19.540231575484562
                            ]
                        ],
                        [
                            [
                                -99.243431584718678,
                                19.536349089564872
                            ],
                            [
                                -99.243431584718778,
                                19.536349089564773
                            ],
                            [
                                -99.243431584718678,
                                19.536349089564872
                            ],
                            [
                                -99.243431584718678,
                                19.536349089564872
                            ],
                            [
                                -99.243431584718678,
                                19.536349089564872
                            ],
                            [
                                -99.243431584718721,
                                19.536349089564837
                            ],
                            [
                                -99.243431584718678,
                                19.536349089564872
                            ]
                        ]
                    ]
                ]
            }
        },
        {
            "type": "Feature",
            "properties": {
                "REGIÓN": "16",
                "DIRECCIÓN": "CONTRALORÍA"
            },
            "geometry": {
                "type": "MultiPolygon",
                "coordinates": [
                    [
                        [
                            [
                                -99.273354740017041,
                                19.523157452035779
                            ],
                            [
                                -99.27317045247149,
                                19.523982670772742
                            ],
                            [
                                -99.273636965973012,
                                19.525187123965686
                            ],
                            [
                                -99.28161327628645,
                                19.527991157914595
                            ],
                            [
                                -99.281384392167865,
                                19.528645767333071
                            ],
                            [
                                -99.281158228800237,
                                19.529413009159374
                            ],
                            [
                                -99.280989550763891,
                                19.529983466133643
                            ],
                            [
                                -99.280440710259796,
                                19.532391138502692
                            ],
                            [
                                -99.280324359728141,
                                19.532839325797635
                            ],
                            [
                                -99.280280382636946,
                                19.533099774014492
                            ],
                            [
                                -99.280293258623701,
                                19.533540102588574
                            ],
                            [
                                -99.280245235926373,
                                19.533796727935673
                            ],
                            [
                                -99.280245552978471,
                                19.533980525085113
                            ],
                            [
                                -99.280189426093543,
                                19.534221846503744
                            ],
                            [
                                -99.280130653100017,
                                19.534421218093136
                            ],
                            [
                                -99.280117150475931,
                                19.534467022046876
                            ],
                            [
                                -99.279960224826482,
                                19.534808056632762
                            ],
                            [
                                -99.279766936043345,
                                19.535141489135938
                            ],
                            [
                                -99.279678523907506,
                                19.53539817681995
                            ],
                            [
                                -99.279650235890486,
                                19.535533420263629
                            ],
                            [
                                -99.279638465317234,
                                19.535589694656878
                            ],
                            [
                                -99.279582304053136,
                                19.535811870328612
                            ],
                            [
                                -99.2795504415311,
                                19.536072299562019
                            ],
                            [
                                -99.279413766669975,
                                19.536447764366162
                            ],
                            [
                                -99.279381916938462,
                                19.536715851769245
                            ],
                            [
                                -99.279245524228784,
                                19.537255967998025
                            ],
                            [
                                -99.279193176970196,
                                19.537347947672121
                            ],
                            [
                                -99.279181244654779,
                                19.537455181363342
                            ],
                            [
                                -99.279124950549203,
                                19.537600774741779
                            ],
                            [
                                -99.279129219731971,
                                19.53773478721488
                            ],
                            [
                                -99.279089087579862,
                                19.537884184730128
                            ],
                            [
                                -99.278940484223213,
                                19.538370711915313
                            ],
                            [
                                -99.278948936857518,
                                19.538588958474378
                            ],
                            [
                                -99.278852483261858,
                                19.538868632799005
                            ],
                            [
                                -99.278776046433123,
                                19.539044890063163
                            ],
                            [
                                -99.278748227539396,
                                19.539309141960221
                            ],
                            [
                                -99.27868791978841,
                                19.539470057837647
                            ],
                            [
                                -99.278658057324549,
                                19.539658376944011
                            ],
                            [
                                -99.278612001448764,
                                19.53994881434593
                            ],
                            [
                                -99.278074587643275,
                                19.542170528920689
                            ],
                            [
                                -99.27790014340836,
                                19.542902158184745
                            ],
                            [
                                -99.277725697644172,
                                19.543633787240619
                            ],
                            [
                                -99.277276897532715,
                                19.545725174915368
                            ],
                            [
                                -99.277179269838626,
                                19.546009762703235
                            ],
                            [
                                -99.277105638334376,
                                19.54641191686574
                            ],
                            [
                                -99.276867945698839,
                                19.546363312495025
                            ],
                            [
                                -99.276557753904171,
                                19.546207087374814
                            ],
                            [
                                -99.27629922508072,
                                19.546055679584853
                            ],
                            [
                                -99.276025292116984,
                                19.545958160680758
                            ],
                            [
                                -99.27614769722868,
                                19.545930630547275
                            ],
                            [
                                -99.276002824957132,
                                19.545823077424117
                            ],
                            [
                                -99.275609748498937,
                                19.545617926184338
                            ],
                            [
                                -99.275237492313494,
                                19.545500921520507
                            ],
                            [
                                -99.274898835643313,
                                19.545469337044207
                            ],
                            [
                                -99.272043858226141,
                                19.545417579939905
                            ],
                            [
                                -99.271992938756526,
                                19.545868350219852
                            ],
                            [
                                -99.272119470583647,
                                19.547367205612854
                            ],
                            [
                                -99.271478748032223,
                                19.547397562758842
                            ],
                            [
                                -99.27070293459721,
                                19.54698722425583
                            ],
                            [
                                -99.270258725134582,
                                19.547105461641046
                            ],
                            [
                                -99.270249336125516,
                                19.547673741494165
                            ],
                            [
                                -99.268730975976084,
                                19.548214879544535
                            ],
                            [
                                -99.268659765472748,
                                19.54890082349781
                            ],
                            [
                                -99.268639720304733,
                                19.548938978518791
                            ],
                            [
                                -99.268433105561712,
                                19.549332258657177
                            ],
                            [
                                -99.268386309481144,
                                19.549365155900418
                            ],
                            [
                                -99.267958238317021,
                                19.549666085077675
                            ],
                            [
                                -99.267039181222216,
                                19.550137735137188
                            ],
                            [
                                -99.266481578633488,
                                19.550442286951693
                            ],
                            [
                                -99.266450830293323,
                                19.550599095281498
                            ],
                            [
                                -99.265975778619449,
                                19.550825142258002
                            ],
                            [
                                -99.266073563729861,
                                19.550267247724666
                            ],
                            [
                                -99.266031483876333,
                                19.5501185839166
                            ],
                            [
                                -99.265958181427095,
                                19.550064159079444
                            ],
                            [
                                -99.265980357071257,
                                19.549981304983046
                            ],
                            [
                                -99.266034960989842,
                                19.549342768436297
                            ],
                            [
                                -99.265743205811958,
                                19.548725198183359
                            ],
                            [
                                -99.265224002400444,
                                19.548810688873573
                            ],
                            [
                                -99.264766753134111,
                                19.548885977046105
                            ],
                            [
                                -99.264753373929153,
                                19.549038881622611
                            ],
                            [
                                -99.264488062314072,
                                19.549312740606673
                            ],
                            [
                                -99.264398427097177,
                                19.549320817695079
                            ],
                            [
                                -99.263929370319389,
                                19.549363083972505
                            ],
                            [
                                -99.263904921996541,
                                19.549370849301809
                            ],
                            [
                                -99.263398127351095,
                                19.549531817605008
                            ],
                            [
                                -99.262989460706137,
                                19.549650845128426
                            ],
                            [
                                -99.261833892690106,
                                19.550020739944355
                            ],
                            [
                                -99.261797348159618,
                                19.549895900966053
                            ],
                            [
                                -99.260672325727825,
                                19.550150865056384
                            ],
                            [
                                -99.260621166608686,
                                19.550162459074009
                            ],
                            [
                                -99.25994037457879,
                                19.550261167368795
                            ],
                            [
                                -99.259442146356662,
                                19.550268729043232
                            ],
                            [
                                -99.259038855116671,
                                19.550297667016309
                            ],
                            [
                                -99.258993928733972,
                                19.550587189958879
                            ],
                            [
                                -99.258371178809242,
                                19.550781706185504
                            ],
                            [
                                -99.257987673692298,
                                19.550928939465951
                            ],
                            [
                                -99.257583515015355,
                                19.55106251078865
                            ],
                            [
                                -99.25745565787274,
                                19.551097897510118
                            ],
                            [
                                -99.257090860316353,
                                19.551354836439408
                            ],
                            [
                                -99.256791229805387,
                                19.551414048858717
                            ],
                            [
                                -99.256408445388303,
                                19.551414592715926
                            ],
                            [
                                -99.256274464909012,
                                19.551414782882723
                            ],
                            [
                                -99.256004340857643,
                                19.550523576086913
                            ],
                            [
                                -99.255796771347249,
                                19.549975199428534
                            ],
                            [
                                -99.255663239383679,
                                19.549764020795092
                            ],
                            [
                                -99.255558467691131,
                                19.549598325601021
                            ],
                            [
                                -99.254752738565742,
                                19.549864001561051
                            ],
                            [
                                -99.254641422604593,
                                19.549852986878488
                            ],
                            [
                                -99.253434793889966,
                                19.549733586806916
                            ],
                            [
                                -99.252840199759859,
                                19.549528668558011
                            ],
                            [
                                -99.252520106374462,
                                19.549720171407596
                            ],
                            [
                                -99.252163359551247,
                                19.549603097484994
                            ],
                            [
                                -99.252000774308911,
                                19.5497282450109
                            ],
                            [
                                -99.25183818881527,
                                19.549853392391512
                            ],
                            [
                                -99.25181127297337,
                                19.549859273632268
                            ],
                            [
                                -99.250749481970544,
                                19.550091276531369
                            ],
                            [
                                -99.24908656420213,
                                19.550779416246016
                            ],
                            [
                                -99.248862435963261,
                                19.550619838153036
                            ],
                            [
                                -99.248662360579061,
                                19.550481171065822
                            ],
                            [
                                -99.247544017206096,
                                19.549104905567816
                            ],
                            [
                                -99.247319593205461,
                                19.548947181586726
                            ],
                            [
                                -99.247067183453666,
                                19.54897622698148
                            ],
                            [
                                -99.246963268758478,
                                19.54891033376801
                            ],
                            [
                                -99.246749126793205,
                                19.548831627949884
                            ],
                            [
                                -99.246091671290543,
                                19.548639760917347
                            ],
                            [
                                -99.244959611512058,
                                19.548221447320305
                            ],
                            [
                                -99.244348040205281,
                                19.548021096371457
                            ],
                            [
                                -99.244011452614075,
                                19.5478562908797
                            ],
                            [
                                -99.247203815200379,
                                19.546424075375391
                            ],
                            [
                                -99.247143914842212,
                                19.546235775852271
                            ],
                            [
                                -99.246637176103505,
                                19.546220769968556
                            ],
                            [
                                -99.246448318957476,
                                19.546167652964023
                            ],
                            [
                                -99.24623618367599,
                                19.546051773658931
                            ],
                            [
                                -99.246096866696845,
                                19.545907537687707
                            ],
                            [
                                -99.246000613564036,
                                19.545769522349886
                            ],
                            [
                                -99.246003763666749,
                                19.545662768537476
                            ],
                            [
                                -99.246050015377023,
                                19.545587352941897
                            ],
                            [
                                -99.24609950274575,
                                19.54546169785581
                            ],
                            [
                                -99.246541684322096,
                                19.545018499884765
                            ],
                            [
                                -99.246811708413091,
                                19.544831132052018
                            ],
                            [
                                -99.2470886580562,
                                19.544394422175632
                            ],
                            [
                                -99.247402176346029,
                                19.543985365369103
                            ],
                            [
                                -99.247566507113135,
                                19.543955705206315
                            ],
                            [
                                -99.247726661079128,
                                19.543829538446985
                            ],
                            [
                                -99.247820880249279,
                                19.544845303137631
                            ],
                            [
                                -99.248397707581631,
                                19.544831008094263
                            ],
                            [
                                -99.248598099318869,
                                19.544826041517084
                            ],
                            [
                                -99.248585819249712,
                                19.544639572347727
                            ],
                            [
                                -99.24881129212568,
                                19.544623342409871
                            ],
                            [
                                -99.248787111396595,
                                19.544498293592127
                            ],
                            [
                                -99.248796791874568,
                                19.544279086785302
                            ],
                            [
                                -99.248806472330017,
                                19.544059879972988
                            ],
                            [
                                -99.248814932897176,
                                19.543868296213621
                            ],
                            [
                                -99.248826969013976,
                                19.543728501079272
                            ],
                            [
                                -99.248855299982907,
                                19.543399446248483
                            ],
                            [
                                -99.248880927247711,
                                19.543101792966144
                            ],
                            [
                                -99.248873096212122,
                                19.542687895575575
                            ],
                            [
                                -99.248764665893162,
                                19.542374202425844
                            ],
                            [
                                -99.248675130601171,
                                19.542087961879457
                            ],
                            [
                                -99.24866582799342,
                                19.542058221773193
                            ],
                            [
                                -99.248504299832348,
                                19.541533098943244
                            ],
                            [
                                -99.248427132697259,
                                19.541269395402825
                            ],
                            [
                                -99.248407719823831,
                                19.541210662916235
                            ],
                            [
                                -99.248299402124459,
                                19.540882953359926
                            ],
                            [
                                -99.248613254580832,
                                19.540623260735092
                            ],
                            [
                                -99.24845145886438,
                                19.540480637950704
                            ],
                            [
                                -99.248211432731765,
                                19.540268465292318
                            ],
                            [
                                -99.248045134485679,
                                19.540112344219974
                            ],
                            [
                                -99.247957038913569,
                                19.540060070563449
                            ],
                            [
                                -99.247693504060734,
                                19.539903695268627
                            ],
                            [
                                -99.247486360944549,
                                19.539792958771777
                            ],
                            [
                                -99.247243771484108,
                                19.539653869987617
                            ],
                            [
                                -99.247076918025883,
                                19.539548581775996
                            ],
                            [
                                -99.246349659208036,
                                19.53908966199657
                            ],
                            [
                                -99.246221752823132,
                                19.53914921930442
                            ],
                            [
                                -99.245636420625715,
                                19.539271363760953
                            ],
                            [
                                -99.245400677108393,
                                19.539326388903284
                            ],
                            [
                                -99.245380517222145,
                                19.539331094427563
                            ],
                            [
                                -99.245184497722875,
                                19.539371379472922
                            ],
                            [
                                -99.244988478123915,
                                19.539411664306417
                            ],
                            [
                                -99.244761235250508,
                                19.538611592934856
                            ],
                            [
                                -99.244583297995234,
                                19.537999930905638
                            ],
                            [
                                -99.244728816258402,
                                19.536977313676832
                            ],
                            [
                                -99.244630108482738,
                                19.536889712639649
                            ],
                            [
                                -99.244327956281765,
                                19.536621558097004
                            ],
                            [
                                -99.244172503827727,
                                19.536472019763721
                            ],
                            [
                                -99.244017051659966,
                                19.53632248129113
                            ],
                            [
                                -99.243888987631237,
                                19.536276180509248
                            ],
                            [
                                -99.243431584718678,
                                19.536349089564872
                            ],
                            [
                                -99.243545133314484,
                                19.536226638202482
                            ],
                            [
                                -99.244016155316956,
                                19.535765499804413
                            ],
                            [
                                -99.243970372666965,
                                19.535601728803055
                            ],
                            [
                                -99.243921054059669,
                                19.535415822988838
                            ],
                            [
                                -99.243965017312547,
                                19.535145660892312
                            ],
                            [
                                -99.243999696166313,
                                19.534913148583914
                            ],
                            [
                                -99.244052571207959,
                                19.534554605899121
                            ],
                            [
                                -99.244071189206295,
                                19.534315283615278
                            ],
                            [
                                -99.244061699287457,
                                19.533992305411765
                            ],
                            [
                                -99.244056423080409,
                                19.533812735248397
                            ],
                            [
                                -99.244011299793726,
                                19.533310227837436
                            ],
                            [
                                -99.243968990707486,
                                19.533126526477485
                            ],
                            [
                                -99.244202334866486,
                                19.533011085568923
                            ],
                            [
                                -99.244217618476995,
                                19.532996553961858
                            ],
                            [
                                -99.244358686127967,
                                19.532860526984599
                            ],
                            [
                                -99.244482008934767,
                                19.532647618453048
                            ],
                            [
                                -99.24472903620611,
                                19.532315190513895
                            ],
                            [
                                -99.244917292152664,
                                19.532178984011558
                            ],
                            [
                                -99.245010728220976,
                                19.532130973742888
                            ],
                            [
                                -99.245489255939717,
                                19.531924492857982
                            ],
                            [
                                -99.245839734963951,
                                19.531760193876256
                            ],
                            [
                                -99.246050819802889,
                                19.531597180778434
                            ],
                            [
                                -99.246050819802889,
                                19.531597180778434
                            ],
                            [
                                -99.246050819802335,
                                19.531597180406141
                            ],
                            [
                                -99.246050819802889,
                                19.531597180778434
                            ],
                            [
                                -99.246050819802335,
                                19.531597180406141
                            ],
                            [
                                -99.246050819802889,
                                19.531597180778434
                            ],
                            [
                                -99.246050819802889,
                                19.531597180778434
                            ],
                            [
                                -99.246050819802335,
                                19.531597180406141
                            ],
                            [
                                -99.246050819802335,
                                19.531597180406141
                            ],
                            [
                                -99.246050819802889,
                                19.531597180778434
                            ],
                            [
                                -99.246050819802889,
                                19.531597180778434
                            ],
                            [
                                -99.246050819802889,
                                19.531597180778434
                            ],
                            [
                                -99.246050819802889,
                                19.531597180778434
                            ],
                            [
                                -99.246050819802335,
                                19.531597180406141
                            ],
                            [
                                -99.245864699684645,
                                19.531283051667121
                            ],
                            [
                                -99.245827858731062,
                                19.531222536008567
                            ],
                            [
                                -99.245648960402974,
                                19.530928673413833
                            ],
                            [
                                -99.245418842888981,
                                19.530889129190484
                            ],
                            [
                                -99.245249871436428,
                                19.530830025530644
                            ],
                            [
                                -99.245140046429142,
                                19.530781467427104
                            ],
                            [
                                -99.245087459069524,
                                19.530750543323609
                            ],
                            [
                                -99.245044173882803,
                                19.530694146077686
                            ],
                            [
                                -99.245031277212135,
                                19.530658740232024
                            ],
                            [
                                -99.245441876629741,
                                19.530403578018159
                            ],
                            [
                                -99.245661158186792,
                                19.530257158919589
                            ],
                            [
                                -99.245777013338696,
                                19.530104111646999
                            ],
                            [
                                -99.245583232265233,
                                19.529683849654852
                            ],
                            [
                                -99.246444661352911,
                                19.529333693584022
                            ],
                            [
                                -99.247036594099811,
                                19.529733829657051
                            ],
                            [
                                -99.247302202768395,
                                19.530001895090034
                            ],
                            [
                                -99.24765342470657,
                                19.530008209919107
                            ],
                            [
                                -99.24799347007081,
                                19.529735917318572
                            ],
                            [
                                -99.24775996967675,
                                19.529372669643976
                            ],
                            [
                                -99.247663181785924,
                                19.529355813118087
                            ],
                            [
                                -99.247243166412829,
                                19.528887487422935
                            ],
                            [
                                -99.248002193878278,
                                19.528407353607815
                            ],
                            [
                                -99.248375522522068,
                                19.528811182924663
                            ],
                            [
                                -99.248908941445436,
                                19.528443483565393
                            ],
                            [
                                -99.249019803611361,
                                19.528290428513706
                            ],
                            [
                                -99.24922748935181,
                                19.528178013906736
                            ],
                            [
                                -99.249162679682996,
                                19.52798102906187
                            ],
                            [
                                -99.249858030988065,
                                19.528048025984816
                            ],
                            [
                                -99.250001464536297,
                                19.528102192980082
                            ],
                            [
                                -99.250399307794268,
                                19.528132222849461
                            ],
                            [
                                -99.250557123743633,
                                19.528216949952775
                            ],
                            [
                                -99.251051875647789,
                                19.528341983291064
                            ],
                            [
                                -99.251546375844811,
                                19.528303919772402
                            ],
                            [
                                -99.251703876785641,
                                19.528184776498442
                            ],
                            [
                                -99.252198455425003,
                                19.528197678542835
                            ],
                            [
                                -99.252563860680397,
                                19.52810882484275
                            ],
                            [
                                -99.253262575123131,
                                19.528033095098767
                            ],
                            [
                                -99.253875071995253,
                                19.527824968393126
                            ],
                            [
                                -99.255006750636355,
                                19.527323894691076
                            ],
                            [
                                -99.25505660824679,
                                19.527123352401187
                            ],
                            [
                                -99.255264368295386,
                                19.527061898242295
                            ],
                            [
                                -99.255109893028745,
                                19.526551603386078
                            ],
                            [
                                -99.255087328624086,
                                19.52629066991539
                            ],
                            [
                                -99.255289492812551,
                                19.525817499885584
                            ],
                            [
                                -99.255370891684905,
                                19.525587860593649
                            ],
                            [
                                -99.255335576364672,
                                19.525388894549909
                            ],
                            [
                                -99.255257370136917,
                                19.525211677965785
                            ],
                            [
                                -99.255080144187474,
                                19.524957283977226
                            ],
                            [
                                -99.254614116582033,
                                19.524491455039001
                            ],
                            [
                                -99.254500970162937,
                                19.524384907437462
                            ],
                            [
                                -99.254503454697939,
                                19.524318910379591
                            ],
                            [
                                -99.254588668338371,
                                19.524164913578964
                            ],
                            [
                                -99.255367196121725,
                                19.523331994729524
                            ],
                            [
                                -99.255484884198609,
                                19.523206083460586
                            ],
                            [
                                -99.255568154449975,
                                19.523203654874816
                            ],
                            [
                                -99.256123855159586,
                                19.523187446820621
                            ],
                            [
                                -99.256232840711931,
                                19.523116361599175
                            ],
                            [
                                -99.256241808557974,
                                19.52309758085218
                            ],
                            [
                                -99.256388181263276,
                                19.522791041826853
                            ],
                            [
                                -99.256799273645385,
                                19.522562888772118
                            ],
                            [
                                -99.257369231515639,
                                19.52226948883192
                            ],
                            [
                                -99.257705582378549,
                                19.522085771853426
                            ],
                            [
                                -99.258181424353879,
                                19.521782324977544
                            ],
                            [
                                -99.258262970157276,
                                19.521730322560185
                            ],
                            [
                                -99.258635048169879,
                                19.521524531356636
                            ],
                            [
                                -99.258742425167625,
                                19.521465142385253
                            ],
                            [
                                -99.258977169742238,
                                19.5213353075128
                            ],
                            [
                                -99.259096045602064,
                                19.521269558270692
                            ],
                            [
                                -99.25942939565364,
                                19.521161206400311
                            ],
                            [
                                -99.259698784856596,
                                19.521014524922784
                            ],
                            [
                                -99.259759465315383,
                                19.520950895579102
                            ],
                            [
                                -99.259701613897661,
                                19.52083423836093
                            ],
                            [
                                -99.25957686697933,
                                19.520793041152459
                            ],
                            [
                                -99.259391312301304,
                                19.520735676107495
                            ],
                            [
                                -99.259438757519177,
                                19.520622011117855
                            ],
                            [
                                -99.259504477266177,
                                19.520464565372588
                            ],
                            [
                                -99.259543999585233,
                                19.520470982824111
                            ],
                            [
                                -99.259971188239561,
                                19.52054037138819
                            ],
                            [
                                -99.26019697181907,
                                19.519471810790105
                            ],
                            [
                                -99.260578262584787,
                                19.519527905548543
                            ],
                            [
                                -99.260658226895643,
                                19.519535518840215
                            ],
                            [
                                -99.260894212422286,
                                19.519489255713474
                            ],
                            [
                                -99.261116316254459,
                                19.519474024334126
                            ],
                            [
                                -99.261267722570352,
                                19.519501763487511
                            ],
                            [
                                -99.261385834328365,
                                19.519605968678412
                            ],
                            [
                                -99.261457597701238,
                                19.519807915684826
                            ],
                            [
                                -99.261525503156079,
                                19.519632863277227
                            ],
                            [
                                -99.261664452437699,
                                19.51937837220585
                            ],
                            [
                                -99.261945134612418,
                                19.519025500654266
                            ],
                            [
                                -99.2619580576837,
                                19.519009093245536
                            ],
                            [
                                -99.262039466429059,
                                19.519022174103092
                            ],
                            [
                                -99.262498403287083,
                                19.519095924500164
                            ],
                            [
                                -99.262549881723331,
                                19.519104196696148
                            ],
                            [
                                -99.262601360164624,
                                19.519112468877314
                            ],
                            [
                                -99.263066031945158,
                                19.519187148936346
                            ],
                            [
                                -99.263220885566554,
                                19.519212036297379
                            ],
                            [
                                -99.263640045257517,
                                19.519279375434021
                            ],
                            [
                                -99.2637174039087,
                                19.519291814585333
                            ],
                            [
                                -99.26380207472593,
                                19.519305427238834
                            ],
                            [
                                -99.264151705090526,
                                19.51937843746769
                            ],
                            [
                                -99.264137685456845,
                                19.519498146786901
                            ],
                            [
                                -99.26413084950984,
                                19.519556516764247
                            ],
                            [
                                -99.264129005871041,
                                19.51960267331626
                            ],
                            [
                                -99.264124440123922,
                                19.519716979311593
                            ],
                            [
                                -99.264013384293833,
                                19.51970245624139
                            ],
                            [
                                -99.263969358573121,
                                19.519953994293232
                            ],
                            [
                                -99.263718983906614,
                                19.521384478389276
                            ],
                            [
                                -99.2634265581341,
                                19.521411314849008
                            ],
                            [
                                -99.263393189717689,
                                19.521500929313248
                            ],
                            [
                                -99.263299854741405,
                                19.521583203380267
                            ],
                            [
                                -99.26299659754072,
                                19.521549060193401
                            ],
                            [
                                -99.262415125392835,
                                19.521459120649254
                            ],
                            [
                                -99.261817706366656,
                                19.521375686907849
                            ],
                            [
                                -99.26149621218822,
                                19.521341567599798
                            ],
                            [
                                -99.261218067266043,
                                19.521329000410784
                            ],
                            [
                                -99.260938370311933,
                                19.521424603595094
                            ],
                            [
                                -99.260328147911125,
                                19.521734241475901
                            ],
                            [
                                -99.260302293597675,
                                19.521747496319552
                            ],
                            [
                                -99.259867186574752,
                                19.521946982923492
                            ],
                            [
                                -99.25932497658782,
                                19.522174722009499
                            ],
                            [
                                -99.259305380021459,
                                19.522300368794355
                            ],
                            [
                                -99.25926630376172,
                                19.522550912445951
                            ],
                            [
                                -99.259420073149897,
                                19.522938862768989
                            ],
                            [
                                -99.259499677422227,
                                19.52307799109354
                            ],
                            [
                                -99.259199090784989,
                                19.523290252185678
                            ],
                            [
                                -99.258884804286993,
                                19.523489563214454
                            ],
                            [
                                -99.259228740397262,
                                19.523748820768787
                            ],
                            [
                                -99.259674552913509,
                                19.524089336150144
                            ],
                            [
                                -99.260541770438067,
                                19.524658732508051
                            ],
                            [
                                -99.26087682137323,
                                19.524898504026549
                            ],
                            [
                                -99.260901094428618,
                                19.52491587442989
                            ],
                            [
                                -99.261023299977793,
                                19.525003327658943
                            ],
                            [
                                -99.260694606110604,
                                19.525289544242703
                            ],
                            [
                                -99.26187263993009,
                                19.526299075022493
                            ],
                            [
                                -99.261916430072787,
                                19.526336601136855
                            ],
                            [
                                -99.262133461562485,
                                19.526404843186146
                            ],
                            [
                                -99.262449478225591,
                                19.527001806376504
                            ],
                            [
                                -99.263028586214048,
                                19.527402510444201
                            ],
                            [
                                -99.264061645090905,
                                19.527459767281378
                            ],
                            [
                                -99.264405759486564,
                                19.52734491235837
                            ],
                            [
                                -99.265126132657642,
                                19.52664439896413
                            ],
                            [
                                -99.265510847784128,
                                19.525884124936191
                            ],
                            [
                                -99.265510847856376,
                                19.525884124960225
                            ],
                            [
                                -99.265691293335934,
                                19.52500521270046
                            ],
                            [
                                -99.265913466150081,
                                19.52449763861031
                            ],
                            [
                                -99.265995165584272,
                                19.524100618896739
                            ],
                            [
                                -99.266039393104236,
                                19.523869571300473
                            ],
                            [
                                -99.266142169071117,
                                19.523771821802441
                            ],
                            [
                                -99.266399407017801,
                                19.523709630769488
                            ],
                            [
                                -99.266591414857075,
                                19.523624762631083
                            ],
                            [
                                -99.266707899060535,
                                19.523517232777444
                            ],
                            [
                                -99.266837499047725,
                                19.523038810127058
                            ],
                            [
                                -99.267035454372973,
                                19.522397622666936
                            ],
                            [
                                -99.267196328584021,
                                19.522159895921352
                            ],
                            [
                                -99.267396221986843,
                                19.521904012377036
                            ],
                            [
                                -99.267433873728777,
                                19.521817256188019
                            ],
                            [
                                -99.268264410159446,
                                19.522240026636929
                            ],
                            [
                                -99.269422253863667,
                                19.52282940982133
                            ],
                            [
                                -99.26929482877712,
                                19.523345915667289
                            ],
                            [
                                -99.269406380624432,
                                19.523776151539391
                            ],
                            [
                                -99.269430130923141,
                                19.523867746386841
                            ],
                            [
                                -99.269732250377643,
                                19.524078117696508
                            ],
                            [
                                -99.270696140006962,
                                19.523980802444083
                            ],
                            [
                                -99.272207910223528,
                                19.523303586140837
                            ],
                            [
                                -99.272207910347134,
                                19.523303585711872
                            ],
                            [
                                -99.273354740017041,
                                19.523157452035779
                            ]
                        ]
                    ]
                ]
            }
        },
        {
            "type": "Feature",
            "properties": {
                "REGIÓN": "GRIS",
                "DIRECCIÓN": "NO ASIGNADO"
            },
            "geometry": {
                "type": "MultiPolygon",
                "coordinates": [
                    [
                        [
                            [
                                -99.264061645091516,
                                19.527459767654143
                            ],
                            [
                                -99.263028586214645,
                                19.527402510816994
                            ],
                            [
                                -99.262449478226188,
                                19.527001806749364
                            ],
                            [
                                -99.262133461563081,
                                19.526404843559103
                            ],
                            [
                                -99.261916430073384,
                                19.52633660150973
                            ],
                            [
                                -99.261872639930687,
                                19.526299075395467
                            ],
                            [
                                -99.260694606111201,
                                19.525289544615742
                            ],
                            [
                                -99.26102329997839,
                                19.525003328032014
                            ],
                            [
                                -99.260901094429215,
                                19.524915874802932
                            ],
                            [
                                -99.260876821373813,
                                19.524898504399673
                            ],
                            [
                                -99.260541770438678,
                                19.524658732881143
                            ],
                            [
                                -99.259674552914106,
                                19.524089336523318
                            ],
                            [
                                -99.259228740397859,
                                19.52374882114211
                            ],
                            [
                                -99.25888480428759,
                                19.523489563587663
                            ],
                            [
                                -99.259199090785586,
                                19.523290252558969
                            ],
                            [
                                -99.259499677422824,
                                19.523077991466945
                            ],
                            [
                                -99.25942007315048,
                                19.522938863142411
                            ],
                            [
                                -99.259266303762317,
                                19.52255091281938
                            ],
                            [
                                -99.259305380022056,
                                19.522300369167862
                            ],
                            [
                                -99.259324976588417,
                                19.522174722382946
                            ],
                            [
                                -99.259867186575349,
                                19.521946983296985
                            ],
                            [
                                -99.260302293598272,
                                19.521747496693141
                            ],
                            [
                                -99.260328147911736,
                                19.521734241849394
                            ],
                            [
                                -99.26093837031253,
                                19.521424603968637
                            ],
                            [
                                -99.26121806726664,
                                19.52132900078438
                            ],
                            [
                                -99.261496212188817,
                                19.521341567973391
                            ],
                            [
                                -99.261817706367239,
                                19.521375687281459
                            ],
                            [
                                -99.262415125393417,
                                19.521459121022822
                            ],
                            [
                                -99.262996597541317,
                                19.521549060567047
                            ],
                            [
                                -99.263299854742016,
                                19.521583203753824
                            ],
                            [
                                -99.2633931897183,
                                19.521500929686848
                            ],
                            [
                                -99.263426558134711,
                                19.52141131522259
                            ],
                            [
                                -99.263718983907225,
                                19.521384478762872
                            ],
                            [
                                -99.263969358573732,
                                19.519953994667006
                            ],
                            [
                                -99.264013384294444,
                                19.519702456615125
                            ],
                            [
                                -99.264124440124533,
                                19.519716979685366
                            ],
                            [
                                -99.267323318401722,
                                19.521760979032745
                            ],
                            [
                                -99.267433873728777,
                                19.521817256188019
                            ],
                            [
                                -99.267396221986843,
                                19.521904012377036
                            ],
                            [
                                -99.267196328584021,
                                19.522159895921352
                            ],
                            [
                                -99.267035454372973,
                                19.522397622666936
                            ],
                            [
                                -99.266837499047725,
                                19.523038810127058
                            ],
                            [
                                -99.266707899060535,
                                19.523517232777444
                            ],
                            [
                                -99.266591414857075,
                                19.523624762631083
                            ],
                            [
                                -99.266399407017801,
                                19.523709630769488
                            ],
                            [
                                -99.266142169071117,
                                19.523771821802441
                            ],
                            [
                                -99.266039393104236,
                                19.523869571300473
                            ],
                            [
                                -99.265995165584272,
                                19.52410061889665
                            ],
                            [
                                -99.265913466150081,
                                19.52449763861031
                            ],
                            [
                                -99.265691293335934,
                                19.52500521270046
                            ],
                            [
                                -99.265510847784739,
                                19.525884125309137
                            ],
                            [
                                -99.265126132658253,
                                19.526644399337002
                            ],
                            [
                                -99.264405759487161,
                                19.527344912731156
                            ],
                            [
                                -99.264061645091516,
                                19.527459767654143
                            ]
                        ]
                    ]
                ]
            }
        },
        {
            "type": "Feature",
            "properties": {
                "REGIÓN": "GRIS",
                "DIRECCIÓN": "NO ASIGNADO"
            },
            "geometry": {
                "type": "MultiPolygon",
                "coordinates": [
                    [
                        [
                            [
                                -99.247884802280538,
                                19.521655539215701
                            ],
                            [
                                -99.247862050625145,
                                19.521432041357148
                            ],
                            [
                                -99.247814678184795,
                                19.520966682376898
                            ],
                            [
                                -99.247770057957553,
                                19.520528356901661
                            ],
                            [
                                -99.247727815034196,
                                19.520113382461229
                            ],
                            [
                                -99.247673370007362,
                                19.519578536988302
                            ],
                            [
                                -99.247663997602771,
                                19.51949488347832
                            ],
                            [
                                -99.247646022891246,
                                19.519334449716496
                            ],
                            [
                                -99.247642944223941,
                                19.519306970956368
                            ],
                            [
                                -99.247612901173326,
                                19.519038820062761
                            ],
                            [
                                -99.24754764224835,
                                19.518456344694751
                            ],
                            [
                                -99.248211109614076,
                                19.518111990951724
                            ],
                            [
                                -99.24852701467178,
                                19.518008029510618
                            ],
                            [
                                -99.248685006765825,
                                19.517981369361159
                            ],
                            [
                                -99.248931205529928,
                                19.517973499958345
                            ],
                            [
                                -99.248973170194219,
                                19.517972158582324
                            ],
                            [
                                -99.249168391308189,
                                19.517974827847318
                            ],
                            [
                                -99.249200373550863,
                                19.517980295960577
                            ],
                            [
                                -99.249338863562627,
                                19.518003974001285
                            ],
                            [
                                -99.249493752507817,
                                19.518051847734402
                            ],
                            [
                                -99.249518672485905,
                                19.518059550091941
                            ],
                            [
                                -99.24965378216146,
                                19.518113776081091
                            ],
                            [
                                -99.249890744114751,
                                19.518208879938118
                            ],
                            [
                                -99.250389943879725,
                                19.518410919005582
                            ],
                            [
                                -99.250783739626016,
                                19.51858078367437
                            ],
                            [
                                -99.25108450287199,
                                19.518703766923977
                            ],
                            [
                                -99.251307762935852,
                                19.518803352512549
                            ],
                            [
                                -99.252634865716786,
                                19.519356805963323
                            ],
                            [
                                -99.252938730471683,
                                19.519479781758484
                            ],
                            [
                                -99.253242595681058,
                                19.519602757036239
                            ],
                            [
                                -99.253642452562232,
                                19.519681525581323
                            ],
                            [
                                -99.25389575734134,
                                19.519703203133076
                            ],
                            [
                                -99.254225028002381,
                                19.519692460007185
                            ],
                            [
                                -99.254257932067375,
                                19.519687703457301
                            ],
                            [
                                -99.254389222745544,
                                19.519668724260711
                            ],
                            [
                                -99.254599852034985,
                                19.519615541927674
                            ],
                            [
                                -99.254816660175592,
                                19.519550598215325
                            ],
                            [
                                -99.255048150032621,
                                19.519494774950381
                            ],
                            [
                                -99.255098536309802,
                                19.519482624367182
                            ],
                            [
                                -99.255364955608002,
                                19.519438176765703
                            ],
                            [
                                -99.255677869144861,
                                19.519402477369724
                            ],
                            [
                                -99.255842095729406,
                                19.519399307013636
                            ],
                            [
                                -99.255982680013958,
                                19.5194065354499
                            ],
                            [
                                -99.256524976998477,
                                19.51947681949769
                            ],
                            [
                                -99.256741042035145,
                                19.519522488004878
                            ],
                            [
                                -99.256873368181061,
                                19.519576634322277
                            ],
                            [
                                -99.25741427170108,
                                19.520134784596657
                            ],
                            [
                                -99.25749965814714,
                                19.520143407652863
                            ],
                            [
                                -99.25758504460174,
                                19.520152030668637
                            ],
                            [
                                -99.257665327912349,
                                19.520165209397558
                            ],
                            [
                                -99.25867242519864,
                                19.52033052400245
                            ],
                            [
                                -99.258724003704828,
                                19.520338990432549
                            ],
                            [
                                -99.258766608071014,
                                19.520345310682817
                            ],
                            [
                                -99.258809212440369,
                                19.520351630923042
                            ],
                            [
                                -99.259450650290304,
                                19.520455822502857
                            ],
                            [
                                -99.259504477266759,
                                19.520464565746234
                            ],
                            [
                                -99.259438757519774,
                                19.520622011491522
                            ],
                            [
                                -99.259391312301901,
                                19.520735676481095
                            ],
                            [
                                -99.259576866979913,
                                19.520793041526058
                            ],
                            [
                                -99.259701613898258,
                                19.520834238734484
                            ],
                            [
                                -99.25975946531598,
                                19.520950895952794
                            ],
                            [
                                -99.259698784857193,
                                19.521014525296358
                            ],
                            [
                                -99.259429395654237,
                                19.521161206773971
                            ],
                            [
                                -99.259096045602661,
                                19.521269558644271
                            ],
                            [
                                -99.258977169742835,
                                19.521335307886442
                            ],
                            [
                                -99.258742425168194,
                                19.521465142758839
                            ],
                            [
                                -99.258635048170461,
                                19.521524531730233
                            ],
                            [
                                -99.258262970157872,
                                19.521730322933706
                            ],
                            [
                                -99.258181424354461,
                                19.521782325351012
                            ],
                            [
                                -99.257705582379145,
                                19.52208577222693
                            ],
                            [
                                -99.257369231516208,
                                19.522269489205328
                            ],
                            [
                                -99.256799273645967,
                                19.522562889145604
                            ],
                            [
                                -99.256388181263858,
                                19.522791042200282
                            ],
                            [
                                -99.256241808558556,
                                19.523097581225475
                            ],
                            [
                                -99.256232840712514,
                                19.523116361972544
                            ],
                            [
                                -99.256123855160169,
                                19.523187447193969
                            ],
                            [
                                -99.255568154450543,
                                19.523203655248128
                            ],
                            [
                                -99.255484884199205,
                                19.523206083833937
                            ],
                            [
                                -99.255367196122307,
                                19.523331995102843
                            ],
                            [
                                -99.254588668338954,
                                19.524164913952085
                            ],
                            [
                                -99.254503454698522,
                                19.524318910752807
                            ],
                            [
                                -99.254503454684695,
                                19.52431891073125
                            ],
                            [
                                -99.254500970162937,
                                19.524384907437462
                            ],
                            [
                                -99.254614116582033,
                                19.524491455039001
                            ],
                            [
                                -99.255080144187474,
                                19.524957283977226
                            ],
                            [
                                -99.255257370136917,
                                19.525211677965785
                            ],
                            [
                                -99.255335576364672,
                                19.525388894549909
                            ],
                            [
                                -99.255370891684905,
                                19.525587860593649
                            ],
                            [
                                -99.255289492812551,
                                19.525817499885584
                            ],
                            [
                                -99.255087328624086,
                                19.52629066991539
                            ],
                            [
                                -99.255109893028745,
                                19.526551603386078
                            ],
                            [
                                -99.255264368295386,
                                19.527061898242295
                            ],
                            [
                                -99.25505660824679,
                                19.527123352401187
                            ],
                            [
                                -99.255006750636355,
                                19.527323894691076
                            ],
                            [
                                -99.253875071995253,
                                19.527824968393126
                            ],
                            [
                                -99.253262575123131,
                                19.528033095098767
                            ],
                            [
                                -99.252563860680397,
                                19.52810882484275
                            ],
                            [
                                -99.252198455425003,
                                19.528197678542835
                            ],
                            [
                                -99.251703876785641,
                                19.528184776498442
                            ],
                            [
                                -99.251546375844811,
                                19.528303919772402
                            ],
                            [
                                -99.251051875647789,
                                19.528341983291064
                            ],
                            [
                                -99.250557123743633,
                                19.528216949952775
                            ],
                            [
                                -99.250399307794268,
                                19.528132222849461
                            ],
                            [
                                -99.250001464536297,
                                19.528102192980082
                            ],
                            [
                                -99.249858030988065,
                                19.528048025984816
                            ],
                            [
                                -99.249162679682996,
                                19.52798102906187
                            ],
                            [
                                -99.24922748935181,
                                19.528178013906736
                            ],
                            [
                                -99.249019803611361,
                                19.528290428513706
                            ],
                            [
                                -99.248908941445436,
                                19.528443483565393
                            ],
                            [
                                -99.248375522522068,
                                19.528811182924663
                            ],
                            [
                                -99.248002193878278,
                                19.528407353607815
                            ],
                            [
                                -99.247243166412829,
                                19.528887487422935
                            ],
                            [
                                -99.247663181785924,
                                19.529355813118087
                            ],
                            [
                                -99.24775996967675,
                                19.529372669643976
                            ],
                            [
                                -99.24799347007081,
                                19.529735917318572
                            ],
                            [
                                -99.24765342470657,
                                19.530008209919107
                            ],
                            [
                                -99.247302202768395,
                                19.530001895090034
                            ],
                            [
                                -99.247036594099811,
                                19.529733829657051
                            ],
                            [
                                -99.246444661352911,
                                19.529333693584022
                            ],
                            [
                                -99.245583232265233,
                                19.529683849654852
                            ],
                            [
                                -99.24538892899669,
                                19.529360875613762
                            ],
                            [
                                -99.245309257598151,
                                19.529177225205025
                            ],
                            [
                                -99.245180538999676,
                                19.528986999407856
                            ],
                            [
                                -99.245098693195189,
                                19.528909621848822
                            ],
                            [
                                -99.2449319581183,
                                19.52841847222696
                            ],
                            [
                                -99.244183931299816,
                                19.528960763771693
                            ],
                            [
                                -99.241877056996458,
                                19.530633119383246
                            ],
                            [
                                -99.241515955112263,
                                19.53089489240055
                            ],
                            [
                                -99.240795841219551,
                                19.531401194581491
                            ],
                            [
                                -99.240864305452419,
                                19.531662807201894
                            ],
                            [
                                -99.24068071780917,
                                19.531673249594721
                            ],
                            [
                                -99.240497130140085,
                                19.531683691801266
                            ],
                            [
                                -99.240315725849328,
                                19.531654520872461
                            ],
                            [
                                -99.240132736313612,
                                19.531578109614028
                            ],
                            [
                                -99.240088884489097,
                                19.531559798292946
                            ],
                            [
                                -99.239842852616135,
                                19.531397226585611
                            ],
                            [
                                -99.239697039985899,
                                19.531229996714107
                            ],
                            [
                                -99.239534383353572,
                                19.53096776500885
                            ],
                            [
                                -99.239521630276784,
                                19.530948293885075
                            ],
                            [
                                -99.239384638592682,
                                19.530739137566162
                            ],
                            [
                                -99.239347830803268,
                                19.530682940016188
                            ],
                            [
                                -99.23918775808859,
                                19.530554190701725
                            ],
                            [
                                -99.239027792127573,
                                19.530497840368902
                            ],
                            [
                                -99.239002991484668,
                                19.530497039384414
                            ],
                            [
                                -99.238975080677676,
                                19.530496137947015
                            ],
                            [
                                -99.238691305937522,
                                19.530486972608148
                            ],
                            [
                                -99.238668279509426,
                                19.530489359286147
                            ],
                            [
                                -99.238359658779629,
                                19.530521347384234
                            ],
                            [
                                -99.238338551358751,
                                19.530526713754831
                            ],
                            [
                                -99.238144970507477,
                                19.530575929801266
                            ],
                            [
                                -99.237853946626458,
                                19.530648712242471
                            ],
                            [
                                -99.237572484269393,
                                19.530732794037078
                            ],
                            [
                                -99.237186212047533,
                                19.530945974155582
                            ],
                            [
                                -99.236761675282409,
                                19.531102641644441
                            ],
                            [
                                -99.236693479146766,
                                19.531129555320991
                            ],
                            [
                                -99.236370542886419,
                                19.531257001985676
                            ],
                            [
                                -99.236093834891321,
                                19.531329762885228
                            ],
                            [
                                -99.235922032866441,
                                19.531339037107536
                            ],
                            [
                                -99.235740606751207,
                                19.531294024261914
                            ],
                            [
                                -99.235482779127153,
                                19.531221961051504
                            ],
                            [
                                -99.235329436597922,
                                19.531156804397124
                            ],
                            [
                                -99.23513494639657,
                                19.531126331718717
                            ],
                            [
                                -99.235074055503929,
                                19.531116791302765
                            ],
                            [
                                -99.234764223081072,
                                19.530708100570468
                            ],
                            [
                                -99.234483967100104,
                                19.530338420978179
                            ],
                            [
                                -99.234320205812921,
                                19.530122406016652
                            ],
                            [
                                -99.235606380640291,
                                19.528108611826813
                            ],
                            [
                                -99.235660006796309,
                                19.528010509703627
                            ],
                            [
                                -99.236028581406401,
                                19.527336246458155
                            ],
                            [
                                -99.236574491940004,
                                19.526064039411448
                            ],
                            [
                                -99.236757869973701,
                                19.525658573332574
                            ],
                            [
                                -99.237006945647778,
                                19.525754024159131
                            ],
                            [
                                -99.237546806485526,
                                19.525884506812726
                            ],
                            [
                                -99.237919887365294,
                                19.526114067231415
                            ],
                            [
                                -99.238338702879744,
                                19.52635690286813
                            ],
                            [
                                -99.238901438366014,
                                19.526989809686974
                            ],
                            [
                                -99.23942662128367,
                                19.527258998825953
                            ],
                            [
                                -99.239613048968977,
                                19.527295426622953
                            ],
                            [
                                -99.239871217306955,
                                19.527312926965745
                            ],
                            [
                                -99.239954834345795,
                                19.527318594997023
                            ],
                            [
                                -99.240559030246715,
                                19.527409953829608
                            ],
                            [
                                -99.240596499577705,
                                19.527420020943026
                            ],
                            [
                                -99.241046259620049,
                                19.527540860007274
                            ],
                            [
                                -99.241231100473797,
                                19.527568488258652
                            ],
                            [
                                -99.24157120485819,
                                19.527504320311682
                            ],
                            [
                                -99.241772614666672,
                                19.527376623442425
                            ],
                            [
                                -99.241952953114975,
                                19.527201169188526
                            ],
                            [
                                -99.242082784712977,
                                19.526954104345883
                            ],
                            [
                                -99.24206488167097,
                                19.52621345514909
                            ],
                            [
                                -99.241765601088602,
                                19.524742154645601
                            ],
                            [
                                -99.241741549165283,
                                19.524623481751686
                            ],
                            [
                                -99.241845884771223,
                                19.524519920640657
                            ],
                            [
                                -99.241972133469901,
                                19.524543694894373
                            ],
                            [
                                -99.242445325240723,
                                19.524641598190957
                            ],
                            [
                                -99.242950796052412,
                                19.524756446038818
                            ],
                            [
                                -99.243294813801143,
                                19.524745789962978
                            ],
                            [
                                -99.244102782360798,
                                19.525439443736921
                            ],
                            [
                                -99.244126604326212,
                                19.525444759203722
                            ],
                            [
                                -99.244436593265078,
                                19.525513927649392
                            ],
                            [
                                -99.244775910995912,
                                19.525433550994951
                            ],
                            [
                                -99.245066061938005,
                                19.52534821213942
                            ],
                            [
                                -99.245385092391487,
                                19.525402144759493
                            ],
                            [
                                -99.24574355907265,
                                19.525466216715227
                            ],
                            [
                                -99.245926188559196,
                                19.525374226926299
                            ],
                            [
                                -99.246144428311084,
                                19.525132683854633
                            ],
                            [
                                -99.246301590405068,
                                19.524789288756651
                            ],
                            [
                                -99.246444556259036,
                                19.52453765434468
                            ],
                            [
                                -99.24647107860541,
                                19.524513889860181
                            ],
                            [
                                -99.246630654551225,
                                19.524370906804076
                            ],
                            [
                                -99.246859875115121,
                                19.5242822503537
                            ],
                            [
                                -99.247225326323928,
                                19.524227385724341
                            ],
                            [
                                -99.247433085756342,
                                19.524165940553097
                            ],
                            [
                                -99.247461287147374,
                                19.524149938629325
                            ],
                            [
                                -99.247637178544096,
                                19.524050134846078
                            ],
                            [
                                -99.247812342773983,
                                19.523764476932506
                            ],
                            [
                                -99.247815315182521,
                                19.523363528606541
                            ],
                            [
                                -99.247851051438971,
                                19.522696944589566
                            ],
                            [
                                -99.247946267174953,
                                19.522286236061245
                            ],
                            [
                                -99.248051317437032,
                                19.521848461842946
                            ],
                            [
                                -99.248069494987149,
                                19.52177271059799
                            ],
                            [
                                -99.248076441653112,
                                19.521743761760973
                            ],
                            [
                                -99.247890960794308,
                                19.521716036442431
                            ],
                            [
                                -99.247884802280538,
                                19.521655539215701
                            ]
                        ]
                    ]
                ]
            }
        },
        {
            "type": "Feature",
            "properties": {
                "REGIÓN": "GRIS",
                "DIRECCIÓN": "NO ASIGNADO"
            },
            "geometry": {
                "type": "MultiPolygon",
                "coordinates": [
                    [
                        [
                            [
                                -99.232300667788763,
                                19.573584483673756
                            ],
                            [
                                -99.231937777458498,
                                19.573537261077785
                            ],
                            [
                                -99.23180441928875,
                                19.573443396935481
                            ],
                            [
                                -99.231586063347393,
                                19.573376509098427
                            ],
                            [
                                -99.231182286077072,
                                19.57327560358501
                            ],
                            [
                                -99.230741067061885,
                                19.573165340052434
                            ],
                            [
                                -99.229962211100442,
                                19.572945941382692
                            ],
                            [
                                -99.229929122965501,
                                19.572936620581828
                            ],
                            [
                                -99.229896034834283,
                                19.572927299774815
                            ],
                            [
                                -99.228215316411948,
                                19.572536439021164
                            ],
                            [
                                -99.227701382545007,
                                19.572416917225272
                            ],
                            [
                                -99.227497305179128,
                                19.572370537301211
                            ],
                            [
                                -99.22721935836654,
                                19.57230736892005
                            ],
                            [
                                -99.22706095403035,
                                19.572212072642689
                            ],
                            [
                                -99.227012459563824,
                                19.572157785750559
                            ],
                            [
                                -99.226963965129826,
                                19.572103498844758
                            ],
                            [
                                -99.226743026421573,
                                19.572213932548809
                            ],
                            [
                                -99.226663621225129,
                                19.57218649332636
                            ],
                            [
                                -99.225860198894281,
                                19.571955907565133
                            ],
                            [
                                -99.225044482129988,
                                19.57173782089556
                            ],
                            [
                                -99.224062661842297,
                                19.570237457354953
                            ],
                            [
                                -99.223566349408941,
                                19.570544636125341
                            ],
                            [
                                -99.2235360444392,
                                19.570563392461299
                            ],
                            [
                                -99.223111713957294,
                                19.570826017870687
                            ],
                            [
                                -99.223078559575967,
                                19.570846537607856
                            ],
                            [
                                -99.222555189348668,
                                19.571188951374165
                            ],
                            [
                                -99.222478842396058,
                                19.571579920748352
                            ],
                            [
                                -99.223058336858628,
                                19.571689606942716
                            ],
                            [
                                -99.222393477662905,
                                19.572502034997175
                            ],
                            [
                                -99.221809718466815,
                                19.573145336162384
                            ],
                            [
                                -99.22148787002827,
                                19.573519161082771
                            ],
                            [
                                -99.221078403684928,
                                19.573561754455845
                            ],
                            [
                                -99.220790135596772,
                                19.573489956697021
                            ],
                            [
                                -99.220593242942698,
                                19.573291804606299
                            ],
                            [
                                -99.22051124218568,
                                19.573114818252431
                            ],
                            [
                                -99.220129272541143,
                                19.57212025581785
                            ],
                            [
                                -99.220122269814468,
                                19.572102022179351
                            ],
                            [
                                -99.219778497302173,
                                19.571164583581339
                            ],
                            [
                                -99.219773695865058,
                                19.571075847605773
                            ],
                            [
                                -99.219821860130764,
                                19.570401018385695
                            ],
                            [
                                -99.219595010267909,
                                19.57032464274069
                            ],
                            [
                                -99.219422956111472,
                                19.569729673026298
                            ],
                            [
                                -99.219669341089869,
                                19.569010950098235
                            ],
                            [
                                -99.219403358100863,
                                19.568655589583543
                            ],
                            [
                                -99.219152926977415,
                                19.568321004974496
                            ],
                            [
                                -99.218954519910113,
                                19.568055925050402
                            ],
                            [
                                -99.218921372805255,
                                19.567996217395827
                            ],
                            [
                                -99.218852793147477,
                                19.567872685162996
                            ],
                            [
                                -99.218841228551227,
                                19.567831012831064
                            ],
                            [
                                -99.218781353325141,
                                19.567615255665441
                            ],
                            [
                                -99.218763564955523,
                                19.5675511561119
                            ],
                            [
                                -99.21910086374055,
                                19.567413247288275
                            ],
                            [
                                -99.219358743243035,
                                19.567328452368049
                            ],
                            [
                                -99.219694639827665,
                                19.567220765333822
                            ],
                            [
                                -99.220180724049271,
                                19.567151073218369
                            ],
                            [
                                -99.22036500975598,
                                19.56712465097722
                            ],
                            [
                                -99.220626739500915,
                                19.56708712474245
                            ],
                            [
                                -99.22104897569929,
                                19.567026413361791
                            ],
                            [
                                -99.221662361744734,
                                19.566929963547768
                            ],
                            [
                                -99.221788034816043,
                                19.56691020223953
                            ],
                            [
                                -99.22203553352017,
                                19.566879842140779
                            ],
                            [
                                -99.222067041207225,
                                19.566876074252701
                            ],
                            [
                                -99.222389829523735,
                                19.566837472862318
                            ],
                            [
                                -99.222431364433319,
                                19.566833961335984
                            ],
                            [
                                -99.222637988912624,
                                19.566816492337214
                            ],
                            [
                                -99.223164950630363,
                                19.566771939444468
                            ],
                            [
                                -99.222824140267377,
                                19.566220191644781
                            ],
                            [
                                -99.222811734712849,
                                19.566181800972863
                            ],
                            [
                                -99.222749900551293,
                                19.565990446478494
                            ],
                            [
                                -99.222749071099798,
                                19.565959137778801
                            ],
                            [
                                -99.222737425987972,
                                19.565519576695177
                            ],
                            [
                                -99.222397227039536,
                                19.565410683557516
                            ],
                            [
                                -99.222283712534207,
                                19.565242081624355
                            ],
                            [
                                -99.222271740703846,
                                19.565224299962168
                            ],
                            [
                                -99.222169077573156,
                                19.565071815054282
                            ],
                            [
                                -99.222140078254498,
                                19.565042453581547
                            ],
                            [
                                -99.222043613441642,
                                19.564944783969437
                            ],
                            [
                                -99.221982792592669,
                                19.564883203409074
                            ],
                            [
                                -99.221751570316982,
                                19.564649092320774
                            ],
                            [
                                -99.221497025303705,
                                19.564467217104259
                            ],
                            [
                                -99.22147609552654,
                                19.564453424329233
                            ],
                            [
                                -99.22143895656059,
                                19.564428949646775
                            ],
                            [
                                -99.220961138346027,
                                19.564113534939498
                            ],
                            [
                                -99.220467068997422,
                                19.563773361613688
                            ],
                            [
                                -99.220437114732718,
                                19.563749146048448
                            ],
                            [
                                -99.220058565734433,
                                19.56344311917999
                            ],
                            [
                                -99.219822024259784,
                                19.563451816057594
                            ],
                            [
                                -99.219712542612982,
                                19.563395891566284
                            ],
                            [
                                -99.219656228466533,
                                19.563297858980537
                            ],
                            [
                                -99.21961453193704,
                                19.563076481465753
                            ],
                            [
                                -99.219303549169794,
                                19.562701272368688
                            ],
                            [
                                -99.218613783598926,
                                19.56508465817296
                            ],
                            [
                                -99.218585409205176,
                                19.565182700272903
                            ],
                            [
                                -99.218081658524767,
                                19.564387289159637
                            ],
                            [
                                -99.217924975210636,
                                19.564412704396116
                            ],
                            [
                                -99.217812442520469,
                                19.564286710213384
                            ],
                            [
                                -99.217652787285715,
                                19.564300917242992
                            ],
                            [
                                -99.217593750277459,
                                19.564376666427783
                            ],
                            [
                                -99.217540835728514,
                                19.564607968560065
                            ],
                            [
                                -99.217487921031989,
                                19.564839270672213
                            ],
                            [
                                -99.217529667775608,
                                19.56509988904045
                            ],
                            [
                                -99.217458900365799,
                                19.565248527425751
                            ],
                            [
                                -99.217338758552572,
                                19.565315605428093
                            ],
                            [
                                -99.217272751811919,
                                19.565352458487599
                            ],
                            [
                                -99.217244003234256,
                                19.56536904001613
                            ],
                            [
                                -99.217087829638956,
                                19.56501689299613
                            ],
                            [
                                -99.216815165565208,
                                19.564247969690058
                            ],
                            [
                                -99.21648889354735,
                                19.563491581145623
                            ],
                            [
                                -99.216011413094947,
                                19.562798027337873
                            ],
                            [
                                -99.215789712301628,
                                19.562477772209149
                            ],
                            [
                                -99.215542470700512,
                                19.562167798139445
                            ],
                            [
                                -99.21538321007651,
                                19.561941191444127
                            ],
                            [
                                -99.21531393964554,
                                19.561842628584522
                            ],
                            [
                                -99.215244669299125,
                                19.56174406569653
                            ],
                            [
                                -99.215351012817337,
                                19.561665457939796
                            ],
                            [
                                -99.215073846104787,
                                19.561339311849402
                            ],
                            [
                                -99.214667521257937,
                                19.560777890090883
                            ],
                            [
                                -99.214593068547003,
                                19.56064565483419
                            ],
                            [
                                -99.214567519551892,
                                19.560609000409837
                            ],
                            [
                                -99.214549699615503,
                                19.560549460159788
                            ],
                            [
                                -99.214516974015496,
                                19.560398142945463
                            ],
                            [
                                -99.215020805554587,
                                19.559834875553456
                            ],
                            [
                                -99.21513533637706,
                                19.559706568784414
                            ],
                            [
                                -99.216095887045597,
                                19.558578292475008
                            ],
                            [
                                -99.216568343824278,
                                19.558023330480289
                            ],
                            [
                                -99.216657383912178,
                                19.557916429946101
                            ],
                            [
                                -99.216490872562872,
                                19.557773682218993
                            ],
                            [
                                -99.216707086425828,
                                19.557504707268528
                            ],
                            [
                                -99.216738397803965,
                                19.557465755108549
                            ],
                            [
                                -99.21676970916711,
                                19.557426802943102
                            ],
                            [
                                -99.216790453066778,
                                19.557442493407255
                            ],
                            [
                                -99.216811196970426,
                                19.557458183868885
                            ],
                            [
                                -99.216882037126268,
                                19.557509824790149
                            ],
                            [
                                -99.217422004202874,
                                19.557918110941323
                            ],
                            [
                                -99.218621144388521,
                                19.558787864053532
                            ],
                            [
                                -99.219258338631064,
                                19.559085359139488
                            ],
                            [
                                -99.219291775579222,
                                19.559080157618578
                            ],
                            [
                                -99.219375348534101,
                                19.559067156808293
                            ],
                            [
                                -99.220030282034116,
                                19.559377816124201
                            ],
                            [
                                -99.220693798558315,
                                19.559898898784354
                            ],
                            [
                                -99.221740524097768,
                                19.559272463513039
                            ],
                            [
                                -99.220618696580587,
                                19.558879401586129
                            ],
                            [
                                -99.220526145111236,
                                19.55885386951546
                            ],
                            [
                                -99.220363199066441,
                                19.558775700103734
                            ],
                            [
                                -99.220658687066049,
                                19.558230608808625
                            ],
                            [
                                -99.22114768603457,
                                19.558024479756885
                            ],
                            [
                                -99.221566544550356,
                                19.557716967734351
                            ],
                            [
                                -99.221421487647774,
                                19.557635942285625
                            ],
                            [
                                -99.221276430889262,
                                19.55755491671826
                            ],
                            [
                                -99.221491641665594,
                                19.557329399267321
                            ],
                            [
                                -99.222270865079722,
                                19.557359872437356
                            ],
                            [
                                -99.224758851986024,
                                19.558252568180052
                            ],
                            [
                                -99.225086828576408,
                                19.558186890369484
                            ],
                            [
                                -99.225146586828259,
                                19.558174923618843
                            ],
                            [
                                -99.22517646595081,
                                19.558168940236225
                            ],
                            [
                                -99.225206345071115,
                                19.558162956848683
                            ],
                            [
                                -99.226094827124058,
                                19.557783720121446
                            ],
                            [
                                -99.226364151914538,
                                19.557598768791244
                            ],
                            [
                                -99.226986105151795,
                                19.557187175910002
                            ],
                            [
                                -99.227650273280346,
                                19.556635886452959
                            ],
                            [
                                -99.227862815772511,
                                19.55647817240234
                            ],
                            [
                                -99.227953714929498,
                                19.556419102653884
                            ],
                            [
                                -99.22813215247723,
                                19.556303146853459
                            ],
                            [
                                -99.228210795635292,
                                19.556171143792643
                            ],
                            [
                                -99.228430141717254,
                                19.55600676145324
                            ],
                            [
                                -99.228587349855943,
                                19.555873937218085
                            ],
                            [
                                -99.228689396562984,
                                19.55571377567075
                            ],
                            [
                                -99.228764748801964,
                                19.555477536071898
                            ],
                            [
                                -99.228942029423791,
                                19.555579948244556
                            ],
                            [
                                -99.22919332541349,
                                19.555964102548163
                            ],
                            [
                                -99.23006147547126,
                                19.556156024157456
                            ],
                            [
                                -99.230151203000389,
                                19.556175859924107
                            ],
                            [
                                -99.230468507749734,
                                19.55622889855584
                            ],
                            [
                                -99.23020848861664,
                                19.556912515727689
                            ],
                            [
                                -99.230176940251056,
                                19.557007327675482
                            ],
                            [
                                -99.229938254534844,
                                19.557728464469246
                            ],
                            [
                                -99.229676810869179,
                                19.558507506035095
                            ],
                            [
                                -99.230675712586105,
                                19.558463529669211
                            ],
                            [
                                -99.230746577753067,
                                19.558871036299802
                            ],
                            [
                                -99.230834700294906,
                                19.559286133056016
                            ],
                            [
                                -99.230944763326264,
                                19.559614283793511
                            ],
                            [
                                -99.231260820144868,
                                19.559908925990651
                            ],
                            [
                                -99.232017215875146,
                                19.560644195723093
                            ],
                            [
                                -99.232700819295189,
                                19.561369842500476
                            ],
                            [
                                -99.232753628627307,
                                19.56151106438552
                            ],
                            [
                                -99.232723263364477,
                                19.561735505237703
                            ],
                            [
                                -99.233135370588045,
                                19.5618237290449
                            ],
                            [
                                -99.233205640970283,
                                19.561838772406276
                            ],
                            [
                                -99.233788884777923,
                                19.561966841198796
                            ],
                            [
                                -99.233660986844868,
                                19.562545909326058
                            ],
                            [
                                -99.233533088021275,
                                19.563124977334898
                            ],
                            [
                                -99.23412730080301,
                                19.563218499682506
                            ],
                            [
                                -99.23476852571541,
                                19.563338151170669
                            ],
                            [
                                -99.235024751069034,
                                19.562821830606385
                            ],
                            [
                                -99.235259195808339,
                                19.562187591910956
                            ],
                            [
                                -99.235629323411189,
                                19.562228909921931
                            ],
                            [
                                -99.236119695931663,
                                19.562304061662058
                            ],
                            [
                                -99.236608422645716,
                                19.562436904472893
                            ],
                            [
                                -99.236858554365242,
                                19.562606955463185
                            ],
                            [
                                -99.2371175698716,
                                19.562855950555118
                            ],
                            [
                                -99.237520519567298,
                                19.563062932886506
                            ],
                            [
                                -99.237762583996584,
                                19.562688798833101
                            ],
                            [
                                -99.238367383265029,
                                19.561696036384014
                            ],
                            [
                                -99.238403443304009,
                                19.561636844310819
                            ],
                            [
                                -99.237977602855992,
                                19.561431838661132
                            ],
                            [
                                -99.237621937485741,
                                19.561995678527065
                            ],
                            [
                                -99.236768591149328,
                                19.561845533107252
                            ],
                            [
                                -99.23631419488602,
                                19.561698740466067
                            ],
                            [
                                -99.235839340841437,
                                19.561551973398576
                            ],
                            [
                                -99.235669662611855,
                                19.562108466561419
                            ],
                            [
                                -99.235118668760094,
                                19.562108382504732
                            ],
                            [
                                -99.234523450066661,
                                19.562037570714665
                            ],
                            [
                                -99.234424843006195,
                                19.562025839465274
                            ],
                            [
                                -99.234639513532585,
                                19.560894169214205
                            ],
                            [
                                -99.235099270709796,
                                19.560507647045348
                            ],
                            [
                                -99.234618087359522,
                                19.560225132767009
                            ],
                            [
                                -99.233629177274494,
                                19.559693103032036
                            ],
                            [
                                -99.232941263964321,
                                19.559337157559096
                            ],
                            [
                                -99.232764963500955,
                                19.559087213011896
                            ],
                            [
                                -99.233445645725766,
                                19.55919556610581
                            ],
                            [
                                -99.233575213927963,
                                19.559182635941031
                            ],
                            [
                                -99.233615572384295,
                                19.559160249200826
                            ],
                            [
                                -99.233825189438335,
                                19.559136965612279
                            ],
                            [
                                -99.234026265782362,
                                19.559017171071517
                            ],
                            [
                                -99.234238483703294,
                                19.558890738318798
                            ],
                            [
                                -99.234550527247805,
                                19.558704831793975
                            ],
                            [
                                -99.234602647365151,
                                19.558597415572947
                            ],
                            [
                                -99.234554487279269,
                                19.557879582740835
                            ],
                            [
                                -99.234614274532532,
                                19.557327523225453
                            ],
                            [
                                -99.234852381361236,
                                19.556727372111883
                            ],
                            [
                                -99.235043817898571,
                                19.556439964807904
                            ],
                            [
                                -99.235353628830239,
                                19.556465710115123
                            ],
                            [
                                -99.235685411290206,
                                19.556512730487185
                            ],
                            [
                                -99.235900754520344,
                                19.556381821507721
                            ],
                            [
                                -99.236608816894091,
                                19.557338831958411
                            ],
                            [
                                -99.236792692750754,
                                19.557435724362243
                            ],
                            [
                                -99.237602045595253,
                                19.557688540877336
                            ],
                            [
                                -99.238597212772788,
                                19.557875712628256
                            ],
                            [
                                -99.239086840378079,
                                19.557972102229378
                            ],
                            [
                                -99.239449473143324,
                                19.558052653591176
                            ],
                            [
                                -99.239780987130445,
                                19.558126291851046
                            ],
                            [
                                -99.240355168260763,
                                19.558281428856851
                            ],
                            [
                                -99.24038745899179,
                                19.558290153370265
                            ],
                            [
                                -99.240768898663859,
                                19.558389353386801
                            ],
                            [
                                -99.241516710667128,
                                19.55858076930334
                            ],
                            [
                                -99.241819178834788,
                                19.558666127383614
                            ],
                            [
                                -99.242025002348043,
                                19.558536301759556
                            ],
                            [
                                -99.24237265387697,
                                19.558532741365681
                            ],
                            [
                                -99.243025591677551,
                                19.558638002381322
                            ],
                            [
                                -99.24360112195653,
                                19.558724833177671
                            ],
                            [
                                -99.244196342756297,
                                19.557608986313483
                            ],
                            [
                                -99.245044014211061,
                                19.559008428262789
                            ],
                            [
                                -99.245233591013985,
                                19.559240614070443
                            ],
                            [
                                -99.245423168361157,
                                19.559472799667073
                            ],
                            [
                                -99.246604640900202,
                                19.560919793000238
                            ],
                            [
                                -99.245815436276359,
                                19.561746457506395
                            ],
                            [
                                -99.24414123720436,
                                19.560938102995586
                            ],
                            [
                                -99.243567452227097,
                                19.560663036297306
                            ],
                            [
                                -99.242890862178115,
                                19.560338682321181
                            ],
                            [
                                -99.242816287411401,
                                19.560302235402229
                            ],
                            [
                                -99.242157332945325,
                                19.559980182579046
                            ],
                            [
                                -99.242103702588309,
                                19.56001940321725
                            ],
                            [
                                -99.241448904222324,
                                19.560498263709416
                            ],
                            [
                                -99.241329973456644,
                                19.560627132439642
                            ],
                            [
                                -99.240967410911139,
                                19.561019989302071
                            ],
                            [
                                -99.241789875032694,
                                19.562157823673321
                            ],
                            [
                                -99.241994095017986,
                                19.562440347806909
                            ],
                            [
                                -99.24164911263189,
                                19.562682367290719
                            ],
                            [
                                -99.241674703702543,
                                19.562762814758827
                            ],
                            [
                                -99.241307161990349,
                                19.563015482530815
                            ],
                            [
                                -99.240786676139493,
                                19.563190554633781
                            ],
                            [
                                -99.240712734245108,
                                19.562949208063348
                            ],
                            [
                                -99.240629544423456,
                                19.562974546169993
                            ],
                            [
                                -99.240226169848015,
                                19.563097406074501
                            ],
                            [
                                -99.24035141537864,
                                19.563582812448448
                            ],
                            [
                                -99.24026111304228,
                                19.563759992461591
                            ],
                            [
                                -99.239862522465685,
                                19.564071718561483
                            ],
                            [
                                -99.238327326169966,
                                19.565146841742404
                            ],
                            [
                                -99.238333175751578,
                                19.565275604771983
                            ],
                            [
                                -99.238350361821077,
                                19.565415083725377
                            ],
                            [
                                -99.238361911221148,
                                19.565570666462161
                            ],
                            [
                                -99.238364954326201,
                                19.565715529533747
                            ],
                            [
                                -99.237822153425569,
                                19.566121336867091
                            ],
                            [
                                -99.237697644760971,
                                19.566134914502239
                            ],
                            [
                                -99.237561728858182,
                                19.566089487140939
                            ],
                            [
                                -99.237201788706955,
                                19.565743889142095
                            ],
                            [
                                -99.237034607949781,
                                19.565607289843662
                            ],
                            [
                                -99.236929507184598,
                                19.565344520869434
                            ],
                            [
                                -99.236609676214854,
                                19.565389679224946
                            ],
                            [
                                -99.236584296173305,
                                19.565393262720406
                            ],
                            [
                                -99.236239084946988,
                                19.565442003913027
                            ],
                            [
                                -99.23571677712664,
                                19.565492279470043
                            ],
                            [
                                -99.236032333177064,
                                19.56578568021855
                            ],
                            [
                                -99.236916857865481,
                                19.566558229156399
                            ],
                            [
                                -99.237139328418792,
                                19.566783193680596
                            ],
                            [
                                -99.237222186282025,
                                19.566920197558233
                            ],
                            [
                                -99.23726895331113,
                                19.567106217687289
                            ],
                            [
                                -99.237243509724522,
                                19.567370682881936
                            ],
                            [
                                -99.23700720041586,
                                19.56828181377486
                            ],
                            [
                                -99.23692704000041,
                                19.568600351118388
                            ],
                            [
                                -99.236914746713353,
                                19.568649201439239
                            ],
                            [
                                -99.236442053960317,
                                19.570427389950488
                            ],
                            [
                                -99.236261779396273,
                                19.570799789145845
                            ],
                            [
                                -99.235921557818287,
                                19.571314406928995
                            ],
                            [
                                -99.235447321161061,
                                19.571839404756332
                            ],
                            [
                                -99.235144631930751,
                                19.572256242456032
                            ],
                            [
                                -99.235167444530646,
                                19.572350248239879
                            ],
                            [
                                -99.234833709995939,
                                19.572861161378814
                            ],
                            [
                                -99.234317444204791,
                                19.573285285724957
                            ],
                            [
                                -99.234270305459319,
                                19.573324011115997
                            ],
                            [
                                -99.233816054508026,
                                19.573902205592869
                            ],
                            [
                                -99.233611065048308,
                                19.574163125225361
                            ],
                            [
                                -99.233384517074825,
                                19.574313875213804
                            ],
                            [
                                -99.233245619762044,
                                19.5743113680976
                            ],
                            [
                                -99.23293644808102,
                                19.574169370891056
                            ],
                            [
                                -99.232300667788763,
                                19.573584483673756
                            ]
                        ]
                    ]
                ]
            }
        },
        {
            "type": "Feature",
            "properties": {
                "REGIÓN": "GRIS",
                "DIRECCIÓN": "NO ASIGNADO"
            },
            "geometry": {
                "type": "MultiPolygon",
                "coordinates": [
                    [
                        [
                            [
                                -99.309621245205932,
                                19.592989242847331
                            ],
                            [
                                -99.308865810546123,
                                19.592640032013477
                            ],
                            [
                                -99.30823122286904,
                                19.592333530580788
                            ],
                            [
                                -99.308202630301324,
                                19.592319820786035
                            ],
                            [
                                -99.307770395906715,
                                19.592112568712515
                            ],
                            [
                                -99.306712201976126,
                                19.591682085423329
                            ],
                            [
                                -99.305844266237031,
                                19.591328994570173
                            ],
                            [
                                -99.3058394711516,
                                19.5911804971667
                            ],
                            [
                                -99.3047568997778,
                                19.590636231433123
                            ],
                            [
                                -99.303491044993635,
                                19.589968113018184
                            ],
                            [
                                -99.30346161641134,
                                19.590033910904964
                            ],
                            [
                                -99.303205781047197,
                                19.589987616260245
                            ],
                            [
                                -99.303154827553684,
                                19.589927835470611
                            ],
                            [
                                -99.303075685044874,
                                19.589888038642787
                            ],
                            [
                                -99.302736074188587,
                                19.58971726462741
                            ],
                            [
                                -99.302098488856814,
                                19.589396650810279
                            ],
                            [
                                -99.301170184832145,
                                19.588948475056412
                            ],
                            [
                                -99.299801632235514,
                                19.588287785693534
                            ],
                            [
                                -99.303547557661446,
                                19.586903847371087
                            ],
                            [
                                -99.302896286872013,
                                19.585933045873741
                            ],
                            [
                                -99.303714457669855,
                                19.584765393803153
                            ],
                            [
                                -99.304763620217813,
                                19.581532749518811
                            ],
                            [
                                -99.304487166178021,
                                19.580716584437287
                            ],
                            [
                                -99.304310633165159,
                                19.580195407857879
                            ],
                            [
                                -99.303352416035494,
                                19.577730842963231
                            ],
                            [
                                -99.303330667107531,
                                19.577674903073703
                            ],
                            [
                                -99.301988769720822,
                                19.575294751085938
                            ],
                            [
                                -99.30170386235983,
                                19.574419295452948
                            ],
                            [
                                -99.301160739947946,
                                19.574937277411564
                            ],
                            [
                                -99.30090911498516,
                                19.575606271888482
                            ],
                            [
                                -99.300564150553569,
                                19.576180811906003
                            ],
                            [
                                -99.299069337647438,
                                19.577501523356805
                            ],
                            [
                                -99.298823936014287,
                                19.577943441516041
                            ],
                            [
                                -99.298186253211355,
                                19.578568920090099
                            ],
                            [
                                -99.297481776853942,
                                19.579062053144462
                            ],
                            [
                                -99.296983529883491,
                                19.579523307521551
                            ],
                            [
                                -99.295992898597831,
                                19.580016905701761
                            ],
                            [
                                -99.294643793074542,
                                19.580278815296772
                            ],
                            [
                                -99.293523151882866,
                                19.58070093678085
                            ],
                            [
                                -99.292509209436176,
                                19.581858015069301
                            ],
                            [
                                -99.29169109482585,
                                19.582086403045846
                            ],
                            [
                                -99.290613422668883,
                                19.582302591117909
                            ],
                            [
                                -99.289355982794874,
                                19.583417954764617
                            ],
                            [
                                -99.288034937376992,
                                19.584628305313462
                            ],
                            [
                                -99.288262690729425,
                                19.584816583227841
                            ],
                            [
                                -99.288490444610275,
                                19.585004860843863
                            ],
                            [
                                -99.288326590907403,
                                19.585133366863204
                            ],
                            [
                                -99.283876576599198,
                                19.588623257979716
                            ],
                            [
                                -99.283411570651111,
                                19.588800392534914
                            ],
                            [
                                -99.283325569497848,
                                19.588757413934083
                            ],
                            [
                                -99.283252689045554,
                                19.588728005626422
                            ],
                            [
                                -99.283159616987859,
                                19.588722963481377
                            ],
                            [
                                -99.283061097844168,
                                19.588733494817227
                            ],
                            [
                                -99.283022832185409,
                                19.588764684839454
                            ],
                            [
                                -99.282935306913245,
                                19.588801140480747
                            ],
                            [
                                -99.282853156230701,
                                19.588780516062393
                            ],
                            [
                                -99.282617019181558,
                                19.588355443574056
                            ],
                            [
                                -99.28252513375169,
                                19.588313692893617
                            ],
                            [
                                -99.282353962873046,
                                19.588429976229115
                            ],
                            [
                                -99.282175108789474,
                                19.588637192644882
                            ],
                            [
                                -99.281537006610151,
                                19.589136575322442
                            ],
                            [
                                -99.282128386718739,
                                19.58977760919749
                            ],
                            [
                                -99.281905483293869,
                                19.589972650399368
                            ],
                            [
                                -99.281607908313731,
                                19.590233028289614
                            ],
                            [
                                -99.281319209595338,
                                19.59048563819109
                            ],
                            [
                                -99.280647911871071,
                                19.591073015444227
                            ],
                            [
                                -99.280110856720867,
                                19.590458731054156
                            ],
                            [
                                -99.280053086702353,
                                19.590392653251683
                            ],
                            [
                                -99.279732693863636,
                                19.590749017626127
                            ],
                            [
                                -99.279457423061231,
                                19.590990849670817
                            ],
                            [
                                -99.279408323794172,
                                19.591089503960401
                            ],
                            [
                                -99.279385090874925,
                                19.591170763032434
                            ],
                            [
                                -99.279375674454371,
                                19.591203697724723
                            ],
                            [
                                -99.279397813652992,
                                19.591343748215262
                            ],
                            [
                                -99.279485824634492,
                                19.591587463113033
                            ],
                            [
                                -99.279487862866048,
                                19.591687910715972
                            ],
                            [
                                -99.279473295479193,
                                19.591843620811101
                            ],
                            [
                                -99.278985674257143,
                                19.592522569625029
                            ],
                            [
                                -99.278894281003758,
                                19.592484688364099
                            ],
                            [
                                -99.27857395700741,
                                19.592346498169881
                            ],
                            [
                                -99.278176680554353,
                                19.592168338583534
                            ],
                            [
                                -99.278066478552489,
                                19.592073953137593
                            ],
                            [
                                -99.277817663458762,
                                19.591805000689529
                            ],
                            [
                                -99.277357681369807,
                                19.591281343338192
                            ],
                            [
                                -99.275866918378668,
                                19.589592895903944
                            ],
                            [
                                -99.275789385097355,
                                19.589488299355761
                            ],
                            [
                                -99.275610952138123,
                                19.589137211680775
                            ],
                            [
                                -99.275205005661078,
                                19.587599758908812
                            ],
                            [
                                -99.274856087950198,
                                19.586627804162234
                            ],
                            [
                                -99.274657050624043,
                                19.586401067372105
                            ],
                            [
                                -99.274503607055138,
                                19.586264759514304
                            ],
                            [
                                -99.273432678019773,
                                19.585374156003166
                            ],
                            [
                                -99.272888761624714,
                                19.585105043333861
                            ],
                            [
                                -99.272625830794496,
                                19.58497749912884
                            ],
                            [
                                -99.271936825432348,
                                19.58467197641313
                            ],
                            [
                                -99.27185005782168,
                                19.584613201935174
                            ],
                            [
                                -99.271573894133041,
                                19.584374170586443
                            ],
                            [
                                -99.271079368193824,
                                19.583759574862466
                            ],
                            [
                                -99.270769552665058,
                                19.583516169454253
                            ],
                            [
                                -99.270399379960466,
                                19.583359713440295
                            ],
                            [
                                -99.269269451001762,
                                19.583029766522845
                            ],
                            [
                                -99.268075523222635,
                                19.58295801976962
                            ],
                            [
                                -99.268615542847158,
                                19.581572836267778
                            ],
                            [
                                -99.269221477624043,
                                19.579894224491362
                            ],
                            [
                                -99.26950822593578,
                                19.57893727465477
                            ],
                            [
                                -99.269635516996871,
                                19.578420866369321
                            ],
                            [
                                -99.269737528457028,
                                19.577152942913163
                            ],
                            [
                                -99.269750603166159,
                                19.575384116891502
                            ],
                            [
                                -99.269721267207771,
                                19.572894265996737
                            ],
                            [
                                -99.270561222477411,
                                19.572814648010521
                            ],
                            [
                                -99.272203776625318,
                                19.572648652646468
                            ],
                            [
                                -99.272297669784166,
                                19.57273736682626
                            ],
                            [
                                -99.27274588979671,
                                19.572934147296213
                            ],
                            [
                                -99.273142396762907,
                                19.573348208086678
                            ],
                            [
                                -99.273596302401131,
                                19.573826354592676
                            ],
                            [
                                -99.273972031606689,
                                19.57427006358672
                            ],
                            [
                                -99.274550835420371,
                                19.574688780678311
                            ],
                            [
                                -99.274613332133612,
                                19.574688685565924
                            ],
                            [
                                -99.275117902260661,
                                19.574327557188841
                            ],
                            [
                                -99.276227462441085,
                                19.573423666430969
                            ],
                            [
                                -99.276524125790544,
                                19.573309674032462
                            ],
                            [
                                -99.27673244635956,
                                19.573309354650142
                            ],
                            [
                                -99.276914794314791,
                                19.573348566363183
                            ],
                            [
                                -99.277670548411834,
                                19.573692955277032
                            ],
                            [
                                -99.277993750787488,
                                19.573870169209943
                            ],
                            [
                                -99.278108479928576,
                                19.573958848208733
                            ],
                            [
                                -99.278453155697889,
                                19.57450872890346
                            ],
                            [
                                -99.278693651213644,
                                19.575046428755961
                            ],
                            [
                                -99.278950850248151,
                                19.575733491619623
                            ],
                            [
                                -99.279184814712707,
                                19.575501117408646
                            ],
                            [
                                -99.279325024632641,
                                19.575263951638764
                            ],
                            [
                                -99.279345508129495,
                                19.575061526197651
                            ],
                            [
                                -99.2837488507475,
                                19.573521892799405
                            ],
                            [
                                -99.285392081391677,
                                19.572097608844061
                            ],
                            [
                                -99.286324076248349,
                                19.569015798454611
                            ],
                            [
                                -99.283967958548743,
                                19.566299545580314
                            ],
                            [
                                -99.283622766447834,
                                19.562476818025424
                            ],
                            [
                                -99.280590361095364,
                                19.563093675366222
                            ],
                            [
                                -99.280617526882367,
                                19.5637452430007
                            ],
                            [
                                -99.28042582332219,
                                19.5643132313017
                            ],
                            [
                                -99.27993195012165,
                                19.564812578130265
                            ],
                            [
                                -99.278558013937342,
                                19.565342902583623
                            ],
                            [
                                -99.27744163816304,
                                19.565746941747733
                            ],
                            [
                                -99.276699661324443,
                                19.565824595538551
                            ],
                            [
                                -99.276616143284159,
                                19.565711185472306
                            ],
                            [
                                -99.276496423483621,
                                19.565745923979861
                            ],
                            [
                                -99.276090729957005,
                                19.566047667754297
                            ],
                            [
                                -99.275596980656076,
                                19.566630922086336
                            ],
                            [
                                -99.2754464659251,
                                19.566932274586982
                            ],
                            [
                                -99.275457724273011,
                                19.56742836942286
                            ],
                            [
                                -99.275219069141386,
                                19.567961868795319
                            ],
                            [
                                -99.275126563414958,
                                19.568416212738438
                            ],
                            [
                                -99.27508320965444,
                                19.56865826534391
                            ],
                            [
                                -99.27470945736367,
                                19.568409392828826
                            ],
                            [
                                -99.274505902176784,
                                19.5680230655021
                            ],
                            [
                                -99.273848750514205,
                                19.567616143651339
                            ],
                            [
                                -99.273540909152658,
                                19.566731631003211
                            ],
                            [
                                -99.272452387997831,
                                19.565710019758264
                            ],
                            [
                                -99.274650337321788,
                                19.562181172320773
                            ],
                            [
                                -99.275165517014315,
                                19.561347918875359
                            ],
                            [
                                -99.275835417613138,
                                19.560367521317374
                            ],
                            [
                                -99.276639104002257,
                                19.559083309948345
                            ],
                            [
                                -99.27704078358272,
                                19.558348162491566
                            ],
                            [
                                -99.277205361133426,
                                19.557921881570973
                            ],
                            [
                                -99.277369937832475,
                                19.557495600490881
                            ],
                            [
                                -99.277503360022379,
                                19.556976326458674
                            ],
                            [
                                -99.277616101682199,
                                19.556447290348824
                            ],
                            [
                                -99.277661813988388,
                                19.555991810402602
                            ],
                            [
                                -99.277678783671377,
                                19.555342947927592
                            ],
                            [
                                -99.277372393644058,
                                19.551376946280815
                            ],
                            [
                                -99.277191918118319,
                                19.549179268888292
                            ],
                            [
                                -99.277155855761407,
                                19.548595849976465
                            ],
                            [
                                -99.277087567678421,
                                19.547929978722646
                            ],
                            [
                                -99.277084091694931,
                                19.547643916000503
                            ],
                            [
                                -99.277075548452871,
                                19.546940826797634
                            ],
                            [
                                -99.277105638335016,
                                19.546411917235872
                            ],
                            [
                                -99.277179269839266,
                                19.546009763073478
                            ],
                            [
                                -99.277276897533341,
                                19.545725175285714
                            ],
                            [
                                -99.277725697644797,
                                19.543633787611231
                            ],
                            [
                                -99.277900143408985,
                                19.542902158555428
                            ],
                            [
                                -99.2780745876439,
                                19.542170529291479
                            ],
                            [
                                -99.278612001449389,
                                19.539948814716972
                            ],
                            [
                                -99.278658057325188,
                                19.53965837731505
                            ],
                            [
                                -99.278687919789036,
                                19.539470058208796
                            ],
                            [
                                -99.278748227540035,
                                19.539309142331447
                            ],
                            [
                                -99.278776046433762,
                                19.539044890434365
                            ],
                            [
                                -99.278852483262497,
                                19.538868633170225
                            ],
                            [
                                -99.278948936858157,
                                19.538588958845686
                            ],
                            [
                                -99.278940484223853,
                                19.538370712286593
                            ],
                            [
                                -99.279089087580502,
                                19.537884185101575
                            ],
                            [
                                -99.279129219732624,
                                19.537734787586285
                            ],
                            [
                                -99.279124950549857,
                                19.537600775113102
                            ],
                            [
                                -99.279181244655419,
                                19.537455181734767
                            ],
                            [
                                -99.279193176970836,
                                19.537347948043532
                            ],
                            [
                                -99.27924552422941,
                                19.537255968369418
                            ],
                            [
                                -99.279381916939101,
                                19.536715852140748
                            ],
                            [
                                -99.279413766670601,
                                19.536447764737737
                            ],
                            [
                                -99.27955044153174,
                                19.536072299933693
                            ],
                            [
                                -99.279582304053761,
                                19.535811870700218
                            ],
                            [
                                -99.279638465317859,
                                19.53558969502846
                            ],
                            [
                                -99.27965023589114,
                                19.535533420635335
                            ],
                            [
                                -99.279678523908146,
                                19.535398177191638
                            ],
                            [
                                -99.27976693604397,
                                19.535141489507737
                            ],
                            [
                                -99.279960224827107,
                                19.534808057004522
                            ],
                            [
                                -99.280117150476556,
                                19.534467022418628
                            ],
                            [
                                -99.280130653100656,
                                19.534421218464907
                            ],
                            [
                                -99.280189426094182,
                                19.534221846875536
                            ],
                            [
                                -99.28024555297911,
                                19.533980525457018
                            ],
                            [
                                -99.280245235926998,
                                19.533796728307639
                            ],
                            [
                                -99.280293258624326,
                                19.533540102960483
                            ],
                            [
                                -99.280280382637585,
                                19.533099774386564
                            ],
                            [
                                -99.280324359728795,
                                19.532839326169668
                            ],
                            [
                                -99.28044071026045,
                                19.532391138874825
                            ],
                            [
                                -99.280989550764545,
                                19.529983466506049
                            ],
                            [
                                -99.281158228800876,
                                19.529413009531872
                            ],
                            [
                                -99.281384392168519,
                                19.528645767705658
                            ],
                            [
                                -99.281613276287118,
                                19.527991158287282
                            ],
                            [
                                -99.273636965973623,
                                19.525187124338764
                            ],
                            [
                                -99.285997531313512,
                                19.521918483335767
                            ],
                            [
                                -99.301755923949003,
                                19.517749301069824
                            ],
                            [
                                -99.308773605674773,
                                19.515892277262971
                            ],
                            [
                                -99.309348085543547,
                                19.518040322069858
                            ],
                            [
                                -99.30932619019822,
                                19.518112925712149
                            ],
                            [
                                -99.308873515203274,
                                19.51961390267347
                            ],
                            [
                                -99.310472067935891,
                                19.521712003578287
                            ],
                            [
                                -99.310643352007162,
                                19.524250674259999
                            ],
                            [
                                -99.310020004824409,
                                19.531289970054118
                            ],
                            [
                                -99.312994783940212,
                                19.533201601624548
                            ],
                            [
                                -99.31494362680651,
                                19.536898423634113
                            ],
                            [
                                -99.315367540961432,
                                19.538471727483632
                            ],
                            [
                                -99.315941661263437,
                                19.541605575147006
                            ],
                            [
                                -99.316805627954366,
                                19.544587114919711
                            ],
                            [
                                -99.318782810053847,
                                19.546804599032161
                            ],
                            [
                                -99.319108205155203,
                                19.547169533862622
                            ],
                            [
                                -99.31986363967259,
                                19.548016754742687
                            ],
                            [
                                -99.319961487452915,
                                19.549282117818947
                            ],
                            [
                                -99.318157549842539,
                                19.55063738868035
                            ],
                            [
                                -99.316342786667434,
                                19.551729169247967
                            ],
                            [
                                -99.314960836722889,
                                19.552723196779034
                            ],
                            [
                                -99.312763240972501,
                                19.552935354637061
                            ],
                            [
                                -99.315700320776585,
                                19.555916965303517
                            ],
                            [
                                -99.317751380864394,
                                19.556191008509892
                            ],
                            [
                                -99.318119991654996,
                                19.55716301891356
                            ],
                            [
                                -99.318047308721773,
                                19.558728809691889
                            ],
                            [
                                -99.317774884528163,
                                19.559603602899816
                            ],
                            [
                                -99.317698814176723,
                                19.559847873995089
                            ],
                            [
                                -99.31767624317888,
                                19.560798452858695
                            ],
                            [
                                -99.316506419919037,
                                19.561783045028026
                            ],
                            [
                                -99.3166138408005,
                                19.561994070598992
                            ],
                            [
                                -99.316947714141648,
                                19.562373592351975
                            ],
                            [
                                -99.317327484627413,
                                19.562648303943927
                            ],
                            [
                                -99.317355184361304,
                                19.562668340814213
                            ],
                            [
                                -99.317405914364045,
                                19.562705037065932
                            ],
                            [
                                -99.317618880903581,
                                19.562859089027501
                            ],
                            [
                                -99.3179858545343,
                                19.563483399899717
                            ],
                            [
                                -99.318708337055483,
                                19.563471165751324
                            ],
                            [
                                -99.322548841398614,
                                19.557292554762949
                            ],
                            [
                                -99.324566926560081,
                                19.556803995548258
                            ],
                            [
                                -99.328100030522464,
                                19.559387065790066
                            ],
                            [
                                -99.328360034138399,
                                19.559175308187001
                            ],
                            [
                                -99.328620037074003,
                                19.558963550214497
                            ],
                            [
                                -99.330551061192907,
                                19.559674502436437
                            ],
                            [
                                -99.331934616693673,
                                19.559539550329873
                            ],
                            [
                                -99.332981777015476,
                                19.560140649837475
                            ],
                            [
                                -99.333785778049517,
                                19.563073194834963
                            ],
                            [
                                -99.333086173899758,
                                19.56785964043506
                            ],
                            [
                                -99.331714633574038,
                                19.5698504366494
                            ],
                            [
                                -99.331238271939341,
                                19.571172298938283
                            ],
                            [
                                -99.331746661514288,
                                19.57266126570218
                            ],
                            [
                                -99.331863387684123,
                                19.573738424354662
                            ],
                            [
                                -99.332053224792915,
                                19.57434762283642
                            ],
                            [
                                -99.331955144289566,
                                19.575342936215595
                            ],
                            [
                                -99.331814053736224,
                                19.57568429661529
                            ],
                            [
                                -99.331560240310068,
                                19.576298379611281
                            ],
                            [
                                -99.331501446610787,
                                19.577247910820159
                            ],
                            [
                                -99.332050514936526,
                                19.579815928020203
                            ],
                            [
                                -99.332599601301325,
                                19.582383942564835
                            ],
                            [
                                -99.32927818513889,
                                19.58662216766319
                            ],
                            [
                                -99.327993441648943,
                                19.587557045569252
                            ],
                            [
                                -99.325572303268217,
                                19.588060211058206
                            ],
                            [
                                -99.319676423421427,
                                19.588589882851757
                            ],
                            [
                                -99.315028450036692,
                                19.590463999989002
                            ],
                            [
                                -99.313894785174369,
                                19.594062887236163
                            ],
                            [
                                -99.311396032044243,
                                19.593551288474774
                            ],
                            [
                                -99.310142499602733,
                                19.593231555546065
                            ],
                            [
                                -99.309621245205932,
                                19.592989242847331
                            ]
                        ]
                    ]
                ]
            }
        }
    ]
}